No.	PosX	PosY	PosZ	FrontX	FrontY	FrontZ	LeftX	LeftY	LeftZ	UpX	UpY	UpZ
1	0.000000	28.900000	0.000000	0.000000	0.000000	1.000000	1.000000	0.000000	0.000000	0.000000	1.000000	0.000000
2	0.000000	28.900000	0.250000	0.000000	0.000000	1.000000	1.000000	0.000000	0.000000	0.000000	1.000000	0.000000
3	0.000000	28.900000	0.500000	0.000000	0.000000	1.000000	1.000000	0.000000	0.000000	0.000000	1.000000	0.000000
4	0.000000	28.900000	0.750000	0.000000	0.000000	1.000000	1.000000	0.000000	0.000000	0.000000	1.000000	0.000000
5	0.000000	28.900000	1.000000	0.000000	0.000000	1.000000	1.000000	0.000000	0.000000	0.000000	1.000000	0.000000
6	0.000000	28.900000	1.250000	0.000000	0.000000	1.000000	1.000000	0.000000	0.000000	0.000000	1.000000	0.000000
7	0.000000	28.900000	1.500000	0.000000	0.000000	1.000000	1.000000	0.000000	0.000000	0.000000	1.000000	0.000000
8	0.000000	28.900000	1.750000	0.000000	0.000000	1.000000	1.000000	0.000000	0.000000	0.000000	1.000000	0.000000
9	0.000000	28.900000	2.000000	0.000000	0.000000	1.000000	1.000000	0.000000	0.000000	0.000000	1.000000	0.000000
10	0.000000	28.900000	2.250000	0.000000	0.000000	1.000000	1.000000	0.000000	0.000000	0.000000	1.000000	0.000000
11	0.000000	28.900000	2.500000	0.000000	0.000000	1.000000	1.000000	0.000000	0.000000	0.000000	1.000000	0.000000
12	0.000000	28.900000	2.750000	0.000000	0.000000	1.000000	1.000000	0.000000	0.000000	0.000000	1.000000	0.000000
13	0.000000	28.900000	3.000000	0.000000	0.000000	1.000000	1.000000	0.000000	0.000000	0.000000	1.000000	0.000000
14	0.000000	28.900000	3.250000	0.000000	0.000000	1.000000	1.000000	0.000000	0.000000	0.000000	1.000000	0.000000
15	0.000000	28.900000	3.500000	0.000000	0.000000	1.000000	1.000000	0.000000	0.000000	0.000000	1.000000	0.000000
16	0.000000	28.900000	3.750000	0.000000	0.000000	1.000000	1.000000	0.000000	0.000000	0.000000	1.000000	0.000000
17	0.000000	28.900000	4.000000	0.000000	0.000000	1.000000	1.000000	0.000000	0.000000	0.000000	1.000000	0.000000
18	0.000000	28.900000	4.250000	0.000000	0.000000	1.000000	1.000000	0.000000	0.000000	0.000000	1.000000	0.000000
19	0.000000	28.900000	4.500000	0.000000	0.000000	1.000000	1.000000	0.000000	0.000000	0.000000	1.000000	0.000000
20	0.000000	28.900000	4.750000	0.000000	0.000000	1.000000	1.000000	0.000000	0.000000	0.000000	1.000000	0.000000
21	0.000000	28.900000	5.000000	0.000000	0.000000	1.000000	1.000000	0.000000	0.000000	0.000000	1.000000	0.000000
22	0.000000	28.900000	5.250000	0.000000	0.000000	1.000000	1.000000	0.000000	0.000000	0.000000	1.000000	0.000000
23	0.000000	28.900000	5.500000	0.000000	0.000000	1.000000	1.000000	0.000000	0.000000	0.000000	1.000000	0.000000
24	0.000000	28.900000	5.750000	0.000000	0.000000	1.000000	1.000000	0.000000	0.000000	0.000000	1.000000	0.000000
25	0.000000	28.900000	6.000000	0.000000	0.000000	1.000000	1.000000	0.000000	0.000000	0.000000	1.000000	0.000000
26	0.000000	28.900000	6.250000	0.000000	0.000000	1.000000	1.000000	0.000000	0.000000	0.000000	1.000000	0.000000
27	0.000000	28.900000	6.500000	0.000000	0.000000	1.000000	1.000000	0.000000	0.000000	0.000000	1.000000	0.000000
28	0.000000	28.900000	6.750000	0.000000	0.000000	1.000000	1.000000	0.000000	0.000000	0.000000	1.000000	0.000000
29	0.000000	28.900000	7.000000	0.000000	0.000000	1.000000	1.000000	0.000000	0.000000	0.000000	1.000000	0.000000
30	0.000000	28.900000	7.250000	0.000000	0.000000	1.000000	1.000000	0.000000	0.000000	0.000000	1.000000	0.000000
31	0.000000	28.900000	7.500000	0.000000	0.000000	1.000000	1.000000	0.000000	0.000000	0.000000	1.000000	0.000000
32	0.000000	28.900000	7.750000	0.000000	0.000000	1.000000	1.000000	0.000000	0.000000	0.000000	1.000000	0.000000
33	0.000000	28.900000	8.000000	0.000000	0.000000	1.000000	1.000000	0.000000	0.000000	0.000000	1.000000	0.000000
34	0.000000	28.900000	8.250000	0.000000	0.000000	1.000000	1.000000	0.000000	0.000000	0.000000	1.000000	0.000000
35	0.000000	28.900000	8.500000	0.000000	0.000000	1.000000	1.000000	0.000000	0.000000	0.000000	1.000000	0.000000
36	0.000000	28.900000	8.750000	0.000000	0.000000	1.000000	1.000000	0.000000	0.000000	0.000000	1.000000	0.000000
37	0.000000	28.900000	9.000000	0.000000	0.000000	1.000000	1.000000	0.000000	0.000000	0.000000	1.000000	0.000000
38	0.000000	28.900000	9.250000	0.000000	0.000000	1.000000	1.000000	0.000000	0.000000	0.000000	1.000000	0.000000
39	0.000000	28.900000	9.500000	0.000000	0.000000	1.000000	1.000000	0.000000	0.000000	0.000000	1.000000	0.000000
40	0.000000	28.900000	9.750000	0.000000	0.000000	1.000000	1.000000	0.000000	0.000000	0.000000	1.000000	0.000000
41	0.000000	28.900000	10.000000	0.000000	0.000000	1.000000	1.000000	0.000000	0.000000	0.000000	1.000000	0.000000
42	0.000000	28.900000	10.250000	0.000000	0.000000	1.000000	1.000000	0.000000	0.000000	0.000000	1.000000	0.000000
43	0.000000	28.900000	10.500000	0.000000	0.000000	1.000000	1.000000	0.000000	0.000000	0.000000	1.000000	0.000000
44	0.000000	28.900000	10.750000	0.000000	0.000000	1.000000	1.000000	0.000000	0.000000	0.000000	1.000000	0.000000
45	0.000000	28.900000	11.000000	0.000000	0.000000	1.000000	1.000000	0.000000	0.000000	0.000000	1.000000	0.000000
46	0.000000	28.900000	11.250000	0.000000	0.000000	1.000000	1.000000	0.000000	0.000000	0.000000	1.000000	0.000000
47	0.000000	28.900000	11.500000	0.000000	0.000000	1.000000	1.000000	0.000000	0.000000	0.000000	1.000000	0.000000
48	0.000000	28.900000	11.750000	0.000000	0.000000	1.000000	1.000000	0.000000	0.000000	0.000000	1.000000	0.000000
49	0.000000	28.900000	12.000000	0.000000	0.000000	1.000000	1.000000	0.000000	0.000000	0.000000	1.000000	0.000000
50	0.000000	28.900000	12.250000	0.000000	0.000000	1.000000	1.000000	0.000000	0.000000	0.000000	1.000000	0.000000
51	0.000000	28.900000	12.500000	0.000000	0.000000	1.000000	1.000000	0.000000	0.000000	0.000000	1.000000	0.000000
52	0.000000	28.900000	12.750000	0.000000	0.000000	1.000000	1.000000	0.000000	0.000000	0.000000	1.000000	0.000000
53	0.000000	28.900000	13.000000	0.000000	0.000000	1.000000	1.000000	0.000000	0.000000	0.000000	1.000000	0.000000
54	0.000000	28.900000	13.250000	0.000000	0.000000	1.000000	1.000000	0.000000	0.000000	0.000000	1.000000	0.000000
55	0.000000	28.900000	13.500000	0.000000	0.000000	1.000000	1.000000	0.000000	0.000000	0.000000	1.000000	0.000000
56	0.000000	28.900000	13.750000	0.000000	0.000000	1.000000	1.000000	0.000000	0.000000	0.000000	1.000000	0.000000
57	0.000000	28.900000	14.000000	0.000000	0.000000	1.000000	1.000000	0.000000	0.000000	0.000000	1.000000	0.000000
58	0.000000	28.900000	14.250000	0.000000	0.000000	1.000000	1.000000	0.000000	0.000000	0.000000	1.000000	0.000000
59	0.000000	28.900000	14.500000	0.000000	0.000000	1.000000	1.000000	0.000000	0.000000	0.000000	1.000000	0.000000
60	0.000000	28.900000	14.750000	0.000000	0.000000	1.000000	1.000000	0.000000	0.000000	0.000000	1.000000	0.000000
61	0.000000	28.900000	15.000000	0.000000	0.000000	1.000000	1.000000	0.000000	0.000000	0.000000	1.000000	0.000000
62	0.000000	28.900000	15.250000	0.000000	0.000000	1.000000	1.000000	0.000000	0.000000	0.000000	1.000000	0.000000
63	0.000000	28.900000	15.500000	0.000000	0.000000	1.000000	1.000000	0.000000	0.000000	0.000000	1.000000	0.000000
64	0.000000	28.900000	15.750000	0.000000	0.000000	1.000000	1.000000	0.000000	0.000000	0.000000	1.000000	0.000000
65	0.000000	28.900000	16.000000	0.000000	0.000000	1.000000	1.000000	0.000000	0.000000	0.000000	1.000000	0.000000
66	0.000000	28.900000	16.250000	0.000000	0.000000	1.000000	1.000000	0.000000	0.000000	0.000000	1.000000	0.000000
67	0.000000	28.900000	16.500000	0.000000	0.000000	1.000000	1.000000	0.000000	0.000000	0.000000	1.000000	0.000000
68	0.000000	28.900000	16.750000	0.000000	0.000000	1.000000	1.000000	0.000000	0.000000	0.000000	1.000000	0.000000
69	0.000000	28.900000	17.000000	0.000000	0.000000	1.000000	1.000000	0.000000	0.000000	0.000000	1.000000	0.000000
70	0.000000	28.900000	17.250000	0.000000	0.000000	1.000000	1.000000	0.000000	0.000000	0.000000	1.000000	0.000000
71	0.000000	28.900000	17.500000	0.000000	0.000000	1.000000	1.000000	0.000000	0.000000	0.000000	1.000000	0.000000
72	0.000000	28.900000	17.750000	0.000000	0.000000	1.000000	1.000000	0.000000	0.000000	0.000000	1.000000	0.000000
73	0.000000	28.900000	18.000000	0.000000	0.000000	1.000000	1.000000	0.000000	0.000000	0.000000	1.000000	0.000000
74	0.000000	28.900000	18.250000	0.000000	0.000000	1.000000	1.000000	0.000000	0.000000	0.000000	1.000000	0.000000
75	0.000000	28.900000	18.500000	0.000000	0.000000	1.000000	1.000000	0.000000	0.000000	0.000000	1.000000	0.000000
76	0.000000	28.900000	18.750000	0.000000	0.000000	1.000000	1.000000	0.000000	0.000000	0.000000	1.000000	0.000000
77	0.000000	28.900000	19.000000	0.000000	0.000000	1.000000	1.000000	0.000000	0.000000	0.000000	1.000000	0.000000
78	0.000000	28.900000	19.250000	0.000000	0.000000	1.000000	1.000000	0.000000	0.000000	0.000000	1.000000	0.000000
79	0.000000	28.900000	19.500000	0.000000	0.000000	1.000000	1.000000	0.000000	0.000000	0.000000	1.000000	0.000000
80	0.000000	28.900000	19.750000	0.000000	0.000000	1.000000	1.000000	0.000000	0.000000	0.000000	1.000000	0.000000
81	0.000000	28.900000	20.000000	0.000000	0.000000	1.000000	1.000000	0.000000	0.000000	0.000000	1.000000	0.000000
82	0.000159	28.900000	20.248544	0.000289	0.000000	1.000000	1.000000	0.000145	-0.000289	-0.000145	1.000000	0.000000
83	0.000707	28.900000	20.497087	0.001156	0.000000	0.999999	0.999999	0.000578	-0.001156	-0.000578	1.000000	0.000001
84	0.001788	28.900001	20.745627	0.002598	0.000000	0.999997	0.999996	0.001299	-0.002598	-0.001299	0.999999	0.000003
85	0.003541	28.900003	20.994162	0.004611	0.000000	0.999989	0.999987	0.002306	-0.004611	-0.002306	0.999997	0.000011
86	0.006106	28.900007	21.242687	0.007192	0.000000	0.999974	0.999968	0.003596	-0.007192	-0.003596	0.999994	0.000026
87	0.009621	28.900015	21.491194	0.010333	0.000000	0.999947	0.999933	0.005166	-0.010333	-0.005166	0.999987	0.000053
88	0.014220	28.900027	21.739675	0.014026	0.000000	0.999902	0.999877	0.007013	-0.014026	-0.007013	0.999975	0.000098
89	0.020036	28.900046	21.988119	0.018263	0.000000	0.999833	0.999792	0.009132	-0.018262	-0.009130	0.999958	0.000167
90	0.027197	28.900073	22.236512	0.023032	0.000000	0.999735	0.999668	0.011517	-0.023030	-0.011514	0.999934	0.000265
91	0.035828	28.900110	22.484841	0.028322	0.000000	0.999599	0.999499	0.014162	-0.028319	-0.014157	0.999900	0.000401
92	0.046052	28.900160	22.733086	0.034119	0.000000	0.999418	0.999272	0.017062	-0.034114	-0.017052	0.999854	0.000582
93	0.057986	28.900225	22.981227	0.040408	0.000000	0.999183	0.998979	0.020208	-0.040400	-0.020192	0.999796	0.000817
94	0.071742	28.900306	23.229242	0.047174	0.000000	0.998887	0.998609	0.023593	-0.047160	-0.023567	0.999722	0.001113
95	0.087429	28.900407	23.477105	0.054398	0.000000	0.998519	0.998150	0.027209	-0.054378	-0.027169	0.999630	0.001480
96	0.105148	28.900530	23.724789	0.062062	0.000000	0.998072	0.997591	0.031046	-0.062032	-0.030986	0.999518	0.001927
97	0.124998	28.900678	23.972265	0.070147	0.000000	0.997537	0.996922	0.035095	-0.070104	-0.035009	0.999384	0.002462
98	0.147069	28.900852	24.219501	0.078630	0.000000	0.996904	0.996132	0.039346	-0.078569	-0.039224	0.999226	0.003094
99	0.171447	28.901055	24.466465	0.087490	0.000000	0.996165	0.995210	0.043787	-0.087406	-0.043619	0.999041	0.003831
100	0.198211	28.901290	24.713120	0.096703	0.000000	0.995313	0.994146	0.048408	-0.096590	-0.048182	0.998828	0.004681
101	0.227433	28.901558	24.959431	0.106245	0.000000	0.994340	0.992932	0.053198	-0.106095	-0.052897	0.998584	0.005652
102	0.259178	28.901861	25.205360	0.116090	0.000000	0.993239	0.991558	0.058144	-0.115894	-0.057750	0.998308	0.006750
103	0.293506	28.902201	25.450870	0.126213	0.000000	0.992003	0.990018	0.063233	-0.125960	-0.062727	0.997999	0.007981
104	0.330468	28.902580	25.695920	0.136585	0.000000	0.990628	0.988305	0.068453	-0.136264	-0.067811	0.997654	0.009350
105	0.370109	28.902999	25.940473	0.147179	0.000000	0.989110	0.986413	0.073791	-0.146778	-0.072987	0.997274	0.010860
106	0.412465	28.903458	26.184488	0.157967	0.000000	0.987444	0.984340	0.079233	-0.157471	-0.078238	0.996856	0.012516
107	0.457567	28.903959	26.427929	0.168920	0.000000	0.985630	0.982082	0.084765	-0.168312	-0.083547	0.996401	0.014319
108	0.505437	28.904501	26.670756	0.180009	0.000000	0.983665	0.979640	0.090374	-0.179272	-0.088898	0.995908	0.016268
109	0.556090	28.905085	26.912935	0.191203	0.000000	0.981551	0.977013	0.096046	-0.190319	-0.094274	0.995377	0.018364
110	0.609535	28.905711	27.154428	0.202473	0.000000	0.979288	0.974204	0.101765	-0.201422	-0.099657	0.994808	0.020605
111	0.665771	28.906377	27.395204	0.213789	0.000000	0.976880	0.971217	0.107518	-0.212550	-0.105032	0.994203	0.022986
112	0.724792	28.907082	27.635232	0.225122	0.000000	0.974331	0.968058	0.113290	-0.223672	-0.110382	0.993562	0.025504
113	0.786584	28.907825	27.874483	0.236441	0.000000	0.971646	0.964734	0.119067	-0.234759	-0.115691	0.992886	0.028152
114	0.851134	28.908605	28.112928	0.247728	0.000000	0.968830	0.961250	0.124840	-0.245789	-0.120949	0.992177	0.030926
115	0.918429	28.909423	28.350535	0.258981	0.000000	0.965882	0.957609	0.130609	-0.256762	-0.126153	0.991434	0.033825
116	0.988460	28.910277	28.587274	0.270199	0.000000	0.962804	0.953809	0.136374	-0.267675	-0.131301	0.990657	0.036848
117	1.061215	28.911168	28.823113	0.281381	0.000000	0.959596	0.949854	0.142134	-0.278524	-0.136391	0.989847	0.039994
118	1.136682	28.912096	29.058021	0.292525	0.000000	0.956258	0.945743	0.147889	-0.289308	-0.141420	0.989004	0.043261
119	1.214850	28.913060	29.291966	0.303629	0.000000	0.952790	0.941478	0.153639	-0.300024	-0.146385	0.988127	0.046649
120	1.295705	28.914062	29.524918	0.314692	0.000000	0.949194	0.937060	0.159383	-0.310669	-0.151286	0.987217	0.050157
121	1.379236	28.915100	29.756845	0.325712	0.000000	0.945469	0.932490	0.165123	-0.321241	-0.156118	0.986273	0.053783
122	1.465429	28.916175	29.987718	0.336689	0.000000	0.941616	0.927770	0.170857	-0.331738	-0.160881	0.985296	0.057525
123	1.554270	28.917286	30.217507	0.347619	0.000000	0.937636	0.922901	0.176585	-0.342157	-0.165572	0.984285	0.061384
124	1.645747	28.918434	30.446179	0.358503	0.000000	0.933528	0.917884	0.182307	-0.352495	-0.170189	0.983242	0.065358
125	1.739845	28.919619	30.673707	0.369338	0.000000	0.929295	0.912721	0.188023	-0.362751	-0.174729	0.982165	0.069444
126	1.836549	28.920840	30.900059	0.380124	0.000000	0.924936	0.907412	0.193732	-0.372922	-0.179190	0.981054	0.073642
127	1.935845	28.922098	31.125207	0.390858	0.000000	0.920451	0.901960	0.199435	-0.383006	-0.183570	0.979911	0.077951
128	2.037718	28.923392	31.349120	0.401539	0.000000	0.915842	0.896366	0.205131	-0.393000	-0.187868	0.978734	0.082368
129	2.142152	28.924723	31.571770	0.412165	0.000000	0.911109	0.890632	0.210821	-0.402902	-0.192081	0.977525	0.086893
130	2.249131	28.926090	31.793126	0.422736	0.000000	0.906253	0.884758	0.216503	-0.412709	-0.196206	0.976282	0.091524
131	2.358640	28.927493	32.013162	0.433250	0.000000	0.901274	0.878748	0.222178	-0.422421	-0.200243	0.975006	0.096258
132	2.470661	28.928933	32.231846	0.443705	0.000000	0.896173	0.872601	0.227845	-0.432034	-0.204189	0.973697	0.101096
133	2.585179	28.930409	32.449152	0.454099	0.000000	0.890951	0.866321	0.233505	-0.441546	-0.208041	0.972356	0.106034
134	2.702176	28.931921	32.665051	0.464433	0.000000	0.885608	0.859909	0.239157	-0.450956	-0.211799	0.970981	0.111072
135	2.821635	28.933469	32.879514	0.474704	0.000000	0.880146	0.853366	0.244800	-0.460260	-0.215460	0.969574	0.116208
136	2.943538	28.935053	33.092515	0.484910	0.000000	0.874564	0.846695	0.250436	-0.469457	-0.219022	0.968133	0.121439
137	3.067867	28.936674	33.304025	0.495051	0.000000	0.868864	0.839896	0.256062	-0.478546	-0.222483	0.966660	0.126764
138	3.194604	28.938330	33.514016	0.505125	0.000000	0.863046	0.832973	0.261681	-0.487523	-0.225843	0.965155	0.132181
139	3.323729	28.940022	33.722462	0.515130	0.000000	0.857112	0.825927	0.267290	-0.496388	-0.229098	0.963616	0.137689
140	3.455226	28.941750	33.929336	0.525066	0.000000	0.851062	0.818760	0.272890	-0.505137	-0.232247	0.962045	0.143285
141	3.589073	28.943514	34.134611	0.534930	0.000000	0.844896	0.811473	0.278481	-0.513769	-0.235288	0.960442	0.148968
142	3.725252	28.945314	34.338261	0.544723	0.000000	0.838616	0.804070	0.284063	-0.522283	-0.238220	0.958806	0.154736
143	3.863742	28.947149	34.540258	0.554441	0.000000	0.832223	0.796551	0.289635	-0.530676	-0.241041	0.957137	0.160586
144	4.004525	28.949020	34.740578	0.564085	0.000000	0.825717	0.788920	0.295197	-0.538947	-0.243750	0.955436	0.166516
145	4.147578	28.950927	34.939195	0.573652	0.000000	0.819099	0.781177	0.300750	-0.547094	-0.246344	0.953703	0.172526
146	4.292882	28.952869	35.136083	0.583141	0.000000	0.812371	0.773326	0.306292	-0.555114	-0.248822	0.951938	0.178611
147	4.440416	28.954846	35.331216	0.592552	0.000000	0.805532	0.765368	0.311824	-0.563007	-0.251184	0.950140	0.184772
148	4.590158	28.956859	35.524570	0.601883	0.000000	0.798585	0.757306	0.317345	-0.570771	-0.253427	0.948310	0.191004
149	4.742087	28.958907	35.716120	0.611132	0.000000	0.791529	0.749141	0.322855	-0.578404	-0.255549	0.946448	0.197307
150	4.896181	28.960990	35.905842	0.620298	0.000000	0.784366	0.740877	0.328355	-0.585905	-0.257550	0.944554	0.203678
151	5.052418	28.963108	36.093711	0.629380	0.000000	0.777098	0.732514	0.333843	-0.593272	-0.259429	0.942629	0.210114
152	5.210776	28.965262	36.279704	0.638377	0.000000	0.769724	0.724057	0.339320	-0.600503	-0.261183	0.940671	0.216614
153	5.371233	28.967451	36.463796	0.647288	0.000000	0.762245	0.715505	0.344786	-0.607597	-0.262811	0.938681	0.223176
154	5.533764	28.969674	36.645965	0.656111	0.000000	0.754664	0.706864	0.350240	-0.614553	-0.264313	0.936660	0.229796
155	5.698348	28.971932	36.826187	0.664846	0.000000	0.746981	0.698133	0.355682	-0.621370	-0.265688	0.934607	0.236474
156	5.864961	28.974225	37.004439	0.673490	0.000000	0.739196	0.689317	0.361112	-0.628045	-0.266933	0.932522	0.243206
157	6.033579	28.976553	37.180699	0.682044	0.000000	0.731311	0.680417	0.366530	-0.634578	-0.268048	0.930406	0.249989
158	6.204179	28.978916	37.354945	0.690505	0.000000	0.723328	0.671435	0.371936	-0.640967	-0.269031	0.928259	0.256823
159	6.376736	28.981313	37.527154	0.698872	0.000000	0.715247	0.662375	0.377328	-0.647211	-0.269883	0.926080	0.263704
160	6.551227	28.983744	37.697306	0.707145	0.000000	0.707068	0.653239	0.382709	-0.653310	-0.270601	0.923869	0.270631
161	6.727626	28.986210	37.865377	0.715323	0.000000	0.698794	0.644028	0.388076	-0.659261	-0.271185	0.921627	0.277599
162	6.905908	28.988710	38.031348	0.723403	0.000000	0.690426	0.634746	0.393430	-0.665064	-0.271634	0.919355	0.284608
163	7.086050	28.991244	38.195198	0.731386	0.000000	0.681964	0.625396	0.398771	-0.670718	-0.271947	0.917051	0.291655
164	7.268025	28.993813	38.356906	0.739269	0.000000	0.673410	0.615979	0.404098	-0.676221	-0.272123	0.914716	0.298737
165	7.451809	28.996415	38.516451	0.747053	0.000000	0.664765	0.606498	0.409411	-0.681574	-0.272162	0.912350	0.305852
166	7.637374	28.999052	38.673815	0.754735	0.000000	0.656029	0.596956	0.414711	-0.686774	-0.272063	0.909953	0.312997
167	7.824697	29.001722	38.828976	0.762316	0.000000	0.647205	0.587355	0.419997	-0.691821	-0.271824	0.907526	0.320170
168	8.013750	29.004426	38.981917	0.769793	0.000000	0.638294	0.577699	0.425268	-0.696714	-0.271446	0.905067	0.327369
169	8.204507	29.007164	39.132618	0.777166	0.000000	0.629296	0.567989	0.430525	-0.701453	-0.270928	0.902578	0.334590
170	8.396941	29.009935	39.281059	0.784434	0.000000	0.620213	0.558228	0.435768	-0.706037	-0.270269	0.900059	0.341831
171	8.591027	29.012740	39.427224	0.791595	0.000000	0.611046	0.548419	0.440996	-0.710464	-0.269468	0.897509	0.349090
172	8.786737	29.015578	39.571094	0.798650	0.000000	0.601796	0.538564	0.446209	-0.714735	-0.268526	0.894929	0.356365
173	8.984044	29.018450	39.712651	0.805597	0.000000	0.592465	0.528667	0.451406	-0.718849	-0.267442	0.892318	0.363651
174	9.182921	29.021354	39.851878	0.812434	0.000000	0.583053	0.518729	0.456589	-0.722805	-0.266216	0.889678	0.370948
175	9.383339	29.024292	39.988757	0.819162	0.000000	0.573563	0.508754	0.461756	-0.726602	-0.264846	0.887007	0.378253
176	9.585273	29.027263	40.123272	0.825778	0.000000	0.563995	0.498744	0.466907	-0.730241	-0.263333	0.884306	0.385562
177	9.788693	29.030267	40.255407	0.832283	0.000000	0.554351	0.488702	0.472043	-0.733720	-0.261677	0.881575	0.392874
178	9.993573	29.033304	40.385145	0.838675	0.000000	0.544631	0.478630	0.477163	-0.737041	-0.259878	0.878815	0.400185
179	10.199883	29.036373	40.512471	0.844954	0.000000	0.534838	0.468532	0.482266	-0.740201	-0.257935	0.876025	0.407493
180	10.407595	29.039475	40.637369	0.851119	0.000000	0.524973	0.458409	0.487353	-0.743201	-0.255847	0.873205	0.414796
181	10.616681	29.042609	40.759823	0.857168	0.000000	0.515037	0.448265	0.492424	-0.746041	-0.253617	0.870355	0.422090
182	10.827113	29.045776	40.879820	0.863101	0.000000	0.505031	0.438102	0.497478	-0.748720	-0.251242	0.867476	0.429374
183	11.038861	29.048975	40.997345	0.868918	0.000000	0.494956	0.427923	0.502516	-0.751239	-0.248723	0.864568	0.436645
184	11.251896	29.052206	41.112383	0.874617	0.000000	0.484815	0.417731	0.507536	-0.753597	-0.246061	0.861631	0.443899
185	11.466190	29.055470	41.224921	0.880197	0.000000	0.474608	0.407529	0.512539	-0.755794	-0.243255	0.858664	0.451135
186	11.681713	29.058765	41.334946	0.885659	0.000000	0.464337	0.397318	0.517525	-0.757830	-0.240306	0.855668	0.458350
187	11.898437	29.062092	41.442443	0.891000	0.000000	0.454003	0.387102	0.522493	-0.759706	-0.237213	0.852644	0.465541
188	12.116330	29.065451	41.547402	0.896221	0.000000	0.443607	0.376884	0.527443	-0.761421	-0.233978	0.849590	0.472706
189	12.335364	29.068841	41.649808	0.901321	0.000000	0.433152	0.366666	0.532376	-0.762976	-0.230600	0.846508	0.479842
190	12.555510	29.072263	41.749651	0.906299	0.000000	0.422637	0.356451	0.537291	-0.764370	-0.227079	0.843397	0.486946
191	12.776736	29.075717	41.846917	0.911154	0.000000	0.412066	0.346242	0.542187	-0.765604	-0.223417	0.840258	0.494016
192	12.999014	29.079201	41.941597	0.915886	0.000000	0.401439	0.336041	0.547065	-0.766679	-0.219613	0.837090	0.501049
193	13.222312	29.082717	42.033679	0.920494	0.000000	0.390758	0.325850	0.551925	-0.767594	-0.215669	0.833894	0.508043
194	13.446602	29.086264	42.123152	0.924977	0.000000	0.380023	0.315674	0.556766	-0.768350	-0.211584	0.830669	0.514996
195	13.671852	29.089841	42.210005	0.929335	0.000000	0.369237	0.305513	0.561588	-0.768948	-0.207359	0.827417	0.521904
196	13.898032	29.093450	42.294230	0.933567	0.000000	0.358402	0.295372	0.566391	-0.769387	-0.202996	0.824136	0.528764
197	14.125112	29.097089	42.375816	0.937673	0.000000	0.347518	0.285252	0.571175	-0.769669	-0.198493	0.820828	0.535576
198	14.353061	29.100759	42.454754	0.941653	0.000000	0.336586	0.275157	0.575940	-0.769793	-0.193854	0.817492	0.542335
199	14.581849	29.104459	42.531035	0.945504	0.000000	0.325610	0.265088	0.580685	-0.769762	-0.189077	0.814128	0.549040
200	14.811443	29.108189	42.604650	0.949228	0.000000	0.314589	0.255049	0.585411	-0.769574	-0.184164	0.810737	0.555688
201	15.041815	29.111950	42.675592	0.952823	0.000000	0.303525	0.245041	0.590116	-0.769232	-0.179115	0.807318	0.562277
202	15.272932	29.115741	42.743852	0.956290	0.000000	0.292421	0.235069	0.594802	-0.768735	-0.173933	0.803872	0.568803
203	15.504764	29.119561	42.809423	0.959627	0.000000	0.281277	0.225134	0.599468	-0.768084	-0.168616	0.800399	0.575265
204	15.737280	29.123412	42.872298	0.962834	0.000000	0.270095	0.215238	0.604113	-0.767281	-0.163168	0.796899	0.581661
205	15.970448	29.127292	42.932470	0.965911	0.000000	0.258876	0.205385	0.608738	-0.766326	-0.157588	0.793371	0.587987
206	16.204238	29.131201	42.989932	0.968857	0.000000	0.247622	0.195576	0.613342	-0.765220	-0.151877	0.789817	0.594241
207	16.438617	29.135140	43.044679	0.971672	0.000000	0.236335	0.185815	0.617926	-0.763963	-0.146038	0.786236	0.600421
208	16.673556	29.139108	43.096704	0.974355	0.000000	0.225016	0.176104	0.622489	-0.762558	-0.140070	0.782629	0.606525
209	16.909032	29.143100	43.146013	0.976903	0.000000	0.213683	0.166459	0.627023	-0.761008	-0.133984	0.779000	0.612541
210	17.145030	29.147104	43.192619	0.979310	0.000000	0.202367	0.156907	0.631519	-0.759318	-0.127799	0.775360	0.618453
211	17.381537	29.151111	43.236545	0.981571	0.000000	0.191096	0.147472	0.635965	-0.757496	-0.121531	0.771718	0.624245
212	17.618537	29.155109	43.277817	0.983685	0.000000	0.179902	0.138179	0.640351	-0.755551	-0.115200	0.768083	0.629903
213	17.856016	29.159089	43.316469	0.985648	0.000000	0.168813	0.129052	0.644665	-0.753493	-0.108828	0.764465	0.635413
214	18.093960	29.163038	43.352542	0.987461	0.000000	0.157860	0.120112	0.648899	-0.751334	-0.102435	0.760875	0.640763
215	18.332358	29.166946	43.386081	0.989126	0.000000	0.147072	0.111381	0.653042	-0.749086	-0.096044	0.757322	0.645941
216	18.571195	29.170802	43.417139	0.990643	0.000000	0.136477	0.102879	0.657086	-0.746763	-0.089677	0.753816	0.650937
217	18.810462	29.174595	43.445773	0.992017	0.000000	0.126105	0.094625	0.661020	-0.744378	-0.083358	0.750368	0.655743
218	19.050148	29.178313	43.472048	0.993251	0.000000	0.115982	0.086637	0.664837	-0.741947	-0.077109	0.746988	0.660351
219	19.290246	29.181946	43.496031	0.994352	0.000000	0.106137	0.078933	0.668529	-0.739485	-0.070956	0.743686	0.664753
220	19.530746	29.185482	43.517800	0.995324	0.000000	0.096595	0.071526	0.672088	-0.737009	-0.064920	0.740471	0.668945
221	19.771645	29.188911	43.537433	0.996175	0.000000	0.087382	0.064431	0.675507	-0.734534	-0.059027	0.737354	0.672923
222	20.012937	29.192222	43.555016	0.996912	0.000000	0.078522	0.057662	0.678778	-0.732076	-0.053299	0.734344	0.676682
223	20.254619	29.195405	43.570639	0.997544	0.000000	0.070038	0.051230	0.681895	-0.729654	-0.047759	0.731450	0.680220
224	20.496690	29.198450	43.584399	0.998079	0.000000	0.061954	0.045145	0.684853	-0.727282	-0.042429	0.728682	0.683537
225	20.739149	29.201348	43.596394	0.998525	0.000000	0.054289	0.039417	0.687645	-0.724977	-0.037332	0.726047	0.686631
226	20.981998	29.204089	43.606730	0.998892	0.000000	0.047065	0.034054	0.690266	-0.722754	-0.032487	0.723555	0.689501
227	21.225237	29.206665	43.615514	0.999188	0.000000	0.040299	0.029065	0.692712	-0.720628	-0.027916	0.721214	0.692150
228	21.468872	29.209066	43.622861	0.999421	0.000000	0.034010	0.024454	0.694978	-0.718615	-0.023636	0.719031	0.694576
229	21.712905	29.211287	43.628887	0.999602	0.000000	0.028213	0.020229	0.697061	-0.716727	-0.019666	0.717012	0.696783
230	21.957341	29.213318	43.633712	0.999737	0.000000	0.022923	0.016394	0.698955	-0.714978	-0.016022	0.715165	0.698772
231	22.202187	29.215154	43.637460	0.999835	0.000000	0.018154	0.012953	0.700659	-0.713379	-0.012720	0.713496	0.700544
232	22.447447	29.216789	43.640259	0.999903	0.000000	0.013917	0.009909	0.702169	-0.711941	-0.009772	0.712010	0.702101
233	22.693129	29.218216	43.642238	0.999948	0.000000	0.010224	0.007266	0.703483	-0.710675	-0.007192	0.710712	0.703446
234	22.939238	29.219433	43.643531	0.999975	0.000000	0.007083	0.005026	0.704598	-0.709589	-0.004991	0.709607	0.704580
235	23.185780	29.220433	43.644274	0.999990	0.000000	0.004503	0.003191	0.705513	-0.708690	-0.003177	0.708697	0.705506
236	23.432760	29.221215	43.644603	0.999997	0.000000	0.002489	0.001762	0.706226	-0.707984	-0.001758	0.707986	0.706224
237	23.680184	29.221775	43.644658	0.999999	0.000000	0.001047	0.000741	0.706737	-0.707476	-0.000740	0.707477	0.706736
238	23.928054	29.222112	43.644581	1.000000	0.000000	0.000180	0.000128	0.707043	-0.707171	-0.000128	0.707171	0.707043
239	24.176372	29.222225	43.644513	1.000000	0.000000	-0.000109	-0.000077	0.707145	-0.707068	0.000077	0.707068	0.707145
240	24.426372	29.222225	43.644486	1.000000	0.000000	-0.000109	-0.000077	0.707145	-0.707068	0.000077	0.707068	0.707145
241	24.676372	29.222225	43.644459	1.000000	0.000000	-0.000109	-0.000077	0.707145	-0.707068	0.000077	0.707068	0.707145
242	24.926372	29.222225	43.644432	1.000000	0.000000	-0.000109	-0.000077	0.707145	-0.707068	0.000077	0.707068	0.707145
243	25.176372	29.222225	43.644405	1.000000	0.000000	-0.000109	-0.000077	0.707145	-0.707068	0.000077	0.707068	0.707145
244	25.426372	29.222225	43.644378	1.000000	0.000000	-0.000109	-0.000077	0.707145	-0.707068	0.000077	0.707068	0.707145
245	25.676372	29.222225	43.644350	1.000000	0.000000	-0.000109	-0.000077	0.707145	-0.707068	0.000077	0.707068	0.707145
246	25.926372	29.222225	43.644323	1.000000	0.000000	-0.000109	-0.000077	0.707145	-0.707068	0.000077	0.707068	0.707145
247	26.176372	29.222225	43.644296	1.000000	0.000000	-0.000109	-0.000077	0.707145	-0.707068	0.000077	0.707068	0.707145
248	26.426372	29.222225	43.644269	1.000000	0.000000	-0.000109	-0.000077	0.707145	-0.707068	0.000077	0.707068	0.707145
249	26.676372	29.222225	43.644242	1.000000	0.000000	-0.000109	-0.000077	0.707145	-0.707068	0.000077	0.707068	0.707145
250	26.926372	29.222225	43.644215	1.000000	0.000000	-0.000109	-0.000077	0.707145	-0.707068	0.000077	0.707068	0.707145
251	27.176372	29.222225	43.644187	1.000000	0.000000	-0.000109	-0.000077	0.707145	-0.707068	0.000077	0.707068	0.707145
252	27.426372	29.222225	43.644160	1.000000	0.000000	-0.000109	-0.000077	0.707145	-0.707068	0.000077	0.707068	0.707145
253	27.676372	29.222225	43.644133	1.000000	0.000000	-0.000109	-0.000077	0.707145	-0.707068	0.000077	0.707068	0.707145
254	27.926372	29.222225	43.644106	1.000000	0.000000	-0.000109	-0.000077	0.707145	-0.707068	0.000077	0.707068	0.707145
255	28.176372	29.222225	43.644079	1.000000	0.000000	-0.000109	-0.000077	0.707145	-0.707068	0.000077	0.707068	0.707145
256	28.426372	29.222225	43.644052	1.000000	0.000000	-0.000109	-0.000077	0.707145	-0.707068	0.000077	0.707068	0.707145
257	28.676372	29.222225	43.644024	1.000000	0.000000	-0.000109	-0.000077	0.707145	-0.707068	0.000077	0.707068	0.707145
258	28.926372	29.222225	43.643997	1.000000	0.000000	-0.000109	-0.000077	0.707145	-0.707068	0.000077	0.707068	0.707145
259	29.176372	29.222225	43.643970	1.000000	0.000000	-0.000109	-0.000077	0.707145	-0.707068	0.000077	0.707068	0.707145
260	29.426372	29.222225	43.643943	1.000000	0.000000	-0.000109	-0.000077	0.707145	-0.707068	0.000077	0.707068	0.707145
261	29.676372	29.222225	43.643916	1.000000	0.000000	-0.000109	-0.000077	0.707145	-0.707068	0.000077	0.707068	0.707145
262	29.926372	29.222225	43.643889	1.000000	0.000000	-0.000109	-0.000077	0.707145	-0.707068	0.000077	0.707068	0.707145
263	30.176372	29.222225	43.643861	1.000000	0.000000	-0.000109	-0.000077	0.707145	-0.707068	0.000077	0.707068	0.707145
264	30.426372	29.222225	43.643834	1.000000	0.000000	-0.000109	-0.000077	0.707145	-0.707068	0.000077	0.707068	0.707145
265	30.676372	29.222225	43.643807	1.000000	0.000000	-0.000109	-0.000077	0.707145	-0.707068	0.000077	0.707068	0.707145
266	30.926372	29.222225	43.643780	1.000000	0.000000	-0.000109	-0.000077	0.707145	-0.707068	0.000077	0.707068	0.707145
267	31.176372	29.222225	43.643753	1.000000	0.000000	-0.000109	-0.000077	0.707145	-0.707068	0.000077	0.707068	0.707145
268	31.426372	29.222225	43.643725	1.000000	0.000000	-0.000109	-0.000077	0.707145	-0.707068	0.000077	0.707068	0.707145
269	31.676372	29.222225	43.643698	1.000000	0.000000	-0.000109	-0.000077	0.707145	-0.707068	0.000077	0.707068	0.707145
270	31.926372	29.222225	43.643671	1.000000	0.000000	-0.000109	-0.000077	0.707145	-0.707068	0.000077	0.707068	0.707145
271	32.176372	29.222225	43.643644	1.000000	0.000000	-0.000109	-0.000077	0.707145	-0.707068	0.000077	0.707068	0.707145
272	32.426372	29.222225	43.643617	1.000000	0.000000	-0.000109	-0.000077	0.707145	-0.707068	0.000077	0.707068	0.707145
273	32.676372	29.222225	43.643590	1.000000	0.000000	-0.000109	-0.000077	0.707145	-0.707068	0.000077	0.707068	0.707145
274	32.926372	29.222225	43.643562	1.000000	0.000000	-0.000109	-0.000077	0.707145	-0.707068	0.000077	0.707068	0.707145
275	33.176372	29.222225	43.643535	1.000000	0.000000	-0.000109	-0.000077	0.707145	-0.707068	0.000077	0.707068	0.707145
276	33.426372	29.222225	43.643508	1.000000	0.000000	-0.000109	-0.000077	0.707145	-0.707068	0.000077	0.707068	0.707145
277	33.676372	29.222225	43.643481	1.000000	0.000000	-0.000109	-0.000077	0.707145	-0.707068	0.000077	0.707068	0.707145
278	33.926372	29.222225	43.643454	1.000000	0.000000	-0.000109	-0.000077	0.707145	-0.707068	0.000077	0.707068	0.707145
279	34.176372	29.222225	43.643427	1.000000	0.000000	-0.000109	-0.000077	0.707145	-0.707068	0.000077	0.707068	0.707145
280	34.418849	29.222240	43.643415	0.999980	-0.004407	-0.004517	-0.000077	0.707145	-0.707068	0.006310	0.707055	0.707131
281	34.661320	29.221186	43.642335	0.999921	-0.008815	-0.008924	-0.000077	0.707145	-0.707068	0.012543	0.707013	0.707089
282	34.903777	29.219064	43.640187	0.999824	-0.013221	-0.013331	-0.000077	0.707145	-0.707068	0.018776	0.706945	0.707020
283	35.146211	29.215873	43.636969	0.999687	-0.017628	-0.017738	-0.000077	0.707145	-0.707068	0.025008	0.706849	0.706923
284	35.388612	29.211614	43.632683	0.999512	-0.022033	-0.022144	-0.000077	0.707145	-0.707068	0.031238	0.706725	0.706798
285	35.630970	29.206287	43.627329	0.999298	-0.026438	-0.026550	-0.000077	0.707145	-0.707068	0.037468	0.706574	0.706647
286	35.873277	29.199891	43.620906	0.999045	-0.030842	-0.030954	-0.000077	0.707145	-0.707068	0.043696	0.706395	0.706467
287	36.115523	29.192428	43.613416	0.998753	-0.035244	-0.035357	-0.000077	0.707145	-0.707068	0.049923	0.706189	0.706261
288	36.357697	29.183897	43.604858	0.998422	-0.039646	-0.039758	-0.000077	0.707145	-0.707068	0.056147	0.705956	0.706027
289	36.599792	29.174299	43.595232	0.998053	-0.044045	-0.044159	-0.000077	0.707145	-0.707068	0.062370	0.705695	0.705765
290	36.841798	29.163634	43.584540	0.997645	-0.048443	-0.048557	-0.000077	0.707145	-0.707068	0.068589	0.705407	0.705476
291	37.083704	29.151903	43.572781	0.997198	-0.052839	-0.052953	-0.000077	0.707145	-0.707068	0.074807	0.705091	0.705160
292	37.325503	29.139106	43.559956	0.996712	-0.057233	-0.057348	-0.000077	0.707145	-0.707068	0.081021	0.704748	0.704816
293	37.567183	29.125243	43.546066	0.996188	-0.061625	-0.061740	-0.000077	0.707145	-0.707068	0.087232	0.704378	0.704445
294	37.808737	29.110316	43.531110	0.995625	-0.066014	-0.066130	-0.000077	0.707145	-0.707068	0.093440	0.703980	0.704046
295	38.050154	29.094324	43.515090	0.995023	-0.070401	-0.070517	-0.000077	0.707145	-0.707068	0.099644	0.703555	0.703620
296	38.291426	29.077268	43.498007	0.994383	-0.074785	-0.074902	-0.000077	0.707145	-0.707068	0.105845	0.703102	0.703167
297	38.532542	29.059149	43.479860	0.993704	-0.079167	-0.079283	-0.000077	0.707145	-0.707068	0.112041	0.702622	0.702687
298	38.773494	29.039968	43.460651	0.992986	-0.083545	-0.083662	-0.000077	0.707145	-0.707068	0.118233	0.702115	0.702179
299	39.014272	29.019726	43.440380	0.992230	-0.087919	-0.088037	-0.000077	0.707145	-0.707068	0.124420	0.701581	0.701644
300	39.254867	28.998422	43.419048	0.991435	-0.092291	-0.092409	-0.000077	0.707145	-0.707068	0.130602	0.701019	0.701081
301	39.495269	28.976059	43.396656	0.990601	-0.096659	-0.096777	-0.000077	0.707145	-0.707068	0.136780	0.700430	0.700492
302	39.735469	28.952637	43.373205	0.989730	-0.101023	-0.101141	-0.000077	0.707145	-0.707068	0.142952	0.699814	0.699875
303	39.975458	28.928156	43.348695	0.988819	-0.105383	-0.105502	-0.000077	0.707145	-0.707068	0.149118	0.699171	0.699231
304	40.215226	28.902618	43.323129	0.987871	-0.109739	-0.109858	-0.000077	0.707145	-0.707068	0.155279	0.698501	0.698560
305	40.454764	28.876024	43.296506	0.986884	-0.114091	-0.114211	-0.000077	0.707145	-0.707068	0.161434	0.697803	0.697861
306	40.694064	28.848374	43.268827	0.985858	-0.118438	-0.118558	-0.000077	0.707145	-0.707068	0.167582	0.697078	0.697136
307	40.933114	28.819671	43.240094	0.984794	-0.122781	-0.122902	-0.000077	0.707145	-0.707068	0.173724	0.696326	0.696383
308	41.171907	28.789914	43.210309	0.983692	-0.127119	-0.127240	-0.000077	0.707145	-0.707068	0.179859	0.695548	0.695604
309	41.410433	28.759106	43.179471	0.982552	-0.131452	-0.131573	-0.000077	0.707145	-0.707068	0.185987	0.694742	0.694797
310	41.648682	28.727246	43.147582	0.981374	-0.135780	-0.135902	-0.000077	0.707145	-0.707068	0.192108	0.693909	0.693963
311	41.886646	28.694338	43.114644	0.980157	-0.140103	-0.140225	-0.000077	0.707145	-0.707068	0.198221	0.693049	0.693103
312	42.124315	28.660381	43.080658	0.978903	-0.144420	-0.144542	-0.000077	0.707145	-0.707068	0.204327	0.692162	0.692215
313	42.361680	28.625377	43.045625	0.977610	-0.148732	-0.148854	-0.000077	0.707145	-0.707068	0.210425	0.691249	0.691301
314	42.598732	28.589328	43.009546	0.976279	-0.153038	-0.153160	-0.000077	0.707145	-0.707068	0.216515	0.690308	0.690360
315	42.835461	28.552235	42.972423	0.974911	-0.157338	-0.157461	-0.000077	0.707145	-0.707068	0.222596	0.689341	0.689391
316	43.071858	28.514099	42.934257	0.973504	-0.161631	-0.161755	-0.000077	0.707145	-0.707068	0.228668	0.688347	0.688397
317	43.307915	28.474922	42.895050	0.972060	-0.165919	-0.166043	-0.000077	0.707145	-0.707068	0.234732	0.687326	0.687375
318	43.543621	28.434706	42.854804	0.970578	-0.170200	-0.170324	-0.000077	0.707145	-0.707068	0.240787	0.686278	0.686327
319	43.778968	28.393451	42.813519	0.969058	-0.174474	-0.174599	-0.000077	0.707145	-0.707068	0.246832	0.685204	0.685252
320	44.013947	28.351160	42.771197	0.967501	-0.178742	-0.178867	-0.000077	0.707145	-0.707068	0.252867	0.684103	0.684150
321	44.248548	28.307833	42.727841	0.965906	-0.183003	-0.183128	-0.000077	0.707145	-0.707068	0.258893	0.682976	0.683022
322	44.482763	28.263474	42.683452	0.964273	-0.187256	-0.187382	-0.000077	0.707145	-0.707068	0.264909	0.681822	0.681867
323	44.716582	28.218084	42.638031	0.962603	-0.191503	-0.191628	-0.000077	0.707145	-0.707068	0.270914	0.680641	0.680686
324	44.949996	28.171663	42.591580	0.960896	-0.195742	-0.195867	-0.000077	0.707145	-0.707068	0.276909	0.679434	0.679478
325	45.182996	28.124215	42.544101	0.959151	-0.199973	-0.200099	-0.000077	0.707145	-0.707068	0.282894	0.678201	0.678244
326	45.415574	28.075741	42.495597	0.957369	-0.204196	-0.204323	-0.000077	0.707145	-0.707068	0.288867	0.676941	0.676983
327	45.647719	28.026243	42.446068	0.955550	-0.208412	-0.208539	-0.000077	0.707145	-0.707068	0.294829	0.675655	0.675697
328	45.879423	27.975722	42.395516	0.953694	-0.212620	-0.212746	-0.000077	0.707145	-0.707068	0.300779	0.674343	0.674384
329	46.110678	27.924181	42.343945	0.951800	-0.216819	-0.216946	-0.000077	0.707145	-0.707068	0.306718	0.673005	0.673044
330	46.341473	27.871622	42.291355	0.949870	-0.221010	-0.221137	-0.000077	0.707145	-0.707068	0.312645	0.671640	0.671679
331	46.571801	27.818047	42.237749	0.947903	-0.225192	-0.225319	-0.000077	0.707145	-0.707068	0.318560	0.670249	0.670288
332	46.801651	27.763458	42.183129	0.945899	-0.229365	-0.229493	-0.000077	0.707145	-0.707068	0.324462	0.668833	0.668870
333	47.031016	27.707857	42.127497	0.943858	-0.233530	-0.233658	-0.000077	0.707145	-0.707068	0.330352	0.667390	0.667427
334	47.259886	27.651245	42.070854	0.941780	-0.237685	-0.237814	-0.000077	0.707145	-0.707068	0.336229	0.665921	0.665957
335	47.488253	27.593627	42.013205	0.939666	-0.241832	-0.241960	-0.000077	0.707145	-0.707068	0.342092	0.664427	0.664462
336	47.716107	27.535002	41.954549	0.937516	-0.245968	-0.246097	-0.000077	0.707145	-0.707068	0.347943	0.662907	0.662941
337	47.943439	27.475375	41.894891	0.935329	-0.250096	-0.250225	-0.000077	0.707145	-0.707068	0.353780	0.661361	0.661394
338	48.170242	27.414747	41.834231	0.933105	-0.254213	-0.254342	-0.000077	0.707145	-0.707068	0.359603	0.659789	0.659821
339	48.396505	27.353120	41.772573	0.930846	-0.258321	-0.258450	-0.000077	0.707145	-0.707068	0.365413	0.658191	0.658223
340	48.622221	27.290498	41.709919	0.928550	-0.262419	-0.262548	-0.000077	0.707145	-0.707068	0.371208	0.656568	0.656599
341	48.847380	27.226881	41.646272	0.926218	-0.266506	-0.266636	-0.000077	0.707145	-0.707068	0.376988	0.654920	0.654950
342	49.071974	27.162274	41.581633	0.923850	-0.270583	-0.270713	-0.000077	0.707145	-0.707068	0.382754	0.653246	0.653275
343	49.295994	27.096678	41.516005	0.921446	-0.274650	-0.274780	-0.000077	0.707145	-0.707068	0.388506	0.651547	0.651575
344	49.519431	27.030096	41.449392	0.919007	-0.278706	-0.278836	-0.000077	0.707145	-0.707068	0.394242	0.649822	0.649850
345	49.742277	26.962530	41.381795	0.916532	-0.282751	-0.282881	-0.000077	0.707145	-0.707068	0.399962	0.648072	0.648099
346	49.964522	26.893984	41.313216	0.914021	-0.286785	-0.286916	-0.000077	0.707145	-0.707068	0.405668	0.646297	0.646323
347	50.186159	26.824459	41.243660	0.911474	-0.290808	-0.290939	-0.000077	0.707145	-0.707068	0.411357	0.644497	0.644522
348	50.407178	26.753959	41.173128	0.908892	-0.294820	-0.294951	-0.000077	0.707145	-0.707068	0.417031	0.642672	0.642696
349	50.627572	26.682486	41.101623	0.906275	-0.298820	-0.298951	-0.000077	0.707145	-0.707068	0.422688	0.640822	0.640845
350	50.857683	26.606620	41.025725	0.908024	-0.296154	-0.296285	-0.000077	0.707145	-0.707068	0.418918	0.642058	0.642082
351	51.088238	26.531432	40.950503	0.909757	-0.293484	-0.293615	-0.000077	0.707145	-0.707068	0.415141	0.643283	0.643308
352	51.319232	26.456921	40.875959	0.911474	-0.290808	-0.290939	-0.000077	0.707145	-0.707068	0.411357	0.644497	0.644522
353	51.550663	26.383090	40.802095	0.913176	-0.288127	-0.288258	-0.000077	0.707145	-0.707068	0.407566	0.645700	0.645726
354	51.782526	26.309939	40.728911	0.914862	-0.285442	-0.285572	-0.000077	0.707145	-0.707068	0.403768	0.646892	0.646918
355	52.014817	26.237471	40.656409	0.916532	-0.282751	-0.282881	-0.000077	0.707145	-0.707068	0.399962	0.648072	0.648099
356	52.247531	26.165685	40.584591	0.918186	-0.280055	-0.280186	-0.000077	0.707145	-0.707068	0.396150	0.649242	0.649269
357	52.480666	26.094584	40.513457	0.919824	-0.277355	-0.277485	-0.000077	0.707145	-0.707068	0.392331	0.650400	0.650428
358	52.714216	26.024169	40.443008	0.921446	-0.274650	-0.274780	-0.000077	0.707145	-0.707068	0.388506	0.651547	0.651575
359	52.948179	25.954441	40.373247	0.923053	-0.271940	-0.272070	-0.000077	0.707145	-0.707068	0.384673	0.652682	0.652711
360	53.182549	25.885400	40.304173	0.924643	-0.269225	-0.269355	-0.000077	0.707145	-0.707068	0.380834	0.653807	0.653836
361	53.417323	25.817049	40.235789	0.926218	-0.266506	-0.266636	-0.000077	0.707145	-0.707068	0.376988	0.654920	0.654950
362	53.652497	25.749388	40.168096	0.927777	-0.263782	-0.263912	-0.000077	0.707145	-0.707068	0.373136	0.656022	0.656052
363	53.888067	25.682419	40.101094	0.929319	-0.261054	-0.261183	-0.000077	0.707145	-0.707068	0.369278	0.657112	0.657144
364	54.124028	25.616143	40.034784	0.930846	-0.258321	-0.258450	-0.000077	0.707145	-0.707068	0.365413	0.658191	0.658223
365	54.360377	25.550560	39.969169	0.932356	-0.255584	-0.255713	-0.000077	0.707145	-0.707068	0.361541	0.659259	0.659292
366	54.597109	25.485673	39.904249	0.933850	-0.252842	-0.252971	-0.000077	0.707145	-0.707068	0.357664	0.660316	0.660348
367	54.834221	25.421482	39.840025	0.935329	-0.250096	-0.250225	-0.000077	0.707145	-0.707068	0.353780	0.661361	0.661394
368	55.071707	25.357988	39.776498	0.936791	-0.247345	-0.247474	-0.000077	0.707145	-0.707068	0.349890	0.662394	0.662428
369	55.309566	25.295192	39.713670	0.938237	-0.244591	-0.244719	-0.000077	0.707145	-0.707068	0.345994	0.663416	0.663451
370	55.547791	25.233096	39.651541	0.939666	-0.241832	-0.241960	-0.000077	0.707145	-0.707068	0.342092	0.664427	0.664462
371	55.786379	25.171700	39.590113	0.941080	-0.239068	-0.239197	-0.000077	0.707145	-0.707068	0.338185	0.665426	0.665462
372	56.025326	25.111006	39.529386	0.942477	-0.236301	-0.236429	-0.000077	0.707145	-0.707068	0.334271	0.666414	0.666450
373	56.264627	25.051015	39.469362	0.943858	-0.233530	-0.233658	-0.000077	0.707145	-0.707068	0.330352	0.667390	0.667427
374	56.504280	24.991727	39.410042	0.945223	-0.230754	-0.230882	-0.000077	0.707145	-0.707068	0.326427	0.668355	0.668392
375	56.744279	24.933144	39.351426	0.946571	-0.227975	-0.228103	-0.000077	0.707145	-0.707068	0.322496	0.669308	0.669346
376	56.984620	24.875266	39.293517	0.947903	-0.225192	-0.225319	-0.000077	0.707145	-0.707068	0.318560	0.670249	0.670288
377	57.225299	24.818096	39.236313	0.949218	-0.222405	-0.222532	-0.000077	0.707145	-0.707068	0.314618	0.671179	0.671218
378	57.466312	24.761633	39.179818	0.950518	-0.219614	-0.219741	-0.000077	0.707145	-0.707068	0.310670	0.672098	0.672137
379	57.707655	24.705878	39.124031	0.951800	-0.216819	-0.216946	-0.000077	0.707145	-0.707068	0.306718	0.673005	0.673044
380	57.949324	24.650833	39.068954	0.953067	-0.214020	-0.214147	-0.000077	0.707145	-0.707068	0.302760	0.673900	0.673940
381	58.191314	24.596499	39.014588	0.954317	-0.211218	-0.211345	-0.000077	0.707145	-0.707068	0.298797	0.674783	0.674824
382	58.433621	24.542877	38.960933	0.955550	-0.208412	-0.208539	-0.000077	0.707145	-0.707068	0.294829	0.675655	0.675697
383	58.676242	24.489966	38.907991	0.956767	-0.205603	-0.205729	-0.000077	0.707145	-0.707068	0.290855	0.676516	0.676557
384	58.919172	24.437770	38.855762	0.957967	-0.202789	-0.202916	-0.000077	0.707145	-0.707068	0.286877	0.677364	0.677407
385	59.162406	24.386287	38.804247	0.959151	-0.199973	-0.200099	-0.000077	0.707145	-0.707068	0.282894	0.678201	0.678244
386	59.405941	24.335520	38.753448	0.960319	-0.197153	-0.197279	-0.000077	0.707145	-0.707068	0.278905	0.679026	0.679070
387	59.649772	24.285468	38.703365	0.961469	-0.194329	-0.194455	-0.000077	0.707145	-0.707068	0.274912	0.679839	0.679883
388	59.893895	24.236134	38.653998	0.962603	-0.191503	-0.191628	-0.000077	0.707145	-0.707068	0.270914	0.680641	0.680686
389	60.138307	24.187517	38.605350	0.963721	-0.188673	-0.188798	-0.000077	0.707145	-0.707068	0.266912	0.681431	0.681476
390	60.383002	24.139619	38.557419	0.964822	-0.185839	-0.185964	-0.000077	0.707145	-0.707068	0.262905	0.682209	0.682255
391	60.627976	24.092440	38.510209	0.965906	-0.183003	-0.183128	-0.000077	0.707145	-0.707068	0.258893	0.682976	0.683022
392	60.873226	24.045981	38.463719	0.966973	-0.180163	-0.180288	-0.000077	0.707145	-0.707068	0.254877	0.683730	0.683777
393	61.118747	24.000243	38.417949	0.968024	-0.177320	-0.177445	-0.000077	0.707145	-0.707068	0.250857	0.684473	0.684520
394	61.364534	23.955228	38.372902	0.969058	-0.174474	-0.174599	-0.000077	0.707145	-0.707068	0.246832	0.685204	0.685252
395	61.610584	23.910934	38.328577	0.970076	-0.171625	-0.171750	-0.000077	0.707145	-0.707068	0.242803	0.685923	0.685971
396	61.856892	23.867365	38.284976	0.971076	-0.168774	-0.168897	-0.000077	0.707145	-0.707068	0.238770	0.686630	0.686679
397	62.103454	23.824519	38.242099	0.972060	-0.165919	-0.166043	-0.000077	0.707145	-0.707068	0.234732	0.687326	0.687375
398	62.350266	23.782398	38.199946	0.973027	-0.163061	-0.163185	-0.000077	0.707145	-0.707068	0.230691	0.688009	0.688059
399	62.597324	23.741003	38.158520	0.973977	-0.160201	-0.160324	-0.000077	0.707145	-0.707068	0.226645	0.688681	0.688731
400	62.844623	23.700334	38.117819	0.974911	-0.157338	-0.157461	-0.000077	0.707145	-0.707068	0.222596	0.689341	0.689391
401	63.092158	23.660392	38.077846	0.975827	-0.154472	-0.154594	-0.000077	0.707145	-0.707068	0.218543	0.689989	0.690040
402	63.339927	23.621177	38.038600	0.976727	-0.151603	-0.151726	-0.000077	0.707145	-0.707068	0.214486	0.690624	0.690676
403	63.587924	23.582691	38.000083	0.977610	-0.148732	-0.148854	-0.000077	0.707145	-0.707068	0.210425	0.691249	0.691301
404	63.836145	23.544934	37.962295	0.978476	-0.145858	-0.145980	-0.000077	0.707145	-0.707068	0.206361	0.691861	0.691913
405	64.084585	23.507907	37.925237	0.979325	-0.142982	-0.143104	-0.000077	0.707145	-0.707068	0.202293	0.692461	0.692514
406	64.333242	23.471610	37.888909	0.980157	-0.140103	-0.140225	-0.000077	0.707145	-0.707068	0.198221	0.693049	0.693103
407	64.582109	23.436044	37.853312	0.980973	-0.137222	-0.137343	-0.000077	0.707145	-0.707068	0.194147	0.693625	0.693679
408	64.831184	23.401209	37.818447	0.981771	-0.134338	-0.134459	-0.000077	0.707145	-0.707068	0.190069	0.694189	0.694244
409	65.080461	23.367107	37.784313	0.982552	-0.131452	-0.131573	-0.000077	0.707145	-0.707068	0.185987	0.694742	0.694797
410	65.329936	23.333737	37.750913	0.983317	-0.128564	-0.128685	-0.000077	0.707145	-0.707068	0.181902	0.695282	0.695338
411	65.579606	23.301101	37.718246	0.984064	-0.125674	-0.125794	-0.000077	0.707145	-0.707068	0.177815	0.695810	0.695866
412	65.829465	23.269199	37.686313	0.984794	-0.122781	-0.122902	-0.000077	0.707145	-0.707068	0.173724	0.696326	0.696383
413	66.079510	23.238031	37.655114	0.985508	-0.119886	-0.120007	-0.000077	0.707145	-0.707068	0.169630	0.696831	0.696888
414	66.329736	23.207598	37.624651	0.986204	-0.116990	-0.117110	-0.000077	0.707145	-0.707068	0.165533	0.697323	0.697381
415	66.580139	23.177900	37.594923	0.986884	-0.114091	-0.114211	-0.000077	0.707145	-0.707068	0.161434	0.697803	0.697861
416	66.830714	23.148939	37.565931	0.987546	-0.111190	-0.111310	-0.000077	0.707145	-0.707068	0.157331	0.698271	0.698330
417	67.081457	23.120714	37.537676	0.988191	-0.108288	-0.108407	-0.000077	0.707145	-0.707068	0.153226	0.698727	0.698786
418	67.332364	23.093226	37.510157	0.988819	-0.105383	-0.105502	-0.000077	0.707145	-0.707068	0.149118	0.699171	0.699231
419	67.583430	23.066475	37.483377	0.989430	-0.102477	-0.102595	-0.000077	0.707145	-0.707068	0.145008	0.699603	0.699663
420	67.834652	23.040462	37.457334	0.990025	-0.099569	-0.099687	-0.000077	0.707145	-0.707068	0.140895	0.700023	0.700083
421	68.086024	23.015188	37.432030	0.990601	-0.096659	-0.096777	-0.000077	0.707145	-0.707068	0.136780	0.700430	0.700492
422	68.337543	22.990653	37.407464	0.991161	-0.093747	-0.093865	-0.000077	0.707145	-0.707068	0.132662	0.700826	0.700888
423	68.589204	22.966857	37.383638	0.991704	-0.090834	-0.090952	-0.000077	0.707145	-0.707068	0.128542	0.701210	0.701272
424	68.841003	22.943800	37.360552	0.992230	-0.087919	-0.088037	-0.000077	0.707145	-0.707068	0.124420	0.701581	0.701644
425	69.092935	22.921484	37.338206	0.992738	-0.085003	-0.085120	-0.000077	0.707145	-0.707068	0.120296	0.701940	0.702003
426	69.344996	22.899908	37.316600	0.993229	-0.082086	-0.082202	-0.000077	0.707145	-0.707068	0.116169	0.702287	0.702351
427	69.597182	22.879073	37.295735	0.993704	-0.079167	-0.079283	-0.000077	0.707145	-0.707068	0.112041	0.702622	0.702687
428	69.849488	22.858979	37.275611	0.994161	-0.076246	-0.076362	-0.000077	0.707145	-0.707068	0.107911	0.702945	0.703010
429	70.101910	22.839626	37.256229	0.994600	-0.073324	-0.073440	-0.000077	0.707145	-0.707068	0.103778	0.703256	0.703321
430	70.354444	22.821015	37.237589	0.995023	-0.070401	-0.070517	-0.000077	0.707145	-0.707068	0.099644	0.703555	0.703620
431	70.607085	22.803147	37.219691	0.995429	-0.067477	-0.067593	-0.000077	0.707145	-0.707068	0.095509	0.703841	0.703907
432	70.859829	22.786021	37.202536	0.995817	-0.064552	-0.064667	-0.000077	0.707145	-0.707068	0.091371	0.704116	0.704182
433	71.112672	22.769638	37.186124	0.996188	-0.061625	-0.061740	-0.000077	0.707145	-0.707068	0.087232	0.704378	0.704445
434	71.365609	22.753998	37.170454	0.996542	-0.058697	-0.058812	-0.000077	0.707145	-0.707068	0.083092	0.704628	0.704695
435	71.618635	22.739101	37.155528	0.996879	-0.055769	-0.055883	-0.000077	0.707145	-0.707068	0.078950	0.704866	0.704934
436	71.871747	22.724948	37.141346	0.997198	-0.052839	-0.052953	-0.000077	0.707145	-0.707068	0.074807	0.705091	0.705160
437	72.124940	22.711538	37.127908	0.997500	-0.049909	-0.050023	-0.000077	0.707145	-0.707068	0.070662	0.705305	0.705374
438	72.378210	22.698873	37.115213	0.997785	-0.046977	-0.047091	-0.000077	0.707145	-0.707068	0.066516	0.705506	0.705576
439	72.631552	22.686952	37.103264	0.998053	-0.044045	-0.044159	-0.000077	0.707145	-0.707068	0.062370	0.705695	0.705765
440	72.884962	22.675775	37.092058	0.998304	-0.041112	-0.041225	-0.000077	0.707145	-0.707068	0.058222	0.705872	0.705943
441	73.138436	22.665343	37.081598	0.998537	-0.038179	-0.038291	-0.000077	0.707145	-0.707068	0.054073	0.706037	0.706108
442	73.391969	22.655656	37.071882	0.998753	-0.035244	-0.035357	-0.000077	0.707145	-0.707068	0.049923	0.706189	0.706261
443	73.645557	22.646714	37.062912	0.998952	-0.032310	-0.032422	-0.000077	0.707145	-0.707068	0.045772	0.706330	0.706402
444	73.899195	22.638517	37.054686	0.999133	-0.029374	-0.029486	-0.000077	0.707145	-0.707068	0.041620	0.706458	0.706530
445	74.152879	22.631066	37.047206	0.999298	-0.026438	-0.026550	-0.000077	0.707145	-0.707068	0.037468	0.706574	0.706647
446	74.406605	22.624360	37.040472	0.999445	-0.023502	-0.023613	-0.000077	0.707145	-0.707068	0.033315	0.706678	0.706751
447	74.660368	22.618400	37.034483	0.999575	-0.020565	-0.020676	-0.000077	0.707145	-0.707068	0.029162	0.706769	0.706843
448	74.914164	22.613185	37.029240	0.999687	-0.017628	-0.017738	-0.000077	0.707145	-0.707068	0.025008	0.706849	0.706923
449	75.167989	22.608716	37.024743	0.999783	-0.014690	-0.014800	-0.000077	0.707145	-0.707068	0.020853	0.706916	0.706990
450	75.421838	22.604993	37.020992	0.999861	-0.011752	-0.011862	-0.000077	0.707145	-0.707068	0.016698	0.706971	0.707046
451	75.675706	22.602015	37.017987	0.999921	-0.008815	-0.008924	-0.000077	0.707145	-0.707068	0.012543	0.707013	0.707089
452	75.929590	22.599784	37.015728	0.999965	-0.005876	-0.005986	-0.000077	0.707145	-0.707068	0.008388	0.707044	0.707120
453	76.183485	22.598299	37.014215	0.999991	-0.002938	-0.003047	-0.000077	0.707145	-0.707068	0.004232	0.707062	0.707139
454	76.437387	22.597559	37.013448	1.000000	0.000000	-0.000109	-0.000077	0.707145	-0.707068	0.000077	0.707068	0.707145
455	76.709934	22.597728	37.013586	0.999785	0.014710	0.014603	-0.000077	0.707145	-0.707068	-0.020727	0.706915	0.706994
456	76.982418	22.601905	37.017735	0.999138	0.029413	0.029308	-0.000077	0.707145	-0.707068	-0.041522	0.706456	0.706538
457	77.254720	22.610090	37.025890	0.998058	0.044104	0.044000	-0.000077	0.707145	-0.707068	-0.062299	0.705692	0.705775
458	77.526723	22.622278	37.038051	0.996546	0.058775	0.058673	-0.000077	0.707145	-0.707068	-0.083048	0.704621	0.704707
459	77.798309	22.638465	37.054210	0.994602	0.073421	0.073321	-0.000077	0.707145	-0.707068	-0.103762	0.703246	0.703334
460	78.069360	22.658643	37.074360	0.992228	0.088035	0.087937	-0.000077	0.707145	-0.707068	-0.124431	0.701566	0.701656
461	78.339759	22.682803	37.098494	0.989425	0.102612	0.102515	-0.000077	0.707145	-0.707068	-0.145046	0.699583	0.699675
462	78.609390	22.710936	37.126601	0.986193	0.117143	0.117049	-0.000077	0.707145	-0.707068	-0.165599	0.697297	0.697391
463	78.878134	22.743030	37.158668	0.982535	0.131624	0.131532	-0.000077	0.707145	-0.707068	-0.186079	0.694709	0.694805
464	79.145877	22.779069	37.194683	0.978451	0.146048	0.145958	-0.000077	0.707145	-0.707068	-0.206480	0.691820	0.691918
465	79.412502	22.819038	37.234628	0.973944	0.160409	0.160321	-0.000077	0.707145	-0.707068	-0.226790	0.688632	0.688732
466	79.677893	22.862921	37.278487	0.969015	0.174701	0.174614	-0.000077	0.707145	-0.707068	-0.247003	0.685146	0.685248
467	79.941937	22.910699	37.326240	0.963666	0.188916	0.188832	-0.000077	0.707145	-0.707068	-0.267109	0.681364	0.681467
468	80.204518	22.962350	37.377868	0.957901	0.203050	0.202968	-0.000077	0.707145	-0.707068	-0.287099	0.677286	0.677391
469	80.465522	23.017852	37.433348	0.951721	0.217097	0.217017	-0.000077	0.707145	-0.707068	-0.306964	0.672915	0.673022
470	80.724838	23.077181	37.492655	0.945129	0.231049	0.230971	-0.000077	0.707145	-0.707068	-0.326697	0.668253	0.668361
471	80.982353	23.140312	37.555765	0.938128	0.244901	0.244826	-0.000077	0.707145	-0.707068	-0.346289	0.663302	0.663411
472	81.237954	23.207217	37.622650	0.930721	0.258647	0.258574	-0.000077	0.707145	-0.707068	-0.365731	0.658063	0.658175
473	81.491532	23.277867	37.693280	0.922911	0.272281	0.272211	-0.000077	0.707145	-0.707068	-0.385014	0.652540	0.652653
474	81.742977	23.352232	37.767625	0.914701	0.285798	0.285729	-0.000077	0.707145	-0.707068	-0.404131	0.646734	0.646849
475	81.992180	23.430279	37.845654	0.906096	0.299190	0.299124	-0.000077	0.707145	-0.707068	-0.423072	0.640649	0.640764
476	82.239033	23.511975	37.927332	0.897098	0.312453	0.312390	-0.000077	0.707145	-0.707068	-0.441831	0.634286	0.634403
477	82.483430	23.597284	38.012624	0.887712	0.325581	0.325520	-0.000077	0.707145	-0.707068	-0.460398	0.627648	0.627767
478	82.725264	23.686170	38.101493	0.877942	0.338568	0.338510	-0.000077	0.707145	-0.707068	-0.478766	0.620739	0.620859
479	82.964430	23.778593	38.193901	0.867792	0.351409	0.351353	-0.000077	0.707145	-0.707068	-0.496927	0.613561	0.613682
480	83.200826	23.874515	38.289807	0.857266	0.364097	0.364043	-0.000077	0.707145	-0.707068	-0.514873	0.606118	0.606240
481	83.434349	23.973893	38.389170	0.846370	0.376628	0.376577	-0.000077	0.707145	-0.707068	-0.532596	0.598412	0.598535
482	83.664898	24.076684	38.491948	0.835106	0.388996	0.388947	-0.000077	0.707145	-0.707068	-0.550088	0.590447	0.590571
483	83.892373	24.182844	38.598095	0.823482	0.401195	0.401149	-0.000077	0.707145	-0.707068	-0.567343	0.582227	0.582352
484	84.116675	24.292327	38.707565	0.811501	0.413221	0.413177	-0.000077	0.707145	-0.707068	-0.584351	0.573755	0.573881
485	84.337708	24.405086	38.820312	0.799168	0.425067	0.425027	-0.000077	0.707145	-0.707068	-0.601107	0.565034	0.565161
486	84.555376	24.521071	38.936287	0.786490	0.436730	0.436692	-0.000077	0.707145	-0.707068	-0.617603	0.556069	0.556196
487	84.769585	24.640233	39.055438	0.773471	0.448204	0.448169	-0.000077	0.707145	-0.707068	-0.633831	0.546863	0.546991
488	84.980242	24.762520	39.177715	0.760118	0.459484	0.459451	-0.000077	0.707145	-0.707068	-0.649785	0.537420	0.537549
489	85.187255	24.887879	39.303066	0.746436	0.470565	0.470535	-0.000077	0.707145	-0.707068	-0.665458	0.527745	0.527874
490	85.390535	25.016256	39.431434	0.732430	0.481442	0.481415	-0.000077	0.707145	-0.707068	-0.680842	0.517841	0.517971
491	85.589995	25.147595	39.562766	0.718107	0.492111	0.492086	-0.000077	0.707145	-0.707068	-0.695932	0.507713	0.507844
492	85.785547	25.281839	39.697003	0.703474	0.502567	0.502545	-0.000077	0.707145	-0.707068	-0.710721	0.497366	0.497497
493	85.977108	25.418930	39.834089	0.688536	0.512805	0.512786	-0.000077	0.707145	-0.707068	-0.725202	0.486803	0.486934
494	86.164594	25.558810	39.973963	0.673300	0.522821	0.522805	-0.000077	0.707145	-0.707068	-0.739369	0.476029	0.476161
495	86.347924	25.701416	40.116565	0.657773	0.532611	0.532598	-0.000077	0.707145	-0.707068	-0.753216	0.465049	0.465182
496	86.527018	25.846689	40.261834	0.641961	0.542171	0.542160	-0.000077	0.707145	-0.707068	-0.766738	0.453868	0.454001
497	86.701800	25.994564	40.409706	0.625871	0.551496	0.551487	-0.000077	0.707145	-0.707068	-0.779927	0.442491	0.442624
498	86.872194	26.144978	40.560118	0.609510	0.560582	0.560576	-0.000077	0.707145	-0.707068	-0.792778	0.430922	0.431055
499	87.038125	26.297865	40.713004	0.592885	0.569425	0.569423	-0.000077	0.707145	-0.707068	-0.805287	0.419167	0.419300
500	87.199523	26.453160	40.868298	0.576004	0.578022	0.578022	-0.000077	0.707145	-0.707068	-0.817447	0.407230	0.407363
501	87.356317	26.610796	41.025933	0.558873	0.586369	0.586372	-0.000077	0.707145	-0.707068	-0.829253	0.395117	0.395250
502	87.508438	26.770703	41.185842	0.541501	0.594462	0.594468	-0.000077	0.707145	-0.707068	-0.840700	0.382832	0.382965
503	87.655823	26.932813	41.347953	0.523894	0.602298	0.602306	-0.000077	0.707145	-0.707068	-0.851784	0.370382	0.370515
504	87.798406	27.097055	41.512198	0.506060	0.609873	0.609884	-0.000077	0.707145	-0.707068	-0.862498	0.357772	0.357905
505	87.936126	27.263360	41.678506	0.488007	0.617184	0.617198	-0.000077	0.707145	-0.707068	-0.872839	0.345007	0.345140
506	88.068923	27.431653	41.846803	0.469744	0.624228	0.624244	-0.000077	0.707145	-0.707068	-0.882803	0.332093	0.332225
507	88.196740	27.601864	42.017018	0.451276	0.631001	0.631021	-0.000077	0.707145	-0.707068	-0.892384	0.319035	0.319166
508	88.319522	27.773917	42.189077	0.432614	0.637502	0.637524	-0.000077	0.707145	-0.707068	-0.901579	0.305838	0.305970
509	88.437214	27.947740	42.362905	0.413764	0.643726	0.643751	-0.000077	0.707145	-0.707068	-0.910384	0.292510	0.292641
510	88.549768	28.123255	42.538428	0.394735	0.649672	0.649700	-0.000077	0.707145	-0.707068	-0.918795	0.279055	0.279185
511	88.657133	28.300388	42.715568	0.375535	0.655337	0.655368	-0.000077	0.707145	-0.707068	-0.926808	0.265479	0.265608
512	88.759263	28.479061	42.894250	0.356173	0.660718	0.660751	-0.000077	0.707145	-0.707068	-0.934420	0.251788	0.251917
513	88.856115	28.659198	43.074396	0.336656	0.665813	0.665849	-0.000077	0.707145	-0.707068	-0.941628	0.237988	0.238116
514	88.947645	28.840720	43.255928	0.316994	0.670620	0.670659	-0.000077	0.707145	-0.707068	-0.948428	0.224085	0.224212
515	89.033815	29.023549	43.438767	0.297194	0.675137	0.675178	-0.000077	0.707145	-0.707068	-0.954817	0.210085	0.210212
516	89.114587	29.207606	43.622835	0.277266	0.679361	0.679405	-0.000077	0.707145	-0.707068	-0.960793	0.195994	0.196120
517	89.189927	29.392810	43.808051	0.257218	0.683292	0.683338	-0.000077	0.707145	-0.707068	-0.966353	0.181818	0.181943
518	89.259801	29.579083	43.994337	0.237059	0.686926	0.686975	-0.000077	0.707145	-0.707068	-0.971495	0.167564	0.167688
519	89.324179	29.766343	44.181610	0.216797	0.690264	0.690315	-0.000077	0.707145	-0.707068	-0.976217	0.153237	0.153360
520	89.383034	29.954509	44.369790	0.196441	0.693302	0.693356	-0.000077	0.707145	-0.707068	-0.980516	0.138844	0.138965
521	89.436340	30.143499	44.558795	0.176000	0.696041	0.696097	-0.000077	0.707145	-0.707068	-0.984390	0.124390	0.124511
522	89.484074	30.333233	44.748544	0.155483	0.698478	0.698537	-0.000077	0.707145	-0.707068	-0.987839	0.109883	0.110003
523	89.526215	30.523627	44.938954	0.134898	0.700613	0.700674	-0.000077	0.707145	-0.707068	-0.990859	0.095329	0.095447
524	89.562746	30.714600	45.129944	0.114256	0.702444	0.702508	-0.000077	0.707145	-0.707068	-0.993451	0.080733	0.080849
525	89.593649	30.906068	45.321430	0.093563	0.703972	0.704038	-0.000077	0.707145	-0.707068	-0.995613	0.066102	0.066217
526	89.618913	31.097949	45.513329	0.072831	0.705195	0.705263	-0.000077	0.707145	-0.707068	-0.997344	0.051442	0.051556
527	89.638525	31.290160	45.705559	0.052066	0.706112	0.706183	-0.000077	0.707145	-0.707068	-0.998644	0.036760	0.036873
528	89.652478	31.482618	45.898036	0.031280	0.706724	0.706797	-0.000077	0.707145	-0.707068	-0.999511	0.022063	0.022174
529	89.660765	31.675239	46.090677	0.010479	0.707030	0.707106	-0.000077	0.707145	-0.707068	-0.999945	0.007355	0.007465
530	89.663383	31.867939	46.283398	-0.010326	0.707030	0.707108	-0.000077	0.707145	-0.707068	-0.999947	-0.007355	-0.007247
531	89.660331	32.060637	46.476117	-0.031126	0.706724	0.706804	-0.000077	0.707145	-0.707068	-0.999515	-0.022063	-0.021956
532	89.651610	32.253247	46.668749	-0.051913	0.706112	0.706195	-0.000077	0.707145	-0.707068	-0.998652	-0.036760	-0.036656
533	89.637223	32.445687	46.861211	-0.072677	0.705195	0.705279	-0.000077	0.707145	-0.707068	-0.997355	-0.051442	-0.051339
534	89.617178	32.637874	47.053421	-0.093410	0.703972	0.704058	-0.000077	0.707145	-0.707068	-0.995628	-0.066102	-0.066001
535	89.591482	32.829723	47.245294	-0.114103	0.702444	0.702533	-0.000077	0.707145	-0.707068	-0.993469	-0.080733	-0.080633
536	89.560147	33.021153	47.436748	-0.134746	0.700613	0.700703	-0.000077	0.707145	-0.707068	-0.990880	-0.095329	-0.095231
537	89.523186	33.212080	47.627700	-0.155331	0.698478	0.698571	-0.000077	0.707145	-0.707068	-0.987862	-0.109883	-0.109788
538	89.480616	33.402422	47.818068	-0.175849	0.696041	0.696135	-0.000077	0.707145	-0.707068	-0.984417	-0.124390	-0.124297
539	89.432455	33.592097	48.007768	-0.196290	0.693302	0.693399	-0.000077	0.707145	-0.707068	-0.980546	-0.138844	-0.138752
540	89.378723	33.781021	48.196719	-0.216647	0.690264	0.690362	-0.000077	0.707145	-0.707068	-0.976250	-0.153237	-0.153148
541	89.319444	33.969114	48.384839	-0.236909	0.686926	0.687027	-0.000077	0.707145	-0.707068	-0.971532	-0.167564	-0.167477
542	89.254644	34.156294	48.572046	-0.257070	0.683292	0.683394	-0.000077	0.707145	-0.707068	-0.966393	-0.181818	-0.181733
543	89.184350	34.342480	48.758260	-0.277119	0.679361	0.679465	-0.000077	0.707145	-0.707068	-0.960836	-0.195994	-0.195911
544	89.108594	34.527591	48.943399	-0.297048	0.675137	0.675243	-0.000077	0.707145	-0.707068	-0.954863	-0.210085	-0.210004
545	89.027407	34.711548	49.127385	-0.316848	0.670620	0.670728	-0.000077	0.707145	-0.707068	-0.948476	-0.224085	-0.224006
546	88.940825	34.894270	49.310136	-0.336511	0.665813	0.665922	-0.000077	0.707145	-0.707068	-0.941679	-0.237988	-0.237911
547	88.848886	35.075679	49.491575	-0.356029	0.660718	0.660829	-0.000077	0.707145	-0.707068	-0.934475	-0.251788	-0.251713
548	88.751628	35.255696	49.671622	-0.375393	0.655337	0.655449	-0.000077	0.707145	-0.707068	-0.926866	-0.265479	-0.265407
549	88.649096	35.434243	49.850200	-0.394594	0.649672	0.649786	-0.000077	0.707145	-0.707068	-0.918856	-0.279055	-0.278985
550	88.541332	35.611243	50.027230	-0.413624	0.643726	0.643841	-0.000077	0.707145	-0.707068	-0.910448	-0.292510	-0.292443
551	88.428383	35.786619	50.202638	-0.432475	0.637502	0.637618	-0.000077	0.707145	-0.707068	-0.901646	-0.305838	-0.305774
552	88.310298	35.960296	50.376346	-0.451139	0.631001	0.631119	-0.000077	0.707145	-0.707068	-0.892454	-0.319035	-0.318972
553	88.187129	36.132197	50.548280	-0.469608	0.624228	0.624346	-0.000077	0.707145	-0.707068	-0.882875	-0.332093	-0.332033
554	88.058929	36.302250	50.718365	-0.487873	0.617184	0.617304	-0.000077	0.707145	-0.707068	-0.872914	-0.345007	-0.344950
555	87.925753	36.470379	50.886527	-0.505928	0.609873	0.609994	-0.000077	0.707145	-0.707068	-0.862576	-0.357772	-0.357717
556	87.787658	36.636513	51.052694	-0.523763	0.602298	0.602420	-0.000077	0.707145	-0.707068	-0.851864	-0.370382	-0.370330
557	87.644705	36.800579	51.216793	-0.541372	0.594462	0.594585	-0.000077	0.707145	-0.707068	-0.840783	-0.382832	-0.382783
558	87.496956	36.962507	51.378755	-0.558746	0.586369	0.586493	-0.000077	0.707145	-0.707068	-0.829339	-0.395117	-0.395069
559	87.344474	37.122226	51.538508	-0.575878	0.578022	0.578148	-0.000077	0.707145	-0.707068	-0.817535	-0.407230	-0.407185
560	87.187325	37.279667	51.695983	-0.592761	0.569425	0.569551	-0.000077	0.707145	-0.707068	-0.805378	-0.419167	-0.419125
561	87.025578	37.434763	51.851113	-0.609388	0.560582	0.560709	-0.000077	0.707145	-0.707068	-0.792872	-0.430922	-0.430883
562	86.859302	37.587445	52.003830	-0.625751	0.551496	0.551624	-0.000077	0.707145	-0.707068	-0.780023	-0.442491	-0.442454
563	86.688570	37.737648	52.154068	-0.641843	0.542171	0.542299	-0.000077	0.707145	-0.707068	-0.766836	-0.453868	-0.453834
564	86.513455	37.885307	52.301762	-0.657657	0.532611	0.532741	-0.000077	0.707145	-0.707068	-0.753318	-0.465049	-0.465018
565	86.334033	38.030358	52.446849	-0.673186	0.522821	0.522951	-0.000077	0.707145	-0.707068	-0.739473	-0.476029	-0.476000
566	86.150382	38.172738	52.589264	-0.688425	0.512805	0.512935	-0.000077	0.707145	-0.707068	-0.725308	-0.486803	-0.486777
567	85.962581	38.312386	52.728947	-0.703365	0.502567	0.502698	-0.000077	0.707145	-0.707068	-0.710829	-0.497366	-0.497342
568	85.770712	38.449241	52.865838	-0.718000	0.492111	0.492242	-0.000077	0.707145	-0.707068	-0.696043	-0.507713	-0.507693
569	85.574858	38.583243	52.999876	-0.732325	0.481442	0.481574	-0.000077	0.707145	-0.707068	-0.680955	-0.517841	-0.517823
570	85.375102	38.714336	53.131004	-0.746333	0.470565	0.470697	-0.000077	0.707145	-0.707068	-0.665572	-0.527745	-0.527730
571	85.171533	38.842461	53.259166	-0.760018	0.459484	0.459616	-0.000077	0.707145	-0.707068	-0.649902	-0.537420	-0.537408
572	84.964237	38.967564	53.384305	-0.773374	0.448204	0.448337	-0.000077	0.707145	-0.707068	-0.633950	-0.546863	-0.546853
573	84.753306	39.089590	53.506368	-0.786395	0.436730	0.436863	-0.000077	0.707145	-0.707068	-0.617724	-0.556069	-0.556062
574	84.538829	39.208488	53.625301	-0.799076	0.425067	0.425200	-0.000077	0.707145	-0.707068	-0.601230	-0.565034	-0.565030
575	84.320900	39.324204	53.741054	-0.811411	0.413221	0.413354	-0.000077	0.707145	-0.707068	-0.584476	-0.573755	-0.573754
576	84.099613	39.436689	53.853575	-0.823395	0.401195	0.401328	-0.000077	0.707145	-0.707068	-0.567469	-0.582227	-0.582229
577	83.875064	39.545895	53.962818	-0.835022	0.388996	0.389129	-0.000077	0.707145	-0.707068	-0.550217	-0.590447	-0.590452
578	83.647350	39.651774	54.068733	-0.846288	0.376628	0.376761	-0.000077	0.707145	-0.707068	-0.532726	-0.598412	-0.598419
579	83.416570	39.754281	54.171276	-0.857187	0.364097	0.364230	-0.000077	0.707145	-0.707068	-0.515005	-0.606118	-0.606128
580	83.182824	39.853370	54.270401	-0.867716	0.351409	0.351541	-0.000077	0.707145	-0.707068	-0.497061	-0.613561	-0.613574
581	82.946212	39.948999	54.366067	-0.877869	0.338568	0.338701	-0.000077	0.707145	-0.707068	-0.478901	-0.620739	-0.620755
582	82.706837	40.041127	54.458231	-0.887642	0.325581	0.325713	-0.000077	0.707145	-0.707068	-0.460535	-0.627648	-0.627667
583	82.464804	40.129714	54.546853	-0.897030	0.312453	0.312585	-0.000077	0.707145	-0.707068	-0.441969	-0.634286	-0.634307
584	82.220215	40.214722	54.631896	-0.906031	0.299190	0.299321	-0.000077	0.707145	-0.707068	-0.423212	-0.640649	-0.640672
585	81.973178	40.296113	54.713323	-0.914639	0.285798	0.285928	-0.000077	0.707145	-0.707068	-0.404271	-0.646734	-0.646761
586	81.723800	40.373852	54.791098	-0.922852	0.272281	0.272411	-0.000077	0.707145	-0.707068	-0.385156	-0.652540	-0.652569
587	81.472188	40.447906	54.865188	-0.930665	0.258647	0.258776	-0.000077	0.707145	-0.707068	-0.365874	-0.658063	-0.658095
588	81.218451	40.518243	54.935560	-0.938075	0.244901	0.245030	-0.000077	0.707145	-0.707068	-0.346433	-0.663302	-0.663336
589	80.962699	40.584832	55.002184	-0.945079	0.231049	0.231177	-0.000077	0.707145	-0.707068	-0.326843	-0.668253	-0.668290
590	80.705042	40.647645	55.065031	-0.951674	0.217097	0.217224	-0.000077	0.707145	-0.707068	-0.307111	-0.672915	-0.672955
591	80.445593	40.706653	55.124075	-0.957857	0.203050	0.203177	-0.000077	0.707145	-0.707068	-0.287246	-0.677286	-0.677328
592	80.184464	40.761833	55.179289	-0.963625	0.188916	0.189042	-0.000077	0.707145	-0.707068	-0.267257	-0.681364	-0.681409
593	79.921767	40.813159	55.230649	-0.968977	0.174701	0.174825	-0.000077	0.707145	-0.707068	-0.247152	-0.685146	-0.685194
594	79.657616	40.860610	55.278134	-0.973909	0.160409	0.160532	-0.000077	0.707145	-0.707068	-0.226940	-0.688632	-0.688683
595	79.392126	40.904166	55.321723	-0.978419	0.146048	0.146171	-0.000077	0.707145	-0.707068	-0.206630	-0.691820	-0.691873
596	79.125412	40.943806	55.361396	-0.982506	0.131624	0.131745	-0.000077	0.707145	-0.707068	-0.186230	-0.694709	-0.694764
597	78.857588	40.979514	55.397138	-0.986168	0.117143	0.117263	-0.000077	0.707145	-0.707068	-0.165750	-0.697297	-0.697355
598	78.588771	41.011275	55.428932	-0.989403	0.102612	0.102730	-0.000077	0.707145	-0.707068	-0.145199	-0.699583	-0.699643
599	78.319078	41.039075	55.456764	-0.992209	0.088035	0.088153	-0.000077	0.707145	-0.707068	-0.124584	-0.701566	-0.701629
600	78.048625	41.062902	55.480623	-0.994586	0.073421	0.073537	-0.000077	0.707145	-0.707068	-0.103915	-0.703246	-0.703311
601	77.777528	41.082745	55.500498	-0.996533	0.058775	0.058890	-0.000077	0.707145	-0.707068	-0.083202	-0.704621	-0.704689
602	77.505906	41.098597	55.516380	-0.998048	0.044104	0.044217	-0.000077	0.707145	-0.707068	-0.062452	-0.705692	-0.705761
603	77.233877	41.110449	55.528263	-0.999131	0.029413	0.029525	-0.000077	0.707145	-0.707068	-0.041675	-0.706456	-0.706529
604	76.961556	41.118297	55.536142	-0.999782	0.014710	0.014820	-0.000077	0.707145	-0.707068	-0.020881	-0.706915	-0.706990
605	76.689064	41.122138	55.540013	-1.000000	-0.000000	0.000109	-0.000077	0.707145	-0.707068	-0.000077	-0.707068	-0.707145
606	76.416516	41.121970	55.539874	-0.999785	-0.014710	-0.014603	-0.000077	0.707145	-0.707068	0.020727	-0.706915	-0.706994
607	76.144033	41.117792	55.535726	-0.999138	-0.029413	-0.029308	-0.000077	0.707145	-0.707068	0.041522	-0.706456	-0.706538
608	75.871731	41.109608	55.527570	-0.998058	-0.044104	-0.044000	-0.000077	0.707145	-0.707068	0.062299	-0.705692	-0.705775
609	75.599728	41.097419	55.515410	-0.996546	-0.058775	-0.058673	-0.000077	0.707145	-0.707068	0.083048	-0.704621	-0.704707
610	75.328142	41.081233	55.499251	-0.994602	-0.073421	-0.073321	-0.000077	0.707145	-0.707068	0.103762	-0.703246	-0.703334
611	75.057091	41.061055	55.479100	-0.992228	-0.088035	-0.087937	-0.000077	0.707145	-0.707068	0.124431	-0.701566	-0.701656
612	74.786691	41.036894	55.454966	-0.989425	-0.102612	-0.102515	-0.000077	0.707145	-0.707068	0.145046	-0.699583	-0.699675
613	74.517061	41.008761	55.426859	-0.986193	-0.117143	-0.117049	-0.000077	0.707145	-0.707068	0.165599	-0.697297	-0.697391
614	74.248316	40.976668	55.394792	-0.982535	-0.131624	-0.131532	-0.000077	0.707145	-0.707068	0.186079	-0.694709	-0.694805
615	73.980574	40.940628	55.358778	-0.978451	-0.146048	-0.145958	-0.000077	0.707145	-0.707068	0.206480	-0.691820	-0.691918
616	73.713949	40.900659	55.318833	-0.973944	-0.160409	-0.160321	-0.000077	0.707145	-0.707068	0.226790	-0.688632	-0.688732
617	73.448557	40.856776	55.274974	-0.969015	-0.174701	-0.174614	-0.000077	0.707145	-0.707068	0.247003	-0.685146	-0.685248
618	73.184514	40.808998	55.227220	-0.963666	-0.188916	-0.188832	-0.000077	0.707145	-0.707068	0.267109	-0.681364	-0.681467
619	72.921933	40.757348	55.175592	-0.957901	-0.203050	-0.202968	-0.000077	0.707145	-0.707068	0.287099	-0.677286	-0.677391
620	72.660928	40.701846	55.120112	-0.951721	-0.217097	-0.217017	-0.000077	0.707145	-0.707068	0.306964	-0.672915	-0.673022
621	72.401612	40.642516	55.060805	-0.945129	-0.231049	-0.230971	-0.000077	0.707145	-0.707068	0.326697	-0.668253	-0.668361
622	72.144098	40.579386	54.997695	-0.938128	-0.244901	-0.244826	-0.000077	0.707145	-0.707068	0.346289	-0.663302	-0.663411
623	71.888496	40.512481	54.930811	-0.930721	-0.258647	-0.258574	-0.000077	0.707145	-0.707068	0.365731	-0.658063	-0.658175
624	71.634918	40.441830	54.860180	-0.922911	-0.272281	-0.272211	-0.000077	0.707145	-0.707068	0.385014	-0.652540	-0.652653
625	71.383473	40.367466	54.785835	-0.914701	-0.285798	-0.285729	-0.000077	0.707145	-0.707068	0.404131	-0.646734	-0.646849
626	71.134270	40.289418	54.707806	-0.906096	-0.299190	-0.299124	-0.000077	0.707145	-0.707068	0.423072	-0.640649	-0.640764
627	70.887417	40.207722	54.626128	-0.897098	-0.312453	-0.312390	-0.000077	0.707145	-0.707068	0.441831	-0.634286	-0.634403
628	70.643021	40.122413	54.540836	-0.887712	-0.325581	-0.325520	-0.000077	0.707145	-0.707068	0.460398	-0.627648	-0.627767
629	70.401187	40.033527	54.451967	-0.877942	-0.338568	-0.338510	-0.000077	0.707145	-0.707068	0.478766	-0.620739	-0.620859
630	70.162020	39.941104	54.359560	-0.867792	-0.351409	-0.351353	-0.000077	0.707145	-0.707068	0.496927	-0.613561	-0.613682
631	69.925624	39.845182	54.263653	-0.857266	-0.364097	-0.364043	-0.000077	0.707145	-0.707068	0.514873	-0.606118	-0.606240
632	69.692101	39.745804	54.164290	-0.846370	-0.376628	-0.376577	-0.000077	0.707145	-0.707068	0.532596	-0.598412	-0.598535
633	69.461553	39.643013	54.061513	-0.835106	-0.388996	-0.388947	-0.000077	0.707145	-0.707068	0.550088	-0.590447	-0.590571
634	69.234078	39.536853	53.955366	-0.823482	-0.401195	-0.401149	-0.000077	0.707145	-0.707068	0.567343	-0.582227	-0.582352
635	69.009775	39.427370	53.845895	-0.811501	-0.413221	-0.413177	-0.000077	0.707145	-0.707068	0.584351	-0.573755	-0.573881
636	68.788742	39.314611	53.733148	-0.799168	-0.425067	-0.425027	-0.000077	0.707145	-0.707068	0.601107	-0.565034	-0.565161
637	68.571074	39.198626	53.617174	-0.786490	-0.436730	-0.436692	-0.000077	0.707145	-0.707068	0.617603	-0.556069	-0.556196
638	68.356866	39.079464	53.498022	-0.773471	-0.448204	-0.448169	-0.000077	0.707145	-0.707068	0.633831	-0.546863	-0.546991
639	68.146209	38.957177	53.375745	-0.760118	-0.459484	-0.459451	-0.000077	0.707145	-0.707068	0.649785	-0.537420	-0.537549
640	67.939196	38.831818	53.250395	-0.746436	-0.470565	-0.470535	-0.000077	0.707145	-0.707068	0.665458	-0.527745	-0.527874
641	67.735915	38.703441	53.122026	-0.732430	-0.481442	-0.481415	-0.000077	0.707145	-0.707068	0.680842	-0.517841	-0.517971
642	67.536456	38.572103	52.990695	-0.718107	-0.492111	-0.492086	-0.000077	0.707145	-0.707068	0.695932	-0.507713	-0.507844
643	67.340903	38.437858	52.856457	-0.703474	-0.502567	-0.502545	-0.000077	0.707145	-0.707068	0.710721	-0.497366	-0.497497
644	67.149343	38.300767	52.719372	-0.688536	-0.512805	-0.512786	-0.000077	0.707145	-0.707068	0.725202	-0.486803	-0.486934
645	66.961857	38.160887	52.579497	-0.673300	-0.522821	-0.522805	-0.000077	0.707145	-0.707068	0.739369	-0.476029	-0.476161
646	66.778527	38.018281	52.436895	-0.657773	-0.532611	-0.532598	-0.000077	0.707145	-0.707068	0.753216	-0.465049	-0.465182
647	66.599432	37.873008	52.291626	-0.641961	-0.542171	-0.542160	-0.000077	0.707145	-0.707068	0.766738	-0.453868	-0.454001
648	66.424650	37.725133	52.143754	-0.625871	-0.551496	-0.551487	-0.000077	0.707145	-0.707068	0.779927	-0.442491	-0.442624
649	66.254257	37.574719	51.993343	-0.609510	-0.560582	-0.560576	-0.000077	0.707145	-0.707068	0.792778	-0.430922	-0.431055
650	66.088325	37.421832	51.840456	-0.592885	-0.569425	-0.569423	-0.000077	0.707145	-0.707068	0.805287	-0.419167	-0.419300
651	65.926928	37.266537	51.685162	-0.576004	-0.578022	-0.578022	-0.000077	0.707145	-0.707068	0.817447	-0.407230	-0.407363
652	65.770134	37.108902	51.527527	-0.558873	-0.586369	-0.586372	-0.000077	0.707145	-0.707068	0.829253	-0.395117	-0.395250
653	65.618012	36.948994	51.367619	-0.541501	-0.594462	-0.594468	-0.000077	0.707145	-0.707068	0.840700	-0.382832	-0.382965
654	65.470628	36.786884	51.205507	-0.523894	-0.602298	-0.602306	-0.000077	0.707145	-0.707068	0.851784	-0.370382	-0.370515
655	65.328045	36.622642	51.041262	-0.506060	-0.609873	-0.609884	-0.000077	0.707145	-0.707068	0.862498	-0.357772	-0.357905
656	65.190325	36.456338	50.874955	-0.488007	-0.617184	-0.617198	-0.000077	0.707145	-0.707068	0.872839	-0.345007	-0.345140
657	65.057528	36.288044	50.706657	-0.469744	-0.624228	-0.624244	-0.000077	0.707145	-0.707068	0.882803	-0.332093	-0.332225
658	64.929711	36.117833	50.536442	-0.451276	-0.631001	-0.631021	-0.000077	0.707145	-0.707068	0.892384	-0.319035	-0.319166
659	64.806929	35.945780	50.364383	-0.432614	-0.637502	-0.637524	-0.000077	0.707145	-0.707068	0.901579	-0.305838	-0.305970
660	64.689236	35.771958	50.190555	-0.413764	-0.643726	-0.643751	-0.000077	0.707145	-0.707068	0.910384	-0.292510	-0.292641
661	64.576683	35.596442	50.015033	-0.394735	-0.649672	-0.649700	-0.000077	0.707145	-0.707068	0.918795	-0.279055	-0.279185
662	64.469318	35.419309	49.837892	-0.375535	-0.655337	-0.655368	-0.000077	0.707145	-0.707068	0.926808	-0.265479	-0.265608
663	64.367187	35.240636	49.659211	-0.356173	-0.660718	-0.660751	-0.000077	0.707145	-0.707068	0.934420	-0.251788	-0.251917
664	64.270336	35.060499	49.479065	-0.336656	-0.665813	-0.665849	-0.000077	0.707145	-0.707068	0.941628	-0.237988	-0.238116
665	64.178805	34.878977	49.297533	-0.316994	-0.670620	-0.670659	-0.000077	0.707145	-0.707068	0.948428	-0.224085	-0.224212
666	64.092635	34.696148	49.114693	-0.297194	-0.675137	-0.675178	-0.000077	0.707145	-0.707068	0.954817	-0.210085	-0.210212
667	64.011863	34.512091	48.930625	-0.277266	-0.679361	-0.679405	-0.000077	0.707145	-0.707068	0.960793	-0.195994	-0.196120
668	63.936524	34.326887	48.745409	-0.257218	-0.683292	-0.683338	-0.000077	0.707145	-0.707068	0.966353	-0.181818	-0.181943
669	63.866650	34.140614	48.559124	-0.237059	-0.686926	-0.686975	-0.000077	0.707145	-0.707068	0.971495	-0.167564	-0.167688
670	63.802271	33.953355	48.371851	-0.216797	-0.690264	-0.690315	-0.000077	0.707145	-0.707068	0.976217	-0.153237	-0.153360
671	63.743416	33.765189	48.183671	-0.196441	-0.693302	-0.693356	-0.000077	0.707145	-0.707068	0.980516	-0.138844	-0.138965
672	63.690110	33.576198	47.994665	-0.176000	-0.696041	-0.696097	-0.000077	0.707145	-0.707068	0.984390	-0.124390	-0.124511
673	63.642377	33.386465	47.804916	-0.155483	-0.698478	-0.698537	-0.000077	0.707145	-0.707068	0.987839	-0.109883	-0.110003
674	63.600235	33.196070	47.614506	-0.134898	-0.700613	-0.700674	-0.000077	0.707145	-0.707068	0.990859	-0.095329	-0.095447
675	63.563705	33.005098	47.423517	-0.114256	-0.702444	-0.702508	-0.000077	0.707145	-0.707068	0.993451	-0.080733	-0.080849
676	63.532801	32.813629	47.232031	-0.093563	-0.703972	-0.704038	-0.000077	0.707145	-0.707068	0.995613	-0.066102	-0.066217
677	63.507538	32.621748	47.040131	-0.072831	-0.705195	-0.705263	-0.000077	0.707145	-0.707068	0.997344	-0.051442	-0.051556
678	63.487926	32.429537	46.847902	-0.052066	-0.706112	-0.706183	-0.000077	0.707145	-0.707068	0.998644	-0.036760	-0.036873
679	63.473973	32.237079	46.655425	-0.031280	-0.706724	-0.706797	-0.000077	0.707145	-0.707068	0.999511	-0.022063	-0.022174
680	63.465686	32.044459	46.462784	-0.010479	-0.707030	-0.707106	-0.000077	0.707145	-0.707068	0.999945	-0.007355	-0.007465
681	63.463068	31.851758	46.270062	0.010326	-0.707030	-0.707108	-0.000077	0.707145	-0.707068	0.999947	0.007355	0.007247
682	63.466120	31.659061	46.077344	0.031126	-0.706724	-0.706804	-0.000077	0.707145	-0.707068	0.999515	0.022063	0.021956
683	63.474841	31.466450	45.884712	0.051913	-0.706112	-0.706195	-0.000077	0.707145	-0.707068	0.998652	0.036760	0.036656
684	63.489228	31.274010	45.692249	0.072677	-0.705195	-0.705279	-0.000077	0.707145	-0.707068	0.997355	0.051442	0.051339
685	63.509273	31.081824	45.500039	0.093410	-0.703972	-0.704058	-0.000077	0.707145	-0.707068	0.995628	0.066102	0.066001
686	63.534969	30.889974	45.308166	0.114103	-0.702444	-0.702533	-0.000077	0.707145	-0.707068	0.993469	0.080733	0.080633
687	63.566304	30.698544	45.116712	0.134746	-0.700613	-0.700703	-0.000077	0.707145	-0.707068	0.990880	0.095329	0.095231
688	63.603264	30.507617	44.925760	0.155331	-0.698478	-0.698571	-0.000077	0.707145	-0.707068	0.987862	0.109883	0.109788
689	63.645834	30.317275	44.735393	0.175849	-0.696041	-0.696135	-0.000077	0.707145	-0.707068	0.984417	0.124390	0.124297
690	63.693996	30.127600	44.545692	0.196290	-0.693302	-0.693399	-0.000077	0.707145	-0.707068	0.980546	0.138844	0.138752
691	63.747728	29.938676	44.356742	0.216647	-0.690264	-0.690362	-0.000077	0.707145	-0.707068	0.976250	0.153237	0.153148
692	63.807006	29.750583	44.168622	0.236909	-0.686926	-0.687027	-0.000077	0.707145	-0.707068	0.971532	0.167564	0.167477
693	63.871807	29.563403	43.981414	0.257070	-0.683292	-0.683394	-0.000077	0.707145	-0.707068	0.966393	0.181818	0.181733
694	63.942100	29.377217	43.795201	0.277119	-0.679361	-0.679465	-0.000077	0.707145	-0.707068	0.960836	0.195994	0.195911
695	64.017857	29.192106	43.610061	0.297048	-0.675137	-0.675243	-0.000077	0.707145	-0.707068	0.954863	0.210085	0.210004
696	64.099044	29.008149	43.426076	0.316848	-0.670620	-0.670728	-0.000077	0.707145	-0.707068	0.948476	0.224085	0.224006
697	64.185626	28.825427	43.243324	0.336511	-0.665813	-0.665922	-0.000077	0.707145	-0.707068	0.941679	0.237988	0.237911
698	64.277565	28.644018	43.061885	0.356029	-0.660718	-0.660829	-0.000077	0.707145	-0.707068	0.934475	0.251788	0.251713
699	64.374822	28.464001	42.881838	0.375393	-0.655337	-0.655449	-0.000077	0.707145	-0.707068	0.926866	0.265479	0.265407
700	64.477355	28.285454	42.703261	0.394594	-0.649672	-0.649786	-0.000077	0.707145	-0.707068	0.918856	0.279055	0.278985
701	64.585119	28.108454	42.526230	0.413624	-0.643726	-0.643841	-0.000077	0.707145	-0.707068	0.910448	0.292510	0.292443
702	64.698068	27.933078	42.350822	0.432475	-0.637502	-0.637618	-0.000077	0.707145	-0.707068	0.901646	0.305838	0.305774
703	64.816152	27.759402	42.177114	0.451139	-0.631001	-0.631119	-0.000077	0.707145	-0.707068	0.892454	0.319035	0.318972
704	64.939321	27.587500	42.005181	0.469608	-0.624228	-0.624346	-0.000077	0.707145	-0.707068	0.882875	0.332093	0.332033
705	65.067522	27.417448	41.835096	0.487873	-0.617184	-0.617304	-0.000077	0.707145	-0.707068	0.872914	0.345007	0.344950
706	65.200698	27.249318	41.666933	0.505928	-0.609873	-0.609994	-0.000077	0.707145	-0.707068	0.862576	0.357772	0.357717
707	65.338792	27.083184	41.500767	0.523763	-0.602298	-0.602420	-0.000077	0.707145	-0.707068	0.851864	0.370382	0.370330
708	65.481745	26.919118	41.336667	0.541372	-0.594462	-0.594585	-0.000077	0.707145	-0.707068	0.840783	0.382832	0.382783
709	65.629495	26.757190	41.174705	0.558746	-0.586369	-0.586493	-0.000077	0.707145	-0.707068	0.829339	0.395117	0.395069
710	65.781977	26.597471	41.014952	0.575878	-0.578022	-0.578148	-0.000077	0.707145	-0.707068	0.817535	0.407230	0.407185
711	65.939125	26.440030	40.857477	0.592761	-0.569425	-0.569551	-0.000077	0.707145	-0.707068	0.805378	0.419167	0.419125
712	66.100872	26.284934	40.702347	0.609388	-0.560582	-0.560709	-0.000077	0.707145	-0.707068	0.792872	0.430922	0.430883
713	66.267148	26.132252	40.549630	0.625751	-0.551496	-0.551624	-0.000077	0.707145	-0.707068	0.780023	0.442491	0.442454
714	66.437880	25.982049	40.399392	0.641843	-0.542171	-0.542299	-0.000077	0.707145	-0.707068	0.766836	0.453868	0.453834
715	66.612995	25.834390	40.251698	0.657657	-0.532611	-0.532741	-0.000077	0.707145	-0.707068	0.753318	0.465049	0.465018
716	66.792417	25.689339	40.106612	0.673186	-0.522821	-0.522951	-0.000077	0.707145	-0.707068	0.739473	0.476029	0.476000
717	66.976068	25.546959	39.964196	0.688425	-0.512805	-0.512935	-0.000077	0.707145	-0.707068	0.725308	0.486803	0.486777
718	67.163869	25.407311	39.824513	0.703365	-0.502567	-0.502698	-0.000077	0.707145	-0.707068	0.710829	0.497366	0.497342
719	67.355738	25.270457	39.687623	0.718000	-0.492111	-0.492242	-0.000077	0.707145	-0.707068	0.696043	0.507713	0.507693
720	67.551593	25.136454	39.553584	0.732325	-0.481442	-0.481574	-0.000077	0.707145	-0.707068	0.680955	0.517841	0.517823
721	67.751348	25.005362	39.422456	0.746333	-0.470565	-0.470697	-0.000077	0.707145	-0.707068	0.665572	0.527745	0.527730
722	67.954918	24.877236	39.294294	0.760018	-0.459484	-0.459616	-0.000077	0.707145	-0.707068	0.649902	0.537420	0.537408
723	68.162213	24.752133	39.169155	0.773374	-0.448204	-0.448337	-0.000077	0.707145	-0.707068	0.633950	0.546863	0.546853
724	68.373145	24.630107	39.047093	0.786395	-0.436730	-0.436863	-0.000077	0.707145	-0.707068	0.617724	0.556069	0.556062
725	68.587622	24.511210	38.928159	0.799076	-0.425067	-0.425200	-0.000077	0.707145	-0.707068	0.601230	0.565034	0.565030
726	68.805551	24.395493	38.812407	0.811411	-0.413221	-0.413354	-0.000077	0.707145	-0.707068	0.584476	0.573755	0.573754
727	69.026838	24.283008	38.699885	0.823395	-0.401195	-0.401328	-0.000077	0.707145	-0.707068	0.567469	0.582227	0.582229
728	69.251386	24.173802	38.590643	0.835022	-0.388996	-0.389129	-0.000077	0.707145	-0.707068	0.550217	0.590447	0.590452
729	69.479100	24.067923	38.484727	0.846288	-0.376628	-0.376761	-0.000077	0.707145	-0.707068	0.532726	0.598412	0.598419
730	69.709880	23.965416	38.382185	0.857187	-0.364097	-0.364230	-0.000077	0.707145	-0.707068	0.515005	0.606118	0.606128
731	69.943627	23.866327	38.283059	0.867716	-0.351409	-0.351541	-0.000077	0.707145	-0.707068	0.497061	0.613561	0.613574
732	70.180239	23.770698	38.187394	0.877869	-0.338568	-0.338701	-0.000077	0.707145	-0.707068	0.478901	0.620739	0.620755
733	70.419613	23.678570	38.095230	0.887642	-0.325581	-0.325713	-0.000077	0.707145	-0.707068	0.460535	0.627648	0.627667
734	70.661647	23.589983	38.006607	0.897030	-0.312453	-0.312585	-0.000077	0.707145	-0.707068	0.441969	0.634286	0.634307
735	70.906235	23.504976	37.921564	0.906031	-0.299190	-0.299321	-0.000077	0.707145	-0.707068	0.423212	0.640649	0.640672
736	71.153272	23.423585	37.840137	0.914639	-0.285798	-0.285928	-0.000077	0.707145	-0.707068	0.404271	0.646734	0.646761
737	71.402651	23.345845	37.762362	0.922852	-0.272281	-0.272411	-0.000077	0.707145	-0.707068	0.385156	0.652540	0.652569
738	71.654263	23.271791	37.688273	0.930665	-0.258647	-0.258776	-0.000077	0.707145	-0.707068	0.365874	0.658063	0.658095
739	71.908000	23.201454	37.617901	0.938075	-0.244901	-0.245030	-0.000077	0.707145	-0.707068	0.346433	0.663302	0.663336
740	72.163752	23.134865	37.551277	0.945079	-0.231049	-0.231177	-0.000077	0.707145	-0.707068	0.326843	0.668253	0.668290
741	72.421408	23.072053	37.488429	0.951674	-0.217097	-0.217224	-0.000077	0.707145	-0.707068	0.307111	0.672915	0.672955
742	72.680857	23.013044	37.429386	0.957857	-0.203050	-0.203177	-0.000077	0.707145	-0.707068	0.287246	0.677286	0.677328
743	72.941987	22.957864	37.374172	0.963625	-0.188916	-0.189042	-0.000077	0.707145	-0.707068	0.267257	0.681364	0.681409
744	73.204684	22.906538	37.322811	0.968977	-0.174701	-0.174825	-0.000077	0.707145	-0.707068	0.247152	0.685146	0.685194
745	73.468834	22.859087	37.275326	0.973909	-0.160409	-0.160532	-0.000077	0.707145	-0.707068	0.226940	0.688632	0.688683
746	73.734324	22.815532	37.231738	0.978419	-0.146048	-0.146171	-0.000077	0.707145	-0.707068	0.206630	0.691820	0.691873
747	74.001039	22.775891	37.192064	0.982506	-0.131624	-0.131745	-0.000077	0.707145	-0.707068	0.186230	0.694709	0.694764
748	74.268862	22.740183	37.156322	0.986168	-0.117143	-0.117263	-0.000077	0.707145	-0.707068	0.165750	0.697297	0.697355
749	74.537679	22.708422	37.124529	0.989403	-0.102612	-0.102730	-0.000077	0.707145	-0.707068	0.145199	0.699583	0.699643
750	74.807372	22.680622	37.096696	0.992209	-0.088035	-0.088153	-0.000077	0.707145	-0.707068	0.124584	0.701566	0.701629
751	75.077826	22.656795	37.072838	0.994586	-0.073421	-0.073537	-0.000077	0.707145	-0.707068	0.103915	0.703246	0.703311
752	75.348922	22.636952	37.052963	0.996533	-0.058775	-0.058890	-0.000077	0.707145	-0.707068	0.083202	0.704621	0.704689
753	75.620544	22.621101	37.037080	0.998048	-0.044104	-0.044217	-0.000077	0.707145	-0.707068	0.062452	0.705692	0.705761
754	75.892574	22.609248	37.025197	0.999131	-0.029413	-0.029525	-0.000077	0.707145	-0.707068	0.041675	0.706456	0.706529
755	76.164894	22.601400	37.017318	0.999782	-0.014710	-0.014820	-0.000077	0.707145	-0.707068	0.020881	0.706915	0.706990
756	76.437387	22.597559	37.013448	1.000000	0.000000	-0.000109	-0.000077	0.707145	-0.707068	0.000077	0.707068	0.707145
757	76.687387	22.597559	37.013420	1.000000	0.000000	-0.000109	-0.000077	0.707145	-0.707068	0.000077	0.707068	0.707145
758	76.937387	22.597559	37.013393	1.000000	0.000000	-0.000109	-0.000077	0.707145	-0.707068	0.000077	0.707068	0.707145
759	77.187387	22.597559	37.013366	1.000000	0.000000	-0.000109	-0.000077	0.707145	-0.707068	0.000077	0.707068	0.707145
760	77.437387	22.597559	37.013339	1.000000	0.000000	-0.000109	-0.000077	0.707145	-0.707068	0.000077	0.707068	0.707145
761	77.687387	22.597559	37.013312	1.000000	0.000000	-0.000109	-0.000077	0.707145	-0.707068	0.000077	0.707068	0.707145
762	77.937387	22.597559	37.013285	1.000000	0.000000	-0.000109	-0.000077	0.707145	-0.707068	0.000077	0.707068	0.707145
763	78.187387	22.597559	37.013257	1.000000	0.000000	-0.000109	-0.000077	0.707145	-0.707068	0.000077	0.707068	0.707145
764	78.437387	22.597559	37.013230	1.000000	0.000000	-0.000109	-0.000077	0.707145	-0.707068	0.000077	0.707068	0.707145
765	78.687387	22.597559	37.013203	1.000000	0.000000	-0.000109	-0.000077	0.707145	-0.707068	0.000077	0.707068	0.707145
766	78.937387	22.597559	37.013176	1.000000	0.000000	-0.000109	-0.000077	0.707145	-0.707068	0.000077	0.707068	0.707145
767	79.187387	22.597559	37.013149	1.000000	0.000000	-0.000109	-0.000077	0.707145	-0.707068	0.000077	0.707068	0.707145
768	79.437387	22.597559	37.013122	1.000000	0.000000	-0.000109	-0.000077	0.707145	-0.707068	0.000077	0.707068	0.707145
769	79.687387	22.597559	37.013094	1.000000	0.000000	-0.000109	-0.000077	0.707145	-0.707068	0.000077	0.707068	0.707145
770	79.937387	22.597559	37.013067	1.000000	0.000000	-0.000109	-0.000077	0.707145	-0.707068	0.000077	0.707068	0.707145
771	80.187387	22.597559	37.013040	1.000000	0.000000	-0.000109	-0.000077	0.707145	-0.707068	0.000077	0.707068	0.707145
772	80.437387	22.597559	37.013013	1.000000	0.000000	-0.000109	-0.000077	0.707145	-0.707068	0.000077	0.707068	0.707145
773	80.687387	22.597559	37.012986	1.000000	0.000000	-0.000109	-0.000077	0.707145	-0.707068	0.000077	0.707068	0.707145
774	80.937387	22.597559	37.012959	1.000000	0.000000	-0.000109	-0.000077	0.707145	-0.707068	0.000077	0.707068	0.707145
775	81.187387	22.597559	37.012931	1.000000	0.000000	-0.000109	-0.000077	0.707145	-0.707068	0.000077	0.707068	0.707145
776	81.437387	22.597559	37.012904	1.000000	0.000000	-0.000109	-0.000077	0.707145	-0.707068	0.000077	0.707068	0.707145
777	81.687387	22.597559	37.012877	1.000000	0.000000	-0.000109	-0.000077	0.707145	-0.707068	0.000077	0.707068	0.707145
778	81.937387	22.597559	37.012850	1.000000	0.000000	-0.000109	-0.000077	0.707145	-0.707068	0.000077	0.707068	0.707145
779	82.187387	22.597559	37.012823	1.000000	0.000000	-0.000109	-0.000077	0.707145	-0.707068	0.000077	0.707068	0.707145
780	82.437387	22.597559	37.012796	1.000000	0.000000	-0.000109	-0.000077	0.707145	-0.707068	0.000077	0.707068	0.707145
781	82.687387	22.597559	37.012768	1.000000	0.000000	-0.000109	-0.000077	0.707145	-0.707068	0.000077	0.707068	0.707145
782	82.937387	22.597559	37.012741	1.000000	0.000000	-0.000109	-0.000077	0.707145	-0.707068	0.000077	0.707068	0.707145
783	83.187387	22.597559	37.012714	1.000000	0.000000	-0.000109	-0.000077	0.707145	-0.707068	0.000077	0.707068	0.707145
784	83.437387	22.597559	37.012687	1.000000	0.000000	-0.000109	-0.000077	0.707145	-0.707068	0.000077	0.707068	0.707145
785	83.687387	22.597559	37.012660	1.000000	0.000000	-0.000109	-0.000077	0.707145	-0.707068	0.000077	0.707068	0.707145
786	83.937387	22.597559	37.012633	1.000000	0.000000	-0.000109	-0.000077	0.707145	-0.707068	0.000077	0.707068	0.707145
787	84.187387	22.597559	37.012605	1.000000	0.000000	-0.000109	-0.000077	0.707145	-0.707068	0.000077	0.707068	0.707145
788	84.437387	22.597559	37.012578	1.000000	0.000000	-0.000109	-0.000077	0.707145	-0.707068	0.000077	0.707068	0.707145
789	84.687119	22.597547	37.012563	1.000000	-0.000098	-0.000022	0.000054	0.707134	-0.707079	0.000085	0.707079	0.707134
790	84.937138	22.597487	37.012593	1.000000	-0.000197	0.000433	0.000446	0.707102	-0.707112	-0.000167	0.707112	0.707102
791	85.187444	22.597378	37.012762	0.999999	-0.000295	0.001258	0.001099	0.707047	-0.707165	-0.000681	0.707166	0.707047
792	85.438037	22.597220	37.013161	0.999997	-0.000394	0.002452	0.002013	0.706971	-0.707240	-0.001455	0.707242	0.706970
793	85.688915	22.597014	37.013884	0.999992	-0.000492	0.004014	0.003187	0.706873	-0.707333	-0.002489	0.707340	0.706869
794	85.940077	22.596760	37.015024	0.999982	-0.000591	0.005943	0.004622	0.706754	-0.707445	-0.003783	0.707459	0.706744
795	86.191521	22.596457	37.016675	0.999966	-0.000689	0.008240	0.006318	0.706612	-0.707573	-0.005334	0.707600	0.706593
796	86.443244	22.596107	37.018929	0.999940	-0.000788	0.010901	0.008272	0.706450	-0.707715	-0.007144	0.707763	0.706414
797	86.695242	22.595708	37.021881	0.999903	-0.000887	0.013928	0.010486	0.706265	-0.707870	-0.009209	0.707947	0.706206
798	86.947511	22.595261	37.025623	0.999850	-0.000985	0.017317	0.012958	0.706060	-0.708034	-0.011529	0.708152	0.705966
799	87.200045	22.594766	37.030249	0.999777	-0.001084	0.021067	0.015688	0.705832	-0.708205	-0.014102	0.708378	0.705692
800	87.452838	22.594223	37.035852	0.999682	-0.001182	0.025177	0.018675	0.705584	-0.708380	-0.016927	0.708625	0.705382
801	87.705882	22.593632	37.042525	0.999560	-0.001281	0.029645	0.021919	0.705314	-0.708556	-0.020001	0.708894	0.705032
802	87.959167	22.592994	37.050361	0.999405	-0.001380	0.034468	0.025417	0.705023	-0.708729	-0.023323	0.709183	0.704639
803	88.212683	22.592309	37.059452	0.999213	-0.001479	0.039645	0.029169	0.704711	-0.708895	-0.026890	0.709493	0.704199
804	88.466418	22.591576	37.069890	0.998978	-0.001577	0.045172	0.033174	0.704378	-0.709049	-0.030699	0.709823	0.703711
805	88.720359	22.590796	37.081768	0.998695	-0.001676	0.051046	0.037430	0.704024	-0.709189	-0.034749	0.710174	0.703168
806	88.974489	22.589970	37.095176	0.998357	-0.001775	0.057265	0.041937	0.703650	-0.709308	-0.039035	0.710545	0.702569
807	89.228793	22.589097	37.110205	0.997959	-0.001874	0.063825	0.046691	0.703255	-0.709403	-0.043556	0.710935	0.701907
808	89.483251	22.588177	37.126945	0.997494	-0.001973	0.070724	0.051692	0.702839	-0.709468	-0.048307	0.711346	0.701180
809	89.737843	22.587211	37.145485	0.996955	-0.002072	0.077956	0.056938	0.702403	-0.709498	-0.053286	0.711776	0.700382
810	89.992546	22.586199	37.165913	0.996334	-0.002171	0.085518	0.062427	0.701947	-0.709488	-0.058488	0.712225	0.699510
811	90.247336	22.585142	37.188318	0.995626	-0.002271	0.093405	0.068155	0.701471	-0.709431	-0.063910	0.712694	0.698558
812	90.502186	22.584039	37.212785	0.994821	-0.002370	0.101614	0.074122	0.700976	-0.709323	-0.069548	0.713181	0.697521
813	90.757067	22.582890	37.239401	0.993913	-0.002469	0.110138	0.080324	0.700460	-0.709157	-0.075396	0.713687	0.696395
814	91.011949	22.581697	37.268250	0.992894	-0.002569	0.118974	0.086758	0.699925	-0.708927	-0.081452	0.714212	0.695174
815	91.266799	22.580459	37.299414	0.991756	-0.002668	0.128114	0.093421	0.699371	-0.708627	-0.087709	0.714754	0.693854
816	91.521580	22.579176	37.332977	0.990490	-0.002768	0.137555	0.100311	0.698798	-0.708251	-0.094163	0.715314	0.692430
817	91.776257	22.577849	37.369018	0.989089	-0.002867	0.147288	0.107423	0.698205	-0.707792	-0.100808	0.715892	0.690896
818	92.030788	22.576479	37.407616	0.987545	-0.002967	0.157309	0.114755	0.697594	-0.707244	-0.107639	0.716487	0.689246
819	92.285131	22.575065	37.448848	0.985849	-0.003067	0.167610	0.122301	0.696965	-0.706599	-0.114651	0.717099	0.687477
820	92.539243	22.573608	37.492791	0.983992	-0.003167	0.178184	0.130058	0.696317	-0.705852	-0.121837	0.717727	0.685583
821	92.793076	22.572108	37.539518	0.981967	-0.003267	0.189024	0.138022	0.695652	-0.704995	-0.129192	0.718372	0.683558
822	93.046582	22.570565	37.589101	0.979765	-0.003367	0.200121	0.146188	0.694968	-0.704023	-0.136708	0.719032	0.681398
823	93.299708	22.568980	37.641610	0.977379	-0.003467	0.211469	0.154550	0.694267	-0.702928	-0.144379	0.719709	0.679098
824	93.552401	22.567354	37.697112	0.974799	-0.003567	0.223058	0.163104	0.693549	-0.701703	-0.152199	0.720400	0.676653
825	93.804606	22.565686	37.755674	0.972018	-0.003667	0.234879	0.171845	0.692814	-0.700341	-0.160159	0.721107	0.674058
826	94.056263	22.563977	37.817357	0.969027	-0.003768	0.246925	0.180766	0.692062	-0.698837	-0.168254	0.721828	0.671308
827	94.307312	22.562227	37.882224	0.965820	-0.003868	0.259184	0.189862	0.691293	-0.697184	-0.176475	0.722564	0.668400
828	94.557691	22.560436	37.950331	0.962389	-0.003969	0.271648	0.199127	0.690509	-0.695375	-0.184815	0.723313	0.665328
829	94.807336	22.558606	38.021736	0.958725	-0.004070	0.284306	0.208553	0.689708	-0.693403	-0.193266	0.724076	0.662089
830	95.056178	22.556736	38.096489	0.954822	-0.004170	0.297148	0.218135	0.688892	-0.691263	-0.201820	0.724852	0.658679
831	95.304150	22.554827	38.174643	0.950674	-0.004271	0.310163	0.227865	0.688061	-0.688948	-0.210468	0.725641	0.655095
832	95.551180	22.552879	38.256243	0.946272	-0.004372	0.323341	0.237736	0.687214	-0.686453	-0.219203	0.726442	0.651331
833	95.797197	22.550893	38.341334	0.941612	-0.004474	0.336670	0.247741	0.686353	-0.683772	-0.228016	0.727255	0.647387
834	96.042126	22.548869	38.429956	0.936687	-0.004575	0.350138	0.257871	0.685478	-0.680898	-0.236897	0.728079	0.643258
835	96.285892	22.546807	38.522148	0.931491	-0.004676	0.363735	0.268119	0.684588	-0.677828	-0.245839	0.728915	0.638942
836	96.528415	22.544708	38.617943	0.926019	-0.004778	0.377446	0.278477	0.683685	-0.674555	-0.254832	0.729761	0.634436
837	96.769619	22.542572	38.717374	0.920267	-0.004880	0.391262	0.288936	0.682769	-0.671076	-0.263867	0.730618	0.629739
838	97.009423	22.540400	38.820467	0.914229	-0.004981	0.405168	0.299487	0.681840	-0.667385	-0.272935	0.731485	0.624849
839	97.247745	22.538192	38.927248	0.907902	-0.005083	0.419153	0.310121	0.680897	-0.663478	-0.282027	0.732361	0.619764
840	97.484503	22.535949	39.037736	0.901282	-0.005185	0.433203	0.320831	0.679943	-0.659352	-0.291134	0.733246	0.614484
841	97.719614	22.533670	39.151949	0.894366	-0.005287	0.447305	0.331605	0.678977	-0.655003	-0.300247	0.734140	0.609007
842	97.952994	22.531357	39.269900	0.887151	-0.005390	0.461447	0.342435	0.677999	-0.650427	-0.309355	0.735043	0.603334
843	98.184557	22.529010	39.391600	0.879636	-0.005492	0.475615	0.353312	0.677011	-0.645622	-0.318451	0.735953	0.597463
844	98.414219	22.526630	39.517054	0.871819	-0.005594	0.489796	0.364225	0.676011	-0.640585	-0.327524	0.736870	0.591397
845	98.641894	22.524216	39.646264	0.863699	-0.005697	0.503976	0.375165	0.675001	-0.635315	-0.336565	0.737795	0.585135
846	98.867495	22.521769	39.779230	0.855274	-0.005800	0.518143	0.386121	0.673981	-0.629809	-0.345566	0.738726	0.578679
847	99.090938	22.519290	39.915946	0.846547	-0.005903	0.532282	0.397085	0.672952	-0.624066	-0.354516	0.739663	0.572029
848	99.312137	22.516779	40.056403	0.837516	-0.006006	0.546380	0.408046	0.671914	-0.618086	-0.363408	0.740605	0.565189
849	99.531005	22.514236	40.200588	0.828184	-0.006109	0.560424	0.418994	0.670866	-0.611868	-0.372232	0.741553	0.558160
850	99.747458	22.511663	40.348485	0.818551	-0.006212	0.574400	0.429918	0.669811	-0.605412	-0.380979	0.742506	0.550945
851	99.961412	22.509059	40.500074	0.808621	-0.006315	0.588296	0.440809	0.668748	-0.598719	-0.389640	0.743463	0.543547
852	100.172783	22.506425	40.655331	0.798396	-0.006419	0.602098	0.451656	0.667677	-0.591789	-0.398208	0.744423	0.535970
853	100.381488	22.503761	40.814228	0.787880	-0.006523	0.615794	0.462450	0.666599	-0.584624	-0.406674	0.745388	0.528217
854	100.587446	22.501068	40.976735	0.777077	-0.006627	0.629370	0.473181	0.665515	-0.577225	-0.415030	0.746355	0.520292
855	100.790576	22.498346	41.142815	0.765992	-0.006730	0.642815	0.483839	0.664425	-0.569596	-0.423268	0.747325	0.512201
856	100.990800	22.495596	41.312432	0.754630	-0.006835	0.656115	0.494413	0.663329	-0.561739	-0.431381	0.748297	0.503947
857	101.188040	22.492818	41.485542	0.742996	-0.006939	0.669260	0.504895	0.662228	-0.553656	-0.439361	0.749270	0.495536
858	101.382220	22.490013	41.662103	0.731098	-0.007043	0.682236	0.515274	0.661122	-0.545353	-0.447201	0.750245	0.486974
859	101.573268	22.487180	41.842064	0.718941	-0.007148	0.695034	0.525543	0.660012	-0.536832	-0.454894	0.751221	0.478266
860	101.761112	22.484322	42.025374	0.706534	-0.007252	0.707642	0.535691	0.658898	-0.528099	-0.462434	0.752197	0.469419
861	101.945682	22.481437	42.211980	0.693884	-0.007357	0.720049	0.545709	0.657781	-0.519159	-0.469815	0.753173	0.460439
862	102.126911	22.478526	42.401823	0.681000	-0.007462	0.732245	0.555590	0.656661	-0.510016	-0.477031	0.754149	0.451332
863	102.304735	22.475590	42.594844	0.667891	-0.007567	0.744220	0.565324	0.655539	-0.500678	-0.484077	0.755124	0.442106
864	102.479092	22.472630	42.790978	0.654566	-0.007672	0.755966	0.574904	0.654414	-0.491149	-0.490947	0.756097	0.432768
865	102.649924	22.469645	42.990162	0.641034	-0.007777	0.767473	0.584323	0.653288	-0.481437	-0.497637	0.757069	0.423325
866	102.817176	22.466635	43.192331	0.627299	-0.007883	0.778738	0.593576	0.652161	-0.471543	-0.504146	0.758039	0.413779
867	102.980797	22.463601	43.397422	0.613367	-0.007988	0.789758	0.602661	0.651033	-0.461472	-0.510472	0.759008	0.404136
868	103.140735	22.460543	43.605369	0.599240	-0.008094	0.800528	0.611573	0.649903	-0.451226	-0.516613	0.759974	0.394398
869	103.296941	22.457460	43.816106	0.584925	-0.008200	0.811046	0.620310	0.648771	-0.440807	-0.522569	0.760939	0.384569
870	103.449367	22.454352	44.029566	0.570425	-0.008306	0.821308	0.628869	0.647638	-0.430220	-0.528337	0.761903	0.374652
871	103.597963	22.451220	44.245681	0.555744	-0.008412	0.831311	0.637245	0.646504	-0.419466	-0.533917	0.762864	0.364651
872	103.742685	22.448063	44.464383	0.540889	-0.008518	0.841051	0.645436	0.645368	-0.408550	-0.539307	0.763824	0.354570
873	103.883487	22.444882	44.685602	0.525862	-0.008625	0.850526	0.653438	0.644231	-0.397474	-0.544507	0.764783	0.344412
874	104.020325	22.441676	44.909268	0.510669	-0.008731	0.859733	0.661249	0.643092	-0.386241	-0.549515	0.765739	0.334181
875	104.153157	22.438445	45.135310	0.495315	-0.008838	0.868668	0.668865	0.641952	-0.374856	-0.554330	0.766694	0.323880
876	104.281942	22.435189	45.363656	0.479805	-0.008945	0.877330	0.676284	0.640810	-0.363321	-0.558952	0.767647	0.313513
877	104.406639	22.431909	45.594234	0.464143	-0.009052	0.885714	0.683502	0.639668	-0.351640	-0.563380	0.768598	0.303084
878	104.527210	22.428604	45.826970	0.448334	-0.009159	0.893819	0.690517	0.638523	-0.339816	-0.567612	0.769548	0.292596
879	104.643618	22.425274	46.061790	0.432384	-0.009266	0.901642	0.697325	0.637377	-0.327853	-0.571649	0.770496	0.282053
880	104.755826	22.421919	46.298621	0.416297	-0.009373	0.909180	0.703925	0.636230	-0.315755	-0.575489	0.771442	0.271459
881	104.863800	22.418539	46.537387	0.400078	-0.009480	0.916432	0.710313	0.635082	-0.303525	-0.579132	0.772387	0.260817
882	104.967506	22.415134	46.778013	0.383734	-0.009588	0.923394	0.716486	0.633932	-0.291167	-0.582577	0.773330	0.250131
883	105.066912	22.411705	47.020421	0.367268	-0.009696	0.930065	0.722443	0.632780	-0.278684	-0.585825	0.774271	0.239404
884	105.161988	22.408250	47.264536	0.350686	-0.009804	0.936442	0.728181	0.631628	-0.266082	-0.588874	0.775210	0.228641
885	105.252705	22.404770	47.510280	0.333993	-0.009912	0.942524	0.733697	0.630473	-0.253363	-0.591725	0.776148	0.217846
886	105.339034	22.401266	47.757575	0.317194	-0.010020	0.948308	0.738988	0.629318	-0.240531	-0.594377	0.777083	0.207020
887	105.420949	22.397736	48.006342	0.300295	-0.010128	0.953792	0.744054	0.628161	-0.227590	-0.596830	0.778018	0.196170
888	105.498425	22.394181	48.256503	0.283302	-0.010236	0.958976	0.748891	0.627003	-0.214546	-0.599084	0.778950	0.185297
889	105.571438	22.390601	48.507979	0.266219	-0.010345	0.963857	0.753498	0.625843	-0.201400	-0.601140	0.779881	0.174406
890	105.639966	22.386995	48.760691	0.249051	-0.010453	0.968434	0.757871	0.624682	-0.188158	-0.602996	0.780809	0.163500
891	105.703987	22.383365	49.014557	0.231805	-0.010562	0.972705	0.762011	0.623519	-0.174824	-0.604654	0.781737	0.152583
892	105.763484	22.379709	49.269498	0.214486	-0.010671	0.976669	0.765913	0.622355	-0.161402	-0.606113	0.782662	0.141659
893	105.818436	22.376028	49.525433	0.197099	-0.010780	0.980324	0.769577	0.621190	-0.147896	-0.607374	0.783586	0.130732
894	105.868829	22.372322	49.782281	0.179649	-0.010889	0.983671	0.773002	0.620024	-0.134311	-0.608436	0.784508	0.119804
895	105.914647	22.368590	50.039961	0.162143	-0.010998	0.986706	0.776184	0.618856	-0.120650	-0.609302	0.785428	0.108880
896	105.955875	22.364833	50.298391	0.144585	-0.011108	0.989430	0.779123	0.617686	-0.106918	-0.609970	0.786346	0.097962
897	105.992503	22.361051	50.557490	0.126981	-0.011217	0.991842	0.781817	0.616515	-0.093120	-0.610441	0.787263	0.087056
898	106.024518	22.357243	50.817175	0.109338	-0.011327	0.993940	0.784264	0.615343	-0.079260	-0.610717	0.788178	0.076163
899	106.051913	22.353410	51.077365	0.091659	-0.011437	0.995725	0.786464	0.614170	-0.065342	-0.610797	0.789091	0.065289
900	106.074678	22.349551	51.337977	0.073952	-0.011547	0.997195	0.788415	0.612995	-0.051371	-0.610683	0.790002	0.054436
901	106.092808	22.345667	51.598929	0.056221	-0.011657	0.998350	0.790115	0.611819	-0.037351	-0.610374	0.790912	0.043607
902	106.106297	22.341757	51.860139	0.038472	-0.011767	0.999190	0.791565	0.610642	-0.023287	-0.609873	0.791820	0.032807
903	106.115143	22.337822	52.121523	0.020711	-0.011877	0.999715	0.792762	0.609463	-0.009183	-0.609180	0.792726	0.022038
904	106.119342	22.333861	52.383000	0.002943	-0.011987	0.999924	0.793705	0.608282	0.004956	-0.608296	0.793630	0.011305
905	106.118896	22.329874	52.644486	-0.014825	-0.012098	0.999817	0.794395	0.607101	0.019125	-0.607221	0.794533	0.000610
906	106.113803	22.325862	52.905900	-0.032589	-0.012209	0.999394	0.794829	0.605918	0.033321	-0.605958	0.795433	-0.010043
907	106.104068	22.321824	53.167158	-0.050343	-0.012319	0.998656	0.795008	0.604734	0.047537	-0.604507	0.796332	-0.020650
908	106.089694	22.317760	53.428179	-0.068082	-0.012430	0.997602	0.794930	0.603548	0.061771	-0.602869	0.797230	-0.031209
909	106.070686	22.313671	53.688879	-0.085798	-0.012541	0.996234	0.794596	0.602361	0.076016	-0.601046	0.798125	-0.041716
910	106.047051	22.309556	53.949177	-0.103488	-0.012653	0.994550	0.794004	0.601173	0.090268	-0.599039	0.799019	-0.052168
911	106.018797	22.305415	54.208990	-0.121146	-0.012764	0.992553	0.793155	0.599984	0.104524	-0.596849	0.799911	-0.062562
912	105.985934	22.301248	54.468236	-0.138765	-0.012875	0.990242	0.792048	0.598793	0.118777	-0.594479	0.800801	-0.072893
913	105.948474	22.297056	54.726834	-0.156340	-0.012987	0.987618	0.790682	0.597600	0.133023	-0.591928	0.801689	-0.083161
914	105.906428	22.292837	54.984702	-0.173866	-0.013098	0.984682	0.789059	0.596407	0.147258	-0.589200	0.802575	-0.093360
915	105.859811	22.288593	55.241759	-0.191338	-0.013210	0.981435	0.787177	0.595212	0.161477	-0.586295	0.803460	-0.103488
916	105.808639	22.284323	55.497923	-0.208749	-0.013322	0.977879	0.785037	0.594016	0.175675	-0.583216	0.804343	-0.113542
917	105.752928	22.280026	55.753114	-0.226094	-0.013434	0.974013	0.782639	0.592818	0.189847	-0.579963	0.805224	-0.123519
918	105.692697	22.275704	56.007252	-0.243368	-0.013546	0.969840	0.779984	0.591620	0.203989	-0.576539	0.806103	-0.133415
919	105.627965	22.271356	56.260256	-0.260565	-0.013658	0.965360	0.777071	0.590420	0.218096	-0.572946	0.806981	-0.143229
920	105.558754	22.266981	56.512047	-0.277680	-0.013771	0.960575	0.773901	0.589218	0.232164	-0.569185	0.807857	-0.152957
921	105.485087	22.262581	56.762545	-0.294707	-0.013883	0.955487	0.770474	0.588016	0.246186	-0.565259	0.808730	-0.162595
922	105.406988	22.258154	57.011671	-0.311641	-0.013996	0.950097	0.766791	0.586812	0.260160	-0.561169	0.809603	-0.172143
923	105.324481	22.253702	57.259347	-0.328477	-0.014109	0.944407	0.762854	0.585606	0.274079	-0.556917	0.810473	-0.181595
924	105.237595	22.249223	57.505496	-0.345210	-0.014222	0.938418	0.758662	0.584400	0.287940	-0.552506	0.811341	-0.190951
925	105.146356	22.244718	57.750039	-0.361833	-0.014335	0.932133	0.754216	0.583192	0.301738	-0.547937	0.812208	-0.200207
926	105.050795	22.240187	57.992899	-0.378342	-0.014448	0.925553	0.749517	0.581983	0.315468	-0.543214	0.813073	-0.209360
927	104.950943	22.235629	58.234000	-0.394732	-0.014561	0.918681	0.744567	0.580772	0.329125	-0.538337	0.813936	-0.218408
928	104.846832	22.231045	58.473267	-0.410997	-0.014674	0.911519	0.739367	0.579560	0.342705	-0.533309	0.814797	-0.227348
929	104.738495	22.226435	58.710624	-0.427132	-0.014788	0.904068	0.733917	0.578347	0.356203	-0.528133	0.815657	-0.236178
930	104.625968	22.221799	58.945996	-0.443133	-0.014901	0.896332	0.728219	0.577133	0.369615	-0.522811	0.816514	-0.244895
931	104.509287	22.217136	59.179310	-0.458993	-0.015015	0.888313	0.722274	0.575918	0.382935	-0.517345	0.817370	-0.253497
932	104.388490	22.212446	59.410491	-0.474709	-0.015129	0.880013	0.716084	0.574701	0.396160	-0.511738	0.818224	-0.261982
933	104.263614	22.207731	59.639468	-0.490275	-0.015243	0.871435	0.709650	0.573483	0.409285	-0.505991	0.819076	-0.270347
934	104.134702	22.202989	59.866169	-0.505686	-0.015357	0.862581	0.702974	0.572263	0.422305	-0.500109	0.819926	-0.278590
935	104.001793	22.198220	60.090521	-0.520937	-0.015471	0.853455	0.696058	0.571043	0.435216	-0.494092	0.820775	-0.286708
936	103.864931	22.193425	60.312455	-0.536024	-0.015586	0.844059	0.688904	0.569821	0.448013	-0.487945	0.821621	-0.294701
937	103.724160	22.188603	60.531902	-0.550941	-0.015700	0.834396	0.681512	0.568598	0.460693	-0.481669	0.822466	-0.302564
938	103.579525	22.183755	60.748791	-0.565685	-0.015815	0.824470	0.673886	0.567373	0.473249	-0.475266	0.823309	-0.310297
939	103.431072	22.178881	60.963056	-0.580250	-0.015929	0.814283	0.666027	0.566148	0.485679	-0.468741	0.824150	-0.317898
940	103.278849	22.173979	61.174628	-0.594631	-0.016044	0.803839	0.657938	0.564921	0.497978	-0.462095	0.824989	-0.325363
941	103.122905	22.169051	61.383442	-0.608825	-0.016159	0.793140	0.649620	0.563692	0.510141	-0.455330	0.825827	-0.332693
942	102.963289	22.164097	61.589432	-0.622826	-0.016274	0.782191	0.641077	0.562463	0.522165	-0.448451	0.826662	-0.339884
943	102.800053	22.159115	61.792534	-0.636631	-0.016389	0.770995	0.632309	0.561232	0.534044	-0.441460	0.827496	-0.346935
944	102.633248	22.154107	61.992683	-0.650234	-0.016504	0.759555	0.623320	0.560001	0.545776	-0.434359	0.828328	-0.353844
945	102.462930	22.149072	62.189818	-0.663632	-0.016620	0.747874	0.614113	0.558767	0.557355	-0.427151	0.829158	-0.360610
946	102.289151	22.144011	62.383875	-0.676821	-0.016735	0.735958	0.604689	0.557533	0.568778	-0.419839	0.829986	-0.367230
947	102.111967	22.138922	62.574796	-0.689795	-0.016851	0.723808	0.595052	0.556297	0.580040	-0.412427	0.830812	-0.373704
948	101.931435	22.133807	62.762519	-0.702552	-0.016966	0.711430	0.585204	0.555061	0.591138	-0.404916	0.831637	-0.380030
949	101.747613	22.128665	62.946986	-0.715087	-0.017082	0.698827	0.575148	0.553823	0.602068	-0.397311	0.832459	-0.386206
950	101.560559	22.123496	63.128140	-0.727395	-0.017198	0.686003	0.564887	0.552583	0.612825	-0.389613	0.833280	-0.392232
951	101.370333	22.118300	63.305923	-0.739474	-0.017314	0.672962	0.554424	0.551343	0.623406	-0.381827	0.834099	-0.398105
952	101.176995	22.113077	63.480281	-0.751320	-0.017430	0.659708	0.543762	0.550101	0.633807	-0.373954	0.834916	-0.403824
953	100.980608	22.107828	63.651158	-0.762927	-0.017547	0.646246	0.532905	0.548858	0.644024	-0.365998	0.835731	-0.409388
954	100.781234	22.102551	63.818502	-0.774294	-0.017663	0.632579	0.521854	0.547614	0.654054	-0.357962	0.836545	-0.414797
955	100.578937	22.097247	63.982260	-0.785416	-0.017780	0.618713	0.510614	0.546369	0.663893	-0.349849	0.837356	-0.420048
956	100.373780	22.091916	64.142381	-0.796290	-0.017896	0.604650	0.499188	0.545122	0.673537	-0.341662	0.838166	-0.425142
957	100.165830	22.086559	64.298815	-0.806912	-0.018013	0.590397	0.487580	0.543875	0.682983	-0.333404	0.838973	-0.430076
958	99.955153	22.081174	64.451513	-0.817279	-0.018130	0.575956	0.475792	0.542626	0.692228	-0.325079	0.839779	-0.434851
959	99.741815	22.075762	64.600428	-0.827388	-0.018247	0.561334	0.463829	0.541375	0.701267	-0.316688	0.840583	-0.439464
960	99.525885	22.070322	64.745513	-0.837236	-0.018364	0.546534	0.451693	0.540124	0.710098	-0.308236	0.841385	-0.443916
961	99.307431	22.064856	64.886724	-0.846818	-0.018481	0.531561	0.439390	0.538872	0.718717	-0.299726	0.842185	-0.448206
962	99.086523	22.059362	65.024016	-0.856133	-0.018598	0.516420	0.426921	0.537618	0.727121	-0.291160	0.842983	-0.452333
963	98.863231	22.053842	65.157347	-0.865178	-0.018716	0.501116	0.414291	0.536363	0.735308	-0.282542	0.843780	-0.456296
964	98.637626	22.048293	65.286675	-0.873949	-0.018833	0.485653	0.401505	0.535107	0.743273	-0.273874	0.844574	-0.460094
965	98.409781	22.042718	65.411960	-0.882444	-0.018951	0.470036	0.388565	0.533850	0.751014	-0.265161	0.845367	-0.463729
966	98.179766	22.037116	65.533163	-0.890659	-0.019069	0.454271	0.375476	0.532591	0.758528	-0.256405	0.846158	-0.467198
967	97.947656	22.031486	65.650247	-0.898594	-0.019186	0.438362	0.362242	0.531332	0.765811	-0.247609	0.846947	-0.470501
968	97.713525	22.025828	65.763176	-0.906244	-0.019304	0.422315	0.348867	0.530071	0.772863	-0.238776	0.847734	-0.473639
969	97.477446	22.020144	65.871914	-0.913607	-0.019422	0.406134	0.335355	0.528809	0.779678	-0.229910	0.848519	-0.476610
970	97.239494	22.014431	65.976428	-0.920682	-0.019541	0.389824	0.321710	0.527546	0.786256	-0.221014	0.849302	-0.479415
971	96.999746	22.008692	66.076686	-0.927466	-0.019659	0.373391	0.307937	0.526281	0.792592	-0.212090	0.850083	-0.482054
972	96.758277	22.002925	66.172657	-0.933956	-0.019777	0.356840	0.294039	0.525016	0.798686	-0.203142	0.850863	-0.484527
973	96.515164	21.997131	66.264311	-0.940151	-0.019896	0.340176	0.280021	0.523749	0.804534	-0.194174	0.851640	-0.486832
974	96.270484	21.991309	66.351620	-0.946049	-0.020014	0.323404	0.265888	0.522482	0.810134	-0.185187	0.852416	-0.488972
975	96.024314	21.985459	66.434557	-0.951648	-0.020133	0.306530	0.251644	0.521213	0.815483	-0.176185	0.853189	-0.490945
976	95.776734	21.979582	66.513098	-0.956946	-0.020252	0.289559	0.237293	0.519943	0.820580	-0.167172	0.853961	-0.492751
977	95.527821	21.973678	66.587217	-0.961941	-0.020371	0.272496	0.222840	0.518671	0.825423	-0.158150	0.854731	-0.494392
978	95.277655	21.967745	66.656893	-0.966632	-0.020490	0.255347	0.208289	0.517399	0.830008	-0.149123	0.855499	-0.495867
979	95.026314	21.961786	66.722104	-0.971018	-0.020609	0.238117	0.193645	0.516126	0.834336	-0.140093	0.856265	-0.497176
980	94.773878	21.955798	66.782831	-0.975096	-0.020728	0.220812	0.178913	0.514851	0.838403	-0.131064	0.857029	-0.498321
981	94.520428	21.949783	66.839054	-0.978866	-0.020848	0.203437	0.164097	0.513575	0.842207	-0.122038	0.857791	-0.499300
982	94.266044	21.943740	66.890758	-0.982327	-0.020967	0.185997	0.149202	0.512298	0.845748	-0.113019	0.858552	-0.500116
983	94.010806	21.937669	66.937926	-0.985476	-0.021087	0.168498	0.134233	0.511020	0.849023	-0.104009	0.859310	-0.500768
984	93.754795	21.931571	66.980545	-0.988314	-0.021206	0.150946	0.119194	0.509741	0.852031	-0.095012	0.860067	-0.501257
985	93.498092	21.925445	67.018602	-0.990840	-0.021326	0.133347	0.104091	0.508461	0.854771	-0.086031	0.860821	-0.501583
986	93.240779	21.919291	67.052085	-0.993052	-0.021446	0.115705	0.088928	0.507179	0.857240	-0.077067	0.861574	-0.501748
987	92.982937	21.913109	67.080986	-0.994950	-0.021566	0.098026	0.073709	0.505897	0.859439	-0.068126	0.862324	-0.501752
988	92.724648	21.906900	67.105296	-0.996533	-0.021686	0.080316	0.058441	0.504613	0.861365	-0.059208	0.863073	-0.501597
989	92.465993	21.900662	67.125007	-0.997802	-0.021806	0.062581	0.043128	0.503328	0.863018	-0.050318	0.863820	-0.501281
990	92.207054	21.894397	67.140116	-0.998754	-0.021927	0.044826	0.027774	0.502043	0.864397	-0.041458	0.864565	-0.500808
991	91.947914	21.888104	67.150617	-0.999391	-0.022047	0.027056	0.012385	0.500756	0.865500	-0.032630	0.865308	-0.500177
992	91.688654	21.881782	67.156508	-0.999711	-0.022168	0.009278	-0.003035	0.499467	0.866327	-0.023839	0.866049	-0.499390
993	91.429356	21.875433	67.157789	-0.999715	-0.022288	-0.008503	-0.018480	0.498178	0.866878	-0.015085	0.866788	-0.498448
994	91.170103	21.869056	67.154460	-0.999403	-0.022409	-0.026281	-0.033945	0.496888	0.867151	-0.006373	0.867525	-0.497352
995	90.910975	21.862651	67.146522	-0.998775	-0.022530	-0.044051	-0.049425	0.495597	0.867145	0.002295	0.868261	-0.496103
996	90.652056	21.856218	67.133980	-0.997831	-0.022651	-0.061808	-0.064916	0.494304	0.866862	0.010917	0.868994	-0.494702
997	90.393427	21.849756	67.116838	-0.996571	-0.022772	-0.079545	-0.080412	0.493011	0.866299	0.019489	0.869725	-0.493151
998	90.135169	21.843267	67.095102	-0.994996	-0.022893	-0.097257	-0.095908	0.491716	0.865458	0.028010	0.870455	-0.491451
999	89.877365	21.836749	67.068780	-0.993106	-0.023014	-0.114938	-0.111399	0.490420	0.864337	0.036476	0.871182	-0.489603
1000	89.620096	21.830204	67.037882	-0.990902	-0.023135	-0.132583	-0.126881	0.489123	0.862937	0.044885	0.871908	-0.487609
1001	89.363442	21.823630	67.002417	-0.988384	-0.023257	-0.150186	-0.142347	0.487826	0.861257	0.053234	0.872631	-0.485470
1002	89.107486	21.817028	66.962399	-0.985554	-0.023378	-0.167741	-0.157793	0.486527	0.859298	0.061522	0.873353	-0.483187
1003	88.852307	21.810398	66.917840	-0.982412	-0.023500	-0.185244	-0.173214	0.485227	0.857060	0.069744	0.874073	-0.480763
1004	88.597987	21.803739	66.868756	-0.978958	-0.023622	-0.202688	-0.188605	0.483925	0.854543	0.077900	0.874790	-0.478198
1005	88.344606	21.797053	66.815163	-0.975196	-0.023744	-0.220068	-0.203961	0.482623	0.851748	0.085986	0.875506	-0.475495
1006	88.092244	21.790338	66.757079	-0.971124	-0.023865	-0.237378	-0.219276	0.481320	0.848675	0.094001	0.876220	-0.472655
1007	87.840979	21.783595	66.694523	-0.966745	-0.023987	-0.254613	-0.234545	0.480016	0.845324	0.101941	0.876932	-0.469679
1008	87.590893	21.776823	66.627516	-0.962061	-0.024110	-0.271768	-0.249764	0.478710	0.841697	0.109805	0.877642	-0.466570
1009	87.342062	21.770023	66.556079	-0.957071	-0.024232	-0.288837	-0.264927	0.477404	0.837794	0.117591	0.878350	-0.463329
1010	87.094567	21.763195	66.480237	-0.951779	-0.024354	-0.305815	-0.280030	0.476097	0.833616	0.125295	0.879056	-0.459959
1011	86.848485	21.756338	66.400014	-0.946186	-0.024477	-0.322696	-0.295067	0.474788	0.829163	0.132917	0.879760	-0.456460
1012	86.603893	21.749453	66.315436	-0.940293	-0.024599	-0.339475	-0.310034	0.473478	0.824437	0.140454	0.880462	-0.452835
1013	86.360868	21.742539	66.226531	-0.934103	-0.024722	-0.356146	-0.324925	0.472168	0.819440	0.147903	0.881162	-0.449086
1014	86.119488	21.735597	66.133328	-0.927617	-0.024844	-0.372705	-0.339735	0.470856	0.814171	0.155263	0.881860	-0.445215
1015	85.879828	21.728627	66.035857	-0.920838	-0.024967	-0.389146	-0.354459	0.469544	0.808633	0.162532	0.882556	-0.441223
1016	85.641964	21.721628	65.934151	-0.913767	-0.025090	-0.405464	-0.369093	0.468230	0.802827	0.169707	0.883250	-0.437113
1017	85.405970	21.714601	65.828241	-0.906406	-0.025213	-0.421654	-0.383632	0.466915	0.796754	0.176788	0.883943	-0.432887
1018	85.171921	21.707544	65.718163	-0.898759	-0.025336	-0.437710	-0.398070	0.465599	0.790416	0.183771	0.884633	-0.428547
1019	84.939891	21.700460	65.603951	-0.890828	-0.025460	-0.453628	-0.412403	0.464283	0.783814	0.190656	0.885321	-0.424095
1020	84.709952	21.693347	65.485644	-0.882614	-0.025583	-0.469402	-0.426626	0.462965	0.776951	0.197440	0.886007	-0.419533
1021	84.482177	21.686205	65.363278	-0.874121	-0.025706	-0.485028	-0.440735	0.461646	0.769829	0.204122	0.886692	-0.414864
1022	84.256638	21.679034	65.236894	-0.865351	-0.025830	-0.500500	-0.454723	0.460326	0.762448	0.210699	0.887374	-0.410089
1023	84.033404	21.671835	65.106533	-0.856307	-0.025953	-0.515814	-0.468587	0.459005	0.754811	0.217171	0.888054	-0.405211
1024	83.812548	21.664607	64.972236	-0.846993	-0.026077	-0.530965	-0.482322	0.457683	0.746921	0.223536	0.888733	-0.400232
1025	83.594137	21.657351	64.834047	-0.837410	-0.026201	-0.545947	-0.495924	0.456360	0.738779	0.229792	0.889409	-0.395154
1026	83.378241	21.650066	64.692010	-0.827562	-0.026325	-0.560757	-0.509387	0.455037	0.730388	0.235938	0.890084	-0.389980
1027	83.164928	21.642752	64.546171	-0.817452	-0.026449	-0.575390	-0.522707	0.453712	0.721750	0.241972	0.890756	-0.384712
1028	82.954263	21.635409	64.396577	-0.807083	-0.026573	-0.589840	-0.535879	0.452386	0.712868	0.247892	0.891426	-0.379353
1029	82.746315	21.628037	64.243275	-0.796458	-0.026697	-0.604104	-0.548900	0.451059	0.703743	0.253699	0.892095	-0.373904
1030	82.541147	21.620637	64.086316	-0.785582	-0.026821	-0.618176	-0.561764	0.449731	0.694380	0.259389	0.892761	-0.368368
1031	82.338824	21.613208	63.925750	-0.774456	-0.026945	-0.632053	-0.574467	0.448402	0.684780	0.264962	0.893426	-0.362747
1032	82.139410	21.605750	63.761627	-0.763086	-0.027070	-0.645730	-0.587005	0.447072	0.674946	0.270417	0.894088	-0.357045
1033	81.942967	21.598263	63.594001	-0.751474	-0.027194	-0.659202	-0.599373	0.445741	0.664881	0.275753	0.894749	-0.351263
1034	81.749556	21.590747	63.422926	-0.739624	-0.027319	-0.672466	-0.611567	0.444410	0.654588	0.280968	0.895407	-0.345403
1035	81.559239	21.583202	63.248456	-0.727539	-0.027444	-0.685517	-0.623583	0.443077	0.644071	0.286061	0.896063	-0.339469
1036	81.372075	21.575628	63.070647	-0.715224	-0.027568	-0.698351	-0.635417	0.441743	0.633331	0.291032	0.896718	-0.333463
1037	81.188122	21.568026	62.889557	-0.702683	-0.027693	-0.710964	-0.647064	0.440408	0.622373	0.295879	0.897370	-0.327387
1038	81.007438	21.560394	62.705242	-0.689919	-0.027818	-0.723352	-0.658521	0.439073	0.611200	0.300601	0.898021	-0.321244
1039	80.830080	21.552733	62.517763	-0.676937	-0.027943	-0.735510	-0.669784	0.437736	0.599814	0.305198	0.898669	-0.315036
1040	80.656103	21.545044	62.327178	-0.663740	-0.028069	-0.747436	-0.680848	0.436398	0.588220	0.309669	0.899316	-0.308766
1041	80.485561	21.537325	62.133550	-0.650333	-0.028194	-0.759125	-0.691709	0.435060	0.576421	0.314013	0.899960	-0.302436
1042	80.318508	21.529577	61.936939	-0.636721	-0.028319	-0.770574	-0.702365	0.433720	0.564420	0.318230	0.900603	-0.296049
1043	80.154996	21.521800	61.737409	-0.622906	-0.028445	-0.781779	-0.712811	0.432380	0.552221	0.322318	0.901243	-0.289607
1044	79.995075	21.513994	61.535024	-0.608894	-0.028570	-0.792737	-0.723043	0.431038	0.539828	0.326277	0.901881	-0.283114
1045	79.838797	21.506159	61.329848	-0.594689	-0.028696	-0.803443	-0.733058	0.429696	0.527245	0.330106	0.902518	-0.276571
1046	79.686209	21.498295	61.121946	-0.580296	-0.028821	-0.813895	-0.742852	0.428352	0.514475	0.333806	0.903152	-0.269981
1047	79.537359	21.490401	60.911385	-0.565719	-0.028947	-0.824090	-0.752422	0.427008	0.501522	0.337375	0.903784	-0.263347
1048	79.392293	21.482479	60.698233	-0.550963	-0.029073	-0.834023	-0.761765	0.425663	0.488391	0.340814	0.904415	-0.256671
1049	79.251057	21.474527	60.482556	-0.536033	-0.029199	-0.843692	-0.770876	0.424317	0.475085	0.344121	0.905043	-0.249956
1050	79.113694	21.466546	60.264425	-0.520932	-0.029325	-0.853094	-0.779753	0.422969	0.461608	0.347296	0.905669	-0.243205
1051	78.980248	21.458535	60.043908	-0.505667	-0.029451	-0.862226	-0.788393	0.421621	0.447964	0.350340	0.906294	-0.236419
1052	78.850759	21.450496	59.821075	-0.490241	-0.029577	-0.871085	-0.796792	0.420272	0.434159	0.353252	0.906916	-0.229602
1053	78.725268	21.442427	59.595999	-0.474660	-0.029704	-0.879668	-0.804947	0.418923	0.420195	0.356031	0.907536	-0.222756
1054	78.603814	21.434328	59.368749	-0.458928	-0.029830	-0.887972	-0.812856	0.417572	0.406078	0.358679	0.908154	-0.215883
1055	78.486434	21.426201	59.139400	-0.443051	-0.029957	-0.895996	-0.820515	0.416220	0.391812	0.361194	0.908770	-0.208987
1056	78.373165	21.418044	58.908024	-0.427034	-0.030083	-0.903735	-0.827921	0.414867	0.377401	0.363577	0.909384	-0.202069
1057	78.264041	21.409858	58.674694	-0.410882	-0.030210	-0.911188	-0.835073	0.413514	0.362849	0.365827	0.909997	-0.195133
1058	78.159097	21.401642	58.439484	-0.394599	-0.030337	-0.918353	-0.841967	0.412159	0.348162	0.367946	0.910607	-0.188180
1059	78.058364	21.393397	58.202471	-0.378191	-0.030463	-0.925226	-0.848600	0.410804	0.333344	0.369932	0.911215	-0.181214
1060	77.961874	21.385122	57.963728	-0.361664	-0.030590	-0.931807	-0.854970	0.409448	0.318399	0.371786	0.911821	-0.174236
1061	77.869657	21.376818	57.723333	-0.345021	-0.030717	-0.938092	-0.861076	0.408090	0.303333	0.373509	0.912425	-0.167250
1062	77.781741	21.368485	57.481361	-0.328270	-0.030844	-0.944080	-0.866913	0.406732	0.288149	0.375100	0.913026	-0.160257
1063	77.698152	21.360122	57.237889	-0.311414	-0.030972	-0.949769	-0.872481	0.405373	0.272853	0.376561	0.913626	-0.153261
1064	77.618916	21.351729	56.992995	-0.294460	-0.031099	-0.955158	-0.877777	0.404014	0.257450	0.377890	0.914224	-0.146263
1065	77.544058	21.343307	56.746757	-0.277412	-0.031226	-0.960243	-0.882799	0.402653	0.241945	0.379090	0.914820	-0.139267
1066	77.473600	21.334856	56.499252	-0.260276	-0.031353	-0.965025	-0.887544	0.401291	0.226341	0.380159	0.915414	-0.132274
1067	77.407564	21.326375	56.250560	-0.243058	-0.031481	-0.969501	-0.892012	0.399929	0.210645	0.381100	0.916005	-0.125287
1068	77.345969	21.317864	56.000760	-0.225763	-0.031609	-0.973669	-0.896200	0.398565	0.194862	0.381911	0.916595	-0.118309
1069	77.288835	21.309323	55.749930	-0.208396	-0.031736	-0.977529	-0.900107	0.397201	0.178995	0.382595	0.917183	-0.111341
1070	77.236178	21.300753	55.498150	-0.190964	-0.031864	-0.981080	-0.903730	0.395836	0.163052	0.383151	0.917768	-0.104387
1071	77.188015	21.292154	55.245501	-0.173470	-0.031992	-0.984319	-0.907069	0.394470	0.147035	0.383580	0.918352	-0.097447
1072	77.144359	21.283525	54.992062	-0.155922	-0.032120	-0.987247	-0.910122	0.393103	0.130951	0.383884	0.918933	-0.090526
1073	77.105223	21.274866	54.737915	-0.138324	-0.032248	-0.989862	-0.912887	0.391735	0.114806	0.384062	0.919513	-0.083625
1074	77.070619	21.266177	54.483138	-0.120682	-0.032376	-0.992163	-0.915364	0.390367	0.098602	0.384115	0.920090	-0.076746
1075	77.040557	21.257459	54.227815	-0.103002	-0.032504	-0.994150	-0.917551	0.388997	0.082348	0.384045	0.920665	-0.069892
1076	77.015045	21.248710	53.972024	-0.085290	-0.032632	-0.995822	-0.919447	0.387627	0.066046	0.383852	0.921239	-0.063064
1077	76.994091	21.239933	53.715848	-0.067550	-0.032760	-0.997178	-0.921052	0.386256	0.049703	0.383537	0.921810	-0.056265
1078	76.977700	21.231125	53.459367	-0.049789	-0.032889	-0.998218	-0.922363	0.384884	0.033324	0.383102	0.922379	-0.049498
1079	76.965876	21.222287	53.202664	-0.032012	-0.033017	-0.998942	-0.923382	0.383511	0.016914	0.382547	0.922946	-0.042764
1080	76.958623	21.213420	52.945819	-0.014224	-0.033146	-0.999349	-0.924106	0.382137	0.000479	0.381873	0.923511	-0.036066
1081	76.955941	21.204523	52.688913	0.003567	-0.033274	-0.999440	-0.924535	0.380762	-0.015977	0.381081	0.924074	-0.029405
1082	76.957831	21.195596	52.432028	0.021358	-0.033403	-0.999214	-0.924669	0.379387	-0.032447	0.380173	0.924635	-0.022784
1083	76.964291	21.186639	52.175246	0.039142	-0.033532	-0.998671	-0.924507	0.378011	-0.048927	0.379149	0.925194	-0.016204
1084	76.975318	21.177653	51.918647	0.056913	-0.033661	-0.997812	-0.924050	0.376634	-0.065412	0.378011	0.925750	-0.009669
1085	76.990907	21.168636	51.662313	0.074667	-0.033790	-0.996636	-0.923296	0.375256	-0.081895	0.376761	0.926305	-0.003179
1086	77.011053	21.159589	51.406326	0.092397	-0.033919	-0.995144	-0.922247	0.373877	-0.098372	0.375399	0.926858	0.003264
1087	77.035749	21.150513	51.150765	0.110098	-0.034048	-0.993337	-0.920901	0.372498	-0.114837	0.373926	0.927408	0.009657
1088	77.064984	21.141406	50.895712	0.127763	-0.034177	-0.991216	-0.919259	0.371117	-0.131284	0.372344	0.927957	0.015998
1089	77.098750	21.132270	50.641248	0.145389	-0.034306	-0.988780	-0.917321	0.369736	-0.147710	0.370655	0.928503	0.022286
1090	77.137035	21.123104	50.387453	0.162968	-0.034435	-0.986030	-0.915087	0.368354	-0.164107	0.368860	0.929048	0.028519
1091	77.179825	21.113907	50.134407	0.180496	-0.034565	-0.982968	-0.912558	0.366972	-0.180471	0.366959	0.929590	0.034694
1092	77.227106	21.104681	49.882191	0.197966	-0.034694	-0.979595	-0.909734	0.365588	-0.196796	0.364956	0.930130	0.040811
1093	77.278862	21.095424	49.630883	0.215374	-0.034824	-0.975911	-0.906617	0.364204	-0.213077	0.362850	0.930668	0.046868
1094	77.335076	21.086138	49.380564	0.232713	-0.034953	-0.971917	-0.903205	0.362818	-0.229309	0.360645	0.931204	0.052863
1095	77.395729	21.076821	49.131312	0.249979	-0.035083	-0.967615	-0.899501	0.361432	-0.245487	0.358340	0.931738	0.058793
1096	77.460801	21.067474	48.883207	0.267166	-0.035213	-0.963007	-0.895506	0.360046	-0.261604	0.355938	0.932270	0.064659
1097	77.530271	21.058097	48.636327	0.284268	-0.035343	-0.958093	-0.891219	0.358658	-0.277656	0.353441	0.932800	0.070457
1098	77.604114	21.048690	48.390748	0.301279	-0.035473	-0.952876	-0.886643	0.357270	-0.293638	0.350850	0.933327	0.076186
1099	77.682308	21.039253	48.146550	0.318196	-0.035603	-0.947356	-0.881778	0.355881	-0.309544	0.348166	0.933853	0.081846
1100	77.764826	21.029786	47.903810	0.335011	-0.035733	-0.941536	-0.876625	0.354491	-0.325368	0.345392	0.934377	0.087434
1101	77.851642	21.020288	47.662602	0.351720	-0.035863	-0.935418	-0.871187	0.353100	-0.341107	0.342529	0.934898	0.092949
1102	77.942726	21.010760	47.423005	0.368318	-0.035993	-0.929003	-0.865464	0.351709	-0.356754	0.339579	0.935417	0.098390
1103	78.038050	21.001203	47.185093	0.384799	-0.036123	-0.922293	-0.859458	0.350316	-0.372304	0.336543	0.935935	0.103755
1104	78.137581	20.991614	46.948942	0.401158	-0.036254	-0.915291	-0.853171	0.348923	-0.387752	0.333424	0.936450	0.109043
1105	78.241288	20.981996	46.714625	0.417390	-0.036384	-0.907999	-0.846604	0.347530	-0.403094	0.330223	0.936963	0.114252
1106	78.349137	20.972347	46.482218	0.433489	-0.036515	-0.900419	-0.839760	0.346135	-0.418323	0.326941	0.937474	0.119382
1107	78.461093	20.962668	46.251792	0.449451	-0.036645	-0.892553	-0.832639	0.344740	-0.433435	0.323582	0.937983	0.124432
1108	78.577119	20.952959	46.023421	0.465271	-0.036776	-0.884404	-0.825245	0.343344	-0.448426	0.320146	0.938490	0.129399
1109	78.697178	20.943219	45.797176	0.480943	-0.036907	-0.875975	-0.817579	0.341947	-0.463289	0.316635	0.938994	0.134283
1110	78.821231	20.933449	45.573129	0.496463	-0.037037	-0.867268	-0.809644	0.340549	-0.478020	0.313052	0.939497	0.139083
1111	78.949238	20.923649	45.351350	0.511825	-0.037168	-0.858285	-0.801441	0.339151	-0.492614	0.309398	0.939997	0.143798
1112	79.081157	20.913818	45.131909	0.527025	-0.037299	-0.849031	-0.792974	0.337752	-0.507066	0.305675	0.940496	0.148427
1113	79.216945	20.903957	44.914876	0.542057	-0.037430	-0.839508	-0.784244	0.336352	-0.521371	0.301885	0.940992	0.152968
1114	79.356560	20.894066	44.700317	0.556918	-0.037561	-0.829718	-0.775255	0.334952	-0.535525	0.298030	0.941486	0.157421
1115	79.499955	20.884144	44.488302	0.571602	-0.037692	-0.819665	-0.766008	0.333551	-0.549523	0.294112	0.941978	0.161786
1116	79.647085	20.874192	44.278895	0.586105	-0.037823	-0.809352	-0.756507	0.332149	-0.563359	0.290133	0.942468	0.166060
1117	79.797901	20.864209	44.072164	0.600422	-0.037955	-0.798782	-0.746755	0.330746	-0.577031	0.286095	0.942956	0.170244
1118	79.952357	20.854196	43.868174	0.614549	-0.038086	-0.787959	-0.736754	0.329343	-0.590531	0.281999	0.943442	0.174337
1119	80.110401	20.844152	43.666987	0.628480	-0.038217	-0.776886	-0.726507	0.327938	-0.603858	0.277849	0.943926	0.178338
1120	80.271983	20.834078	43.468668	0.642213	-0.038349	-0.765566	-0.716018	0.326534	-0.617004	0.273645	0.944407	0.182246
1121	80.437051	20.823973	43.273278	0.655742	-0.038480	-0.754004	-0.705289	0.325128	-0.629968	0.269389	0.944887	0.186060
1122	80.605551	20.813838	43.080880	0.669062	-0.038612	-0.742203	-0.694324	0.323722	-0.642743	0.265085	0.945364	0.189781
1123	80.777431	20.803672	42.891532	0.682171	-0.038744	-0.730166	-0.683126	0.322315	-0.655326	0.260733	0.945839	0.193407
1124	80.952634	20.793476	42.705296	0.695063	-0.038875	-0.717897	-0.671699	0.320907	-0.667712	0.256336	0.946313	0.196938
1125	81.131104	20.783249	42.522228	0.707734	-0.039007	-0.705401	-0.660046	0.319499	-0.679897	0.251895	0.946784	0.200374
1126	81.312784	20.772991	42.342386	0.720181	-0.039139	-0.692681	-0.648171	0.318089	-0.691877	0.247414	0.947252	0.203713
1127	81.497616	20.762703	42.165828	0.732400	-0.039271	-0.679741	-0.636076	0.316680	-0.703648	0.242893	0.947719	0.206957
1128	81.685540	20.752385	41.992607	0.744386	-0.039403	-0.666586	-0.623767	0.315269	-0.715206	0.238335	0.948184	0.210104
1129	81.876497	20.742035	41.822778	0.756136	-0.039535	-0.653219	-0.611247	0.313858	-0.726547	0.233742	0.948646	0.213154
1130	82.070424	20.731655	41.656394	0.767647	-0.039667	-0.639645	-0.598519	0.312446	-0.737667	0.229116	0.949107	0.216107
1131	82.267261	20.721245	41.493507	0.778913	-0.039799	-0.625867	-0.585587	0.311034	-0.748562	0.224458	0.949565	0.218962
1132	82.466943	20.710803	41.334168	0.789933	-0.039932	-0.611892	-0.572457	0.309620	-0.759229	0.219771	0.950021	0.221720
1133	82.669407	20.700331	41.178427	0.800702	-0.040064	-0.597722	-0.559130	0.308206	-0.769664	0.215057	0.950476	0.224381
1134	82.874588	20.689829	41.026333	0.811217	-0.040196	-0.583362	-0.545613	0.306792	-0.779862	0.210318	0.950927	0.226943
1135	83.082421	20.679295	40.877932	0.821474	-0.040329	-0.568818	-0.531908	0.305377	-0.789822	0.205556	0.951377	0.229408
1136	83.292839	20.668731	40.733271	0.831471	-0.040461	-0.554093	-0.518021	0.303961	-0.799539	0.200773	0.951825	0.231775
1137	83.505774	20.658136	40.592395	0.841204	-0.040594	-0.539192	-0.503956	0.302544	-0.809009	0.195970	0.952271	0.234044
1138	83.721160	20.647510	40.455348	0.850670	-0.040726	-0.524120	-0.489716	0.301127	-0.818230	0.191150	0.952714	0.236215
1139	83.938926	20.636854	40.322173	0.859867	-0.040859	-0.508881	-0.475307	0.299709	-0.827199	0.186315	0.953155	0.238289
1140	84.159004	20.626166	40.192910	0.868790	-0.040992	-0.493481	-0.460732	0.298290	-0.835912	0.181466	0.953595	0.240265
1141	84.381322	20.615448	40.067601	0.877437	-0.041125	-0.477925	-0.445997	0.296871	-0.844366	0.176606	0.954032	0.242144
1142	84.605811	20.604699	39.946283	0.885807	-0.041257	-0.462217	-0.431107	0.295451	-0.852558	0.171737	0.954467	0.243926
1143	84.832398	20.593920	39.828995	0.893895	-0.041390	-0.446362	-0.416065	0.294031	-0.860486	0.166860	0.954899	0.245611
1144	85.061011	20.583109	39.715772	0.901699	-0.041523	-0.430366	-0.400877	0.292610	-0.868146	0.161977	0.955330	0.247200
1145	85.291578	20.572267	39.606650	0.909217	-0.041656	-0.414233	-0.385547	0.291188	-0.875536	0.157091	0.955759	0.248693
1146	85.524024	20.561395	39.501663	0.916447	-0.041790	-0.397968	-0.370080	0.289765	-0.882653	0.152203	0.956185	0.250089
1147	85.758275	20.550492	39.400843	0.923386	-0.041923	-0.381577	-0.354481	0.288342	-0.889495	0.147315	0.956609	0.251390
1148	85.994258	20.539558	39.304220	0.930032	-0.042056	-0.365065	-0.338756	0.286919	-0.896059	0.142429	0.957031	0.252597
1149	86.231896	20.528593	39.211825	0.936382	-0.042189	-0.348438	-0.322908	0.285494	-0.902343	0.137546	0.957451	0.253709
1150	86.471114	20.517596	39.123686	0.942435	-0.042323	-0.331699	-0.306944	0.284069	-0.908345	0.132669	0.957869	0.254726
1151	86.711835	20.506570	39.039831	0.948190	-0.042456	-0.314856	-0.290867	0.282644	-0.914062	0.127799	0.958285	0.255651
1152	86.953984	20.495512	38.960283	0.953643	-0.042589	-0.297912	-0.274684	0.281218	-0.919492	0.122939	0.958698	0.256483
1153	87.197483	20.484423	38.885069	0.958793	-0.042723	-0.280874	-0.258400	0.279791	-0.924633	0.118089	0.959110	0.257222
1154	87.442254	20.473303	38.814210	0.963640	-0.042857	-0.263746	-0.242018	0.278363	-0.929484	0.113252	0.959519	0.257870
1155	87.688219	20.462152	38.747729	0.968180	-0.042990	-0.246535	-0.225546	0.276935	-0.934043	0.108429	0.959926	0.258427
1156	87.935301	20.450970	38.685646	0.972413	-0.043124	-0.229246	-0.208988	0.275507	-0.938307	0.103622	0.960331	0.258894
1157	88.183421	20.439757	38.627978	0.976337	-0.043258	-0.211884	-0.192349	0.274078	-0.942276	0.098833	0.960734	0.259272
1158	88.432499	20.428513	38.574744	0.979951	-0.043391	-0.194455	-0.175635	0.272648	-0.945947	0.094064	0.961135	0.259561
1159	88.682457	20.417238	38.525959	0.983254	-0.043525	-0.176964	-0.158850	0.271217	-0.949320	0.089315	0.961533	0.259762
1160	88.933215	20.405932	38.481638	0.986246	-0.043659	-0.159417	-0.142002	0.269786	-0.952392	0.084589	0.961930	0.259876
1161	89.184693	20.394595	38.441794	0.988923	-0.043793	-0.141819	-0.125094	0.268355	-0.955163	0.079887	0.962324	0.259904
1162	89.436811	20.383226	38.406439	0.991287	-0.043927	-0.124176	-0.108132	0.266923	-0.957632	0.075211	0.962716	0.259847
1163	89.689490	20.371827	38.375583	0.993337	-0.044061	-0.106494	-0.091122	0.265490	-0.959798	0.070563	0.963106	0.259706
1164	89.942649	20.360396	38.349234	0.995070	-0.044195	-0.088778	-0.074069	0.264057	-0.961659	0.065943	0.963494	0.259481
1165	90.196207	20.348935	38.327400	0.996488	-0.044330	-0.071034	-0.056979	0.262623	-0.963215	0.061354	0.963880	0.259175
1166	90.450085	20.337442	38.310087	0.997590	-0.044464	-0.053267	-0.039857	0.261188	-0.964465	0.056796	0.964263	0.258787
1167	90.704201	20.325918	38.297299	0.998375	-0.044598	-0.035483	-0.022708	0.259753	-0.965408	0.052272	0.964645	0.258318
1168	90.958474	20.314363	38.289039	0.998842	-0.044732	-0.017688	-0.005539	0.258318	-0.966044	0.047783	0.965024	0.257771
1169	91.212825	20.302777	38.285310	0.998993	-0.044867	0.000112	0.011646	0.256881	-0.966373	0.043329	0.965401	0.257145
1170	91.467173	20.291159	38.286111	0.998826	-0.045001	0.017913	0.028840	0.255445	-0.966393	0.038913	0.965776	0.256443
1171	91.721436	20.279510	38.291440	0.998342	-0.045136	0.035707	0.046038	0.254007	-0.966106	0.034536	0.966149	0.255664
1172	91.975534	20.267830	38.301296	0.997542	-0.045270	0.053491	0.063235	0.252569	-0.965510	0.030199	0.966519	0.254811
1173	92.229387	20.256119	38.315674	0.996424	-0.045405	0.071257	0.080425	0.251131	-0.964606	0.025903	0.966888	0.253885
1174	92.482914	20.244377	38.334569	0.994990	-0.045540	0.089001	0.097603	0.249692	-0.963394	0.021650	0.967254	0.252886
1175	92.736034	20.232603	38.357973	0.993240	-0.045674	0.106716	0.114762	0.248253	-0.961873	0.017440	0.967618	0.251816
1176	92.988668	20.220798	38.385878	0.991174	-0.045809	0.124398	0.131898	0.246813	-0.960045	0.013276	0.967980	0.250677
1177	93.240735	20.208962	38.418274	0.988794	-0.045944	0.142040	0.149004	0.245372	-0.957909	0.009158	0.968340	0.249468
1178	93.492156	20.197095	38.455150	0.986100	-0.046079	0.159637	0.166076	0.243931	-0.955467	0.005086	0.968697	0.248193
1179	93.742851	20.185196	38.496494	0.983092	-0.046214	0.177183	0.183107	0.242489	-0.952717	0.001064	0.969053	0.246852
1180	93.992741	20.173266	38.542290	0.979773	-0.046349	0.194673	0.200093	0.241047	-0.949663	-0.002910	0.969406	0.245446
1181	94.241745	20.161304	38.592524	0.976142	-0.046484	0.212101	0.217027	0.239605	-0.946303	-0.006833	0.969757	0.243976
1182	94.489787	20.149312	38.647179	0.972201	-0.046619	0.229461	0.233904	0.238161	-0.942639	-0.010704	0.970106	0.242445
1183	94.736787	20.137288	38.706236	0.967951	-0.046754	0.246749	0.250719	0.236718	-0.938672	-0.014523	0.970453	0.240853
1184	94.982666	20.125232	38.769676	0.963394	-0.046889	0.263958	0.267466	0.235273	-0.934403	-0.018289	0.970798	0.239202
1185	95.227348	20.113145	38.837476	0.958530	-0.047024	0.281084	0.284140	0.233829	-0.929833	-0.022001	0.971140	0.237493
1186	95.470755	20.101027	38.909616	0.953363	-0.047159	0.298120	0.300734	0.232383	-0.924963	-0.025657	0.971480	0.235728
1187	95.712810	20.088877	38.986071	0.947892	-0.047295	0.315061	0.317245	0.230938	-0.919795	-0.029258	0.971818	0.233908
1188	95.953436	20.076696	39.066816	0.942121	-0.047430	0.331903	0.333666	0.229491	-0.914331	-0.032802	0.972154	0.232034
1189	96.192558	20.064484	39.151824	0.936050	-0.047566	0.348638	0.349992	0.228045	-0.908571	-0.036288	0.972488	0.230109
1190	96.430099	20.052240	39.241068	0.929681	-0.047701	0.365263	0.366218	0.226597	-0.902518	-0.039717	0.972820	0.228132
1191	96.665985	20.039965	39.334517	0.923018	-0.047836	0.381772	0.382338	0.225150	-0.896173	-0.043086	0.973149	0.226107
1192	96.900142	20.027658	39.432142	0.916061	-0.047972	0.398160	0.398347	0.223701	-0.889538	-0.046396	0.973476	0.224034
1193	97.132494	20.015320	39.533910	0.908813	-0.048108	0.414421	0.414240	0.222253	-0.882615	-0.049646	0.973802	0.221914
1194	97.362970	20.002950	39.639789	0.901276	-0.048243	0.430551	0.430011	0.220804	-0.875406	-0.052835	0.974124	0.219750
1195	97.591496	19.990549	39.749743	0.893453	-0.048379	0.446543	0.445656	0.219354	-0.867914	-0.055962	0.974445	0.217543
1196	97.818001	19.978117	39.863737	0.885346	-0.048515	0.462394	0.461170	0.217904	-0.860140	-0.059028	0.974764	0.215294
1197	98.042412	19.965653	39.981734	0.876958	-0.048650	0.478098	0.476546	0.216453	-0.852087	-0.062031	0.975080	0.213004
1198	98.264659	19.953157	40.103696	0.868292	-0.048786	0.493649	0.491781	0.215002	-0.843757	-0.064972	0.975394	0.210676
1199	98.484673	19.940630	40.229582	0.859349	-0.048922	0.509044	0.506869	0.213550	-0.835153	-0.067849	0.975706	0.208311
1200	98.702383	19.928071	40.359352	0.850133	-0.049058	0.524277	0.521805	0.212098	-0.826277	-0.070663	0.976016	0.205911
1201	98.917721	19.915481	40.492965	0.840647	-0.049194	0.539344	0.536584	0.210646	-0.817133	-0.073413	0.976324	0.203476
1202	99.130619	19.902859	40.630375	0.830894	-0.049330	0.554239	0.551202	0.209193	-0.807722	-0.076098	0.976629	0.201008
1203	99.341011	19.890206	40.771540	0.820878	-0.049466	0.568958	0.565653	0.207740	-0.798048	-0.078719	0.976933	0.198509
1204	99.548829	19.877521	40.916414	0.810600	-0.049602	0.583496	0.579933	0.206286	-0.788114	-0.081275	0.977234	0.195981
1205	99.754009	19.864804	41.064949	0.800064	-0.049738	0.597849	0.594037	0.204831	-0.777923	-0.083766	0.977533	0.193425
1206	99.956487	19.852056	41.217098	0.789275	-0.049874	0.612011	0.607961	0.203377	-0.767477	-0.086192	0.977829	0.190842
1207	100.156198	19.839277	41.372811	0.778234	-0.050010	0.625979	0.621699	0.201922	-0.756781	-0.088552	0.978124	0.188234
1208	100.353079	19.826466	41.532038	0.766947	-0.050146	0.639749	0.635248	0.200466	-0.745838	-0.090847	0.978416	0.185602
1209	100.547069	19.813623	41.694729	0.755415	-0.050283	0.653314	0.648602	0.199010	-0.734650	-0.093076	0.978707	0.182949
1210	100.738108	19.800748	41.860830	0.743644	-0.050419	0.666672	0.661758	0.197553	-0.723221	-0.095239	0.978995	0.180275
1211	100.926134	19.787842	42.030288	0.731636	-0.050555	0.679818	0.674711	0.196097	-0.711556	-0.097337	0.979280	0.177582
1212	101.111089	19.774904	42.203048	0.719396	-0.050692	0.692748	0.687456	0.194639	-0.699657	-0.099369	0.979564	0.174871
1213	101.292914	19.761935	42.379055	0.706927	-0.050828	0.705458	0.699990	0.193182	-0.687528	-0.101336	0.979846	0.172144
1214	101.471554	19.748934	42.558253	0.694233	-0.050965	0.717944	0.712308	0.191723	-0.675173	-0.103237	0.980125	0.169403
1215	101.646952	19.735901	42.740582	0.681319	-0.051101	0.730201	0.724407	0.190265	-0.662597	-0.105072	0.980402	0.166649
1216	101.819052	19.722836	42.925986	0.668188	-0.051238	0.742226	0.736281	0.188806	-0.649802	-0.106842	0.980677	0.163883
1217	101.987802	19.709740	43.114404	0.654845	-0.051374	0.754015	0.747928	0.187346	-0.636793	-0.108547	0.980950	0.161107
1218	102.153148	19.696612	43.305776	0.641293	-0.051511	0.765565	0.759343	0.185887	-0.623574	-0.110187	0.981220	0.158322
1219	102.315038	19.683453	43.500041	0.627538	-0.051648	0.776871	0.770523	0.184426	-0.610149	-0.111763	0.981488	0.155530
1220	102.473422	19.670262	43.697135	0.613583	-0.051784	0.787930	0.781463	0.182966	-0.596522	-0.113274	0.981754	0.152732
1221	102.628251	19.657039	43.896997	0.599434	-0.051921	0.798739	0.792161	0.181505	-0.582699	-0.114721	0.982018	0.149930
1222	102.779476	19.643784	44.099561	0.585094	-0.052058	0.809293	0.802612	0.180043	-0.568682	-0.116104	0.982280	0.147124
1223	102.927049	19.630497	44.304762	0.570567	-0.052195	0.819590	0.812813	0.178582	-0.554476	-0.117423	0.982540	0.144317
1224	103.070926	19.617179	44.512536	0.555860	-0.052331	0.829627	0.822760	0.177120	-0.540087	-0.118680	0.982797	0.141510
1225	103.211060	19.603829	44.722815	0.540976	-0.052468	0.839400	0.832452	0.175657	-0.525518	-0.119873	0.983052	0.138704
1226	103.347409	19.590447	44.935532	0.525920	-0.052605	0.848906	0.841883	0.174194	-0.510774	-0.121005	0.983305	0.135900
1227	103.479929	19.577034	45.150620	0.510696	-0.052742	0.858142	0.851051	0.172731	-0.495860	-0.122075	0.983556	0.133099
1228	103.608581	19.563589	45.368008	0.495311	-0.052879	0.867105	0.859952	0.171267	-0.480780	-0.123083	0.983805	0.130304
1229	103.733323	19.550112	45.587628	0.479768	-0.053016	0.875792	0.868585	0.169803	-0.465540	-0.124031	0.984051	0.127515
1230	103.854117	19.536603	45.809409	0.464072	-0.053153	0.884201	0.876945	0.168339	-0.450144	-0.124919	0.984295	0.124734
1231	103.970925	19.523062	46.033280	0.448229	-0.053290	0.892329	0.885030	0.166874	-0.434597	-0.125747	0.984537	0.121961
1232	104.083713	19.509489	46.259170	0.432243	-0.053427	0.900173	0.892838	0.165409	-0.418904	-0.126516	0.984777	0.119199
1233	104.192443	19.495885	46.487006	0.416120	-0.053565	0.907731	0.900365	0.163943	-0.403070	-0.127226	0.985014	0.116448
1234	104.297084	19.482249	46.716716	0.399865	-0.053702	0.915000	0.907609	0.162478	-0.387100	-0.127879	0.985250	0.113709
1235	104.397602	19.468581	46.948227	0.383483	-0.053839	0.921977	0.914568	0.161012	-0.370999	-0.128475	0.985483	0.110985
1236	104.493966	19.454881	47.181464	0.366978	-0.053976	0.928662	0.921240	0.159545	-0.354772	-0.129014	0.985714	0.108275
1237	104.586148	19.441149	47.416352	0.350357	-0.054113	0.935052	0.927621	0.158078	-0.338425	-0.129498	0.985943	0.105581
1238	104.674119	19.427386	47.652818	0.333625	-0.054251	0.941144	0.933709	0.156611	-0.321962	-0.129927	0.986169	0.102904
1239	104.757851	19.413590	47.890784	0.316787	-0.054388	0.946936	0.939504	0.155143	-0.305390	-0.130301	0.986394	0.100245
1240	104.837319	19.399763	48.130177	0.299848	-0.054526	0.952428	0.945002	0.153676	-0.288712	-0.130623	0.986616	0.097606
1241	104.912499	19.385903	48.370918	0.282813	-0.054663	0.957616	0.950202	0.152207	-0.271935	-0.130891	0.986836	0.094987
1242	104.983368	19.372012	48.612931	0.265689	-0.054800	0.962500	0.955102	0.150739	-0.255065	-0.131109	0.987054	0.092390
1243	105.049904	19.358089	48.856140	0.248480	-0.054938	0.967078	0.959700	0.149270	-0.238105	-0.131275	0.987269	0.089815
1244	105.112088	19.344134	49.100466	0.231193	-0.055075	0.971348	0.963995	0.147801	-0.221062	-0.131391	0.987482	0.087263
1245	105.169900	19.330148	49.345832	0.213832	-0.055213	0.975309	0.967985	0.146331	-0.203942	-0.131458	0.987694	0.084736
1246	105.223323	19.316129	49.592159	0.196403	-0.055350	0.978960	0.971669	0.144862	-0.186749	-0.131477	0.987903	0.082233
1247	105.272342	19.302078	49.839369	0.178911	-0.055488	0.982299	0.975045	0.143392	-0.169490	-0.131449	0.988109	0.079758
1248	105.316941	19.287995	50.087383	0.161363	-0.055626	0.985326	0.978112	0.141921	-0.152169	-0.131374	0.988314	0.077309
1249	105.357108	19.273881	50.336123	0.143763	-0.055763	0.988040	0.980869	0.140450	-0.134793	-0.131254	0.988516	0.074888
1250	105.392831	19.259734	50.585508	0.126118	-0.055901	0.990439	0.983316	0.138979	-0.117367	-0.131090	0.988716	0.072496
1251	105.424099	19.245556	50.835461	0.108433	-0.056039	0.992523	0.985450	0.137508	-0.099896	-0.130882	0.988914	0.070134
1252	105.450904	19.231345	51.085900	0.090713	-0.056176	0.994291	0.987272	0.136037	-0.082386	-0.130632	0.989110	0.067802
1253	105.473238	19.217103	51.336746	0.072964	-0.056314	0.995743	0.988781	0.134565	-0.064844	-0.130340	0.989303	0.065501
1254	105.491096	19.202829	51.587920	0.055193	-0.056452	0.996879	0.989976	0.133093	-0.047274	-0.130008	0.989495	0.063232
1255	105.504471	19.188522	51.839342	0.037403	-0.056590	0.997697	0.990856	0.131620	-0.029681	-0.129637	0.989684	0.060995
1256	105.513362	19.174184	52.090932	0.019602	-0.056728	0.998197	0.991421	0.130147	-0.012073	-0.129228	0.989871	0.058792
1257	105.517766	19.159814	52.342609	0.001795	-0.056865	0.998380	0.991671	0.128674	0.005546	-0.128781	0.990055	0.056623
1258	105.517684	19.145411	52.594294	-0.016012	-0.057003	0.998246	0.991606	0.127201	0.023170	-0.128299	0.990238	0.054488
1259	105.513115	19.130977	52.845907	-0.033815	-0.057141	0.997793	0.991226	0.125728	0.040792	-0.127781	0.990418	0.052388
1260	105.504064	19.116511	53.097367	-0.051607	-0.057279	0.997024	0.990530	0.124254	0.058409	-0.127230	0.990596	0.050324
1261	105.490533	19.102012	53.348596	-0.069382	-0.057417	0.995936	0.989519	0.122780	0.076013	-0.126645	0.990772	0.048297
1262	105.472528	19.087482	53.599512	-0.087135	-0.057555	0.994533	0.988192	0.121305	0.093599	-0.126029	0.990945	0.046306
1263	105.450055	19.072920	53.850037	-0.104860	-0.057693	0.992812	0.986551	0.119831	0.111162	-0.125383	0.991117	0.044352
1264	105.423124	19.058325	54.100091	-0.122552	-0.057831	0.990776	0.984596	0.118356	0.128696	-0.124707	0.991286	0.042436
1265	105.391743	19.043699	54.349595	-0.140204	-0.057969	0.988424	0.982327	0.116881	0.146194	-0.124003	0.991453	0.040558
1266	105.355924	19.029040	54.598469	-0.157812	-0.058107	0.985758	0.979745	0.115405	0.163652	-0.123271	0.991617	0.038718
1267	105.315679	19.014350	54.846634	-0.175370	-0.058245	0.982778	0.976850	0.113930	0.181064	-0.122514	0.991780	0.036917
1268	105.271021	18.999627	55.094012	-0.192872	-0.058384	0.979486	0.973644	0.112454	0.198424	-0.121732	0.991940	0.035156
1269	105.221967	18.984872	55.340524	-0.210312	-0.058522	0.975881	0.970127	0.110978	0.215727	-0.120926	0.992098	0.033433
1270	105.168532	18.970086	55.586093	-0.227685	-0.058660	0.971966	0.966300	0.109502	0.232966	-0.120098	0.992254	0.031751
1271	105.110735	18.955267	55.830639	-0.244986	-0.058798	0.967742	0.962165	0.108025	0.250137	-0.119248	0.992408	0.030109
1272	105.048595	18.940416	56.074087	-0.262209	-0.058936	0.963210	0.957723	0.106548	0.267234	-0.118378	0.992559	0.028507
1273	104.982133	18.925533	56.316358	-0.279348	-0.059074	0.958371	0.952975	0.105071	0.284251	-0.117489	0.992709	0.026945
1274	104.911371	18.910618	56.557376	-0.296398	-0.059213	0.953227	0.947922	0.103594	0.301183	-0.116583	0.992856	0.025424
1275	104.836333	18.895671	56.797064	-0.313354	-0.059351	0.947780	0.942567	0.102117	0.318025	-0.115659	0.993000	0.023944
1276	104.757043	18.880692	57.035348	-0.330209	-0.059489	0.942031	0.936910	0.100639	0.334770	-0.114720	0.993143	0.022504
1277	104.673527	18.865680	57.272150	-0.346960	-0.059628	0.935982	0.930954	0.099161	0.351413	-0.113767	0.993283	0.021106
1278	104.585814	18.850637	57.507397	-0.363600	-0.059766	0.929636	0.924700	0.097683	0.367950	-0.112801	0.993421	0.019748
1279	104.493932	18.835561	57.741014	-0.380125	-0.059904	0.922993	0.918151	0.096205	0.384374	-0.111822	0.993557	0.018431
1280	104.397910	18.820454	57.972926	-0.396528	-0.060043	0.916057	0.911308	0.094727	0.400681	-0.110833	0.993691	0.017156
1281	104.297782	18.805314	58.203062	-0.412805	-0.060181	0.908829	0.904173	0.093248	0.416865	-0.109834	0.993822	0.015921
1282	104.193579	18.790142	58.431347	-0.428950	-0.060320	0.901312	0.896749	0.091769	0.432920	-0.108826	0.993952	0.014727
1283	104.085336	18.774938	58.657710	-0.444959	-0.060458	0.893508	0.889038	0.090290	0.448842	-0.107811	0.994079	0.013574
1284	103.973088	18.759702	58.882080	-0.460826	-0.060596	0.885419	0.881042	0.088811	0.464626	-0.106790	0.994204	0.012462
1285	103.856871	18.744434	59.104385	-0.476546	-0.060735	0.877049	0.872765	0.087331	0.480266	-0.105763	0.994326	0.011390
1286	103.736724	18.729133	59.324555	-0.492115	-0.060873	0.868399	0.864207	0.085852	0.495757	-0.104732	0.994447	0.010358
1287	103.612686	18.713801	59.542520	-0.507526	-0.061012	0.859473	0.855373	0.084372	0.511095	-0.103698	0.994565	0.009367
1288	103.484796	18.698436	59.758213	-0.522776	-0.061150	0.850274	0.846265	0.082892	0.526273	-0.102663	0.994681	0.008415
1289	103.353097	18.683039	59.971564	-0.537860	-0.061289	0.840804	0.836886	0.081412	0.541288	-0.101627	0.994794	0.007504
1290	103.217632	18.667610	60.182507	-0.552772	-0.061427	0.831066	0.827239	0.079932	0.556135	-0.100591	0.994906	0.006631
1291	103.078444	18.652149	60.390975	-0.567508	-0.061566	0.821063	0.817327	0.078451	0.570808	-0.099556	0.995015	0.005798
1292	102.935578	18.636656	60.596903	-0.582063	-0.061705	0.810799	0.807153	0.076971	0.585303	-0.098524	0.995122	0.005003
1293	102.789082	18.621130	60.800225	-0.596433	-0.061843	0.800277	0.796720	0.075490	0.599615	-0.097495	0.995227	0.004247
1294	102.639001	18.605572	61.000877	-0.610613	-0.061982	0.789500	0.786032	0.074009	0.613740	-0.096471	0.995330	0.003529
1295	102.485386	18.589983	61.198796	-0.624598	-0.062120	0.778472	0.775091	0.072528	0.627673	-0.095452	0.995430	0.002848
1296	102.328285	18.574361	61.393921	-0.638384	-0.062259	0.767196	0.763902	0.071047	0.641409	-0.094440	0.995528	0.002205
1297	102.167749	18.558707	61.586189	-0.651967	-0.062398	0.755676	0.752468	0.069565	0.654944	-0.093436	0.995624	0.001598
1298	102.003831	18.543020	61.775540	-0.665342	-0.062536	0.743915	0.740793	0.068084	0.668274	-0.092440	0.995718	0.001027
1299	101.836582	18.527302	61.961914	-0.678505	-0.062675	0.731917	0.728881	0.066602	0.681394	-0.091454	0.995809	0.000493
1300	101.666058	18.511551	62.145254	-0.691452	-0.062814	0.719686	0.716734	0.065121	0.694300	-0.090478	0.995898	-0.000007
1301	101.492313	18.495768	62.325500	-0.704179	-0.062952	0.707226	0.704357	0.063639	0.706987	-0.089513	0.995985	-0.000472
1302	101.315403	18.479953	62.502598	-0.716681	-0.063091	0.694541	0.691755	0.062157	0.719452	-0.088561	0.996070	-0.000903
1303	101.135386	18.464106	62.676491	-0.728955	-0.063230	0.681635	0.678930	0.060675	0.731691	-0.087623	0.996153	-0.001300
1304	100.952318	18.448226	62.847124	-0.740997	-0.063369	0.668512	0.665888	0.059192	0.743700	-0.086698	0.996233	-0.001665
1305	100.766260	18.432314	63.014445	-0.752803	-0.063507	0.655175	0.652632	0.057710	0.755474	-0.085788	0.996311	-0.001997
1306	100.577271	18.416370	63.178400	-0.764369	-0.063646	0.641631	0.639166	0.056227	0.767010	-0.084894	0.996387	-0.002298
1307	100.385412	18.400394	63.338938	-0.775691	-0.063785	0.627882	0.625496	0.054745	0.778305	-0.084017	0.996461	-0.002568
1308	100.190744	18.384386	63.496010	-0.786766	-0.063924	0.613933	0.611624	0.053262	0.789353	-0.083158	0.996532	-0.002808
1309	99.993331	18.368346	63.649565	-0.797590	-0.064062	0.599788	0.597557	0.051779	0.800153	-0.082316	0.996602	-0.003018
1310	99.793235	18.352273	63.799557	-0.808160	-0.064201	0.585453	0.583297	0.050296	0.810700	-0.081494	0.996669	-0.003199
1311	99.590521	18.336168	63.945937	-0.818473	-0.064340	0.570931	0.568850	0.048813	0.820991	-0.080692	0.996733	-0.003353
1312	99.385255	18.320031	64.088661	-0.828525	-0.064479	0.556227	0.554221	0.047330	0.831023	-0.079910	0.996796	-0.003479
1313	99.177501	18.303861	64.227684	-0.838313	-0.064618	0.541346	0.539413	0.045847	0.840792	-0.079149	0.996856	-0.003578
1314	98.967327	18.287660	64.362962	-0.847834	-0.064756	0.526293	0.524433	0.044364	0.850295	-0.078410	0.996914	-0.003653
1315	98.754800	18.271426	64.494453	-0.857084	-0.064895	0.511073	0.509284	0.042880	0.859530	-0.077694	0.996970	-0.003702
1316	98.539989	18.255160	64.622117	-0.866062	-0.065034	0.495689	0.493972	0.041397	0.868492	-0.077002	0.997024	-0.003727
1317	98.322962	18.238862	64.745913	-0.874763	-0.065173	0.480148	0.478501	0.039913	0.877180	-0.076333	0.997075	-0.003729
1318	98.103789	18.222531	64.865804	-0.883186	-0.065312	0.464454	0.462876	0.038430	0.885590	-0.075688	0.997125	-0.003709
1319	97.882539	18.206168	64.981751	-0.891327	-0.065451	0.448612	0.447103	0.036946	0.893719	-0.075069	0.997172	-0.003668
1320	97.659285	18.189773	65.093720	-0.899184	-0.065590	0.432627	0.431186	0.035462	0.901566	-0.074475	0.997216	-0.003606
1321	97.434098	18.173346	65.201675	-0.906755	-0.065729	0.416504	0.415131	0.033978	0.909127	-0.073908	0.997259	-0.003524
1322	97.207048	18.156887	65.305583	-0.914036	-0.065867	0.400249	0.398942	0.032494	0.916400	-0.073367	0.997299	-0.003424
1323	96.978211	18.140395	65.405412	-0.921027	-0.066006	0.383866	0.382626	0.031010	0.923383	-0.072853	0.997337	-0.003306
1324	96.747658	18.123871	65.501131	-0.927723	-0.066145	0.367361	0.366187	0.029526	0.930073	-0.072367	0.997373	-0.003171
1325	96.515463	18.107315	65.592710	-0.934124	-0.066284	0.350739	0.349630	0.028042	0.936468	-0.071909	0.997407	-0.003020
1326	96.281701	18.090726	65.680122	-0.940228	-0.066423	0.334006	0.332961	0.026558	0.942567	-0.071479	0.997438	-0.002855
1327	96.046446	18.074106	65.763340	-0.946031	-0.066562	0.317166	0.316185	0.025074	0.948366	-0.071078	0.997467	-0.002675
1328	95.809774	18.057453	65.842337	-0.951533	-0.066701	0.300225	0.299307	0.023590	0.953865	-0.070706	0.997494	-0.002483
1329	95.571760	18.040768	65.917091	-0.956732	-0.066840	0.283189	0.282334	0.022106	0.959061	-0.070364	0.997519	-0.002278
1330	95.332481	18.024050	65.987578	-0.961626	-0.066979	0.266063	0.265270	0.020622	0.963954	-0.070051	0.997541	-0.002063
1331	95.092012	18.007301	66.053777	-0.966213	-0.067118	0.248851	0.248121	0.019137	0.968540	-0.069768	0.997562	-0.001837
1332	94.850431	17.990519	66.115668	-0.970493	-0.067257	0.231561	0.230893	0.017653	0.972819	-0.069516	0.997580	-0.001603
1333	94.607815	17.973705	66.173231	-0.974463	-0.067396	0.214197	0.213590	0.016169	0.976790	-0.069294	0.997595	-0.001361
1334	94.364242	17.956858	66.226451	-0.978122	-0.067534	0.196765	0.196219	0.014684	0.980450	-0.069103	0.997609	-0.001111
1335	94.119788	17.939980	66.275311	-0.981470	-0.067673	0.179270	0.178785	0.013200	0.983800	-0.068943	0.997620	-0.000856
1336	93.874533	17.923069	66.319796	-0.984504	-0.067812	0.161718	0.161294	0.011715	0.986837	-0.068814	0.997629	-0.000596
1337	93.628554	17.906126	66.359893	-0.987225	-0.067951	0.144115	0.143752	0.010231	0.989561	-0.068716	0.997636	-0.000332
1338	93.381929	17.889151	66.395591	-0.989631	-0.068090	0.126466	0.126163	0.008747	0.991971	-0.068650	0.997641	-0.000065
1339	93.134739	17.872143	66.426879	-0.991722	-0.068229	0.108777	0.108534	0.007262	0.994066	-0.068614	0.997643	0.000203
1340	92.887060	17.855103	66.453749	-0.993496	-0.068368	0.091053	0.090871	0.005778	0.995846	-0.068610	0.997643	0.000473
1341	92.638973	17.838031	66.476193	-0.994954	-0.068507	0.073300	0.073178	0.004293	0.997310	-0.068637	0.997641	0.000742
1342	92.390557	17.820927	66.494204	-0.996095	-0.068646	0.055524	0.055463	0.002809	0.998457	-0.068696	0.997637	0.001009
1343	92.141889	17.803790	66.507779	-0.996918	-0.068785	0.037731	0.037729	0.001324	0.999287	-0.068786	0.997631	0.001275
1344	91.893051	17.786621	66.516914	-0.997423	-0.068924	0.019926	0.019984	-0.000160	0.999800	-0.068907	0.997622	0.001537
1345	91.644121	17.769420	66.521607	-0.997610	-0.069063	0.002114	0.002233	-0.001644	0.999996	-0.069059	0.997611	0.001795
1346	91.395178	17.752187	66.521857	-0.997479	-0.069202	-0.015698	-0.015519	-0.003129	0.999875	-0.069242	0.997598	0.002047
1347	91.146301	17.734921	66.517666	-0.997030	-0.069341	-0.033505	-0.033265	-0.004613	0.999436	-0.069456	0.997582	0.002293
1348	90.897571	17.717623	66.509036	-0.996263	-0.069480	-0.051301	-0.051000	-0.006097	0.998680	-0.069701	0.997565	0.002531
1349	90.649065	17.700293	66.495972	-0.995179	-0.069619	-0.069081	-0.068719	-0.007582	0.997607	-0.069976	0.997545	0.002761
1350	90.400864	17.682931	66.478477	-0.993777	-0.069757	-0.086838	-0.086415	-0.009066	0.996218	-0.070281	0.997523	0.002981
1351	90.153045	17.665536	66.456559	-0.992058	-0.069896	-0.104568	-0.104083	-0.010550	0.994513	-0.070616	0.997498	0.003191
1352	89.905689	17.648110	66.430226	-0.990024	-0.070035	-0.122264	-0.121718	-0.012034	0.992492	-0.070981	0.997472	0.003390
1353	89.658872	17.630651	66.399487	-0.987673	-0.070174	-0.139921	-0.139312	-0.013519	0.990156	-0.071375	0.997443	0.003576
1354	89.412675	17.613159	66.364353	-0.985007	-0.070313	-0.157533	-0.156862	-0.015003	0.987507	-0.071798	0.997412	0.003748
1355	89.167175	17.595636	66.324836	-0.982028	-0.070452	-0.175095	-0.174361	-0.016487	0.984544	-0.072250	0.997379	0.003906
1356	88.922450	17.578080	66.280951	-0.978735	-0.070591	-0.192601	-0.191804	-0.017971	0.981269	-0.072730	0.997343	0.004049
1357	88.678579	17.560492	66.232712	-0.975130	-0.070730	-0.210046	-0.209184	-0.019455	0.977683	-0.073238	0.997306	0.004175
1358	88.435637	17.542872	66.180135	-0.971214	-0.070869	-0.227423	-0.226497	-0.020939	0.973787	-0.073773	0.997266	0.004284
1359	88.193703	17.525219	66.123238	-0.966988	-0.071008	-0.244727	-0.243737	-0.022422	0.969582	-0.074335	0.997224	0.004375
1360	87.952854	17.507534	66.062041	-0.962454	-0.071147	-0.261954	-0.260898	-0.023906	0.965070	-0.074924	0.997179	0.004447
1361	87.713165	17.489817	65.996563	-0.957613	-0.071285	-0.279096	-0.277975	-0.025390	0.960253	-0.075538	0.997133	0.004498
1362	87.474714	17.472068	65.926828	-0.952467	-0.071424	-0.296150	-0.294963	-0.026873	0.955131	-0.076178	0.997084	0.004529
1363	87.237574	17.454287	65.852858	-0.947017	-0.071563	-0.313109	-0.311855	-0.028357	0.949706	-0.076843	0.997033	0.004537
1364	87.001823	17.436473	65.774677	-0.941265	-0.071702	-0.329968	-0.328647	-0.029841	0.943981	-0.077532	0.996980	0.004523
1365	86.767534	17.418627	65.692312	-0.935213	-0.071841	-0.346721	-0.345333	-0.031324	0.937957	-0.078244	0.996924	0.004486
1366	86.534782	17.400749	65.605789	-0.928862	-0.071980	-0.363364	-0.361907	-0.032807	0.931637	-0.078980	0.996866	0.004423
1367	86.303640	17.382839	65.515139	-0.922216	-0.072119	-0.379891	-0.378365	-0.034290	0.925021	-0.079738	0.996806	0.004336
1368	86.074182	17.364896	65.420389	-0.915275	-0.072257	-0.396296	-0.394701	-0.035774	0.918113	-0.080517	0.996744	0.004223
1369	85.846481	17.346921	65.321572	-0.908042	-0.072396	-0.412575	-0.410910	-0.037257	0.910914	-0.081318	0.996680	0.004082
1370	85.620608	17.328914	65.218720	-0.900520	-0.072535	-0.428722	-0.426986	-0.038740	0.903428	-0.082139	0.996613	0.003914
1371	85.396636	17.310875	65.111866	-0.892710	-0.072674	-0.444732	-0.442925	-0.040222	0.895656	-0.082979	0.996544	0.003718
1372	85.174634	17.292803	65.001046	-0.884616	-0.072813	-0.460601	-0.458722	-0.041705	0.887601	-0.083838	0.996473	0.003492
1373	84.954673	17.274700	64.886296	-0.876240	-0.072951	-0.476322	-0.474371	-0.043188	0.879265	-0.084715	0.996400	0.003237
1374	84.736824	17.256564	64.767654	-0.867584	-0.073090	-0.491891	-0.489867	-0.044670	0.870652	-0.085609	0.996324	0.002951
1375	84.521154	17.238396	64.645157	-0.858651	-0.073229	-0.507303	-0.505206	-0.046153	0.861764	-0.086519	0.996247	0.002633
1376	84.307732	17.220195	64.518847	-0.849445	-0.073368	-0.522553	-0.520382	-0.047635	0.852604	-0.087445	0.996167	0.002284
1377	84.096625	17.201963	64.388764	-0.839967	-0.073506	-0.537636	-0.535391	-0.049117	0.843175	-0.088386	0.996084	0.001902
1378	83.887900	17.183698	64.254951	-0.830222	-0.073645	-0.552547	-0.550227	-0.050599	0.833480	-0.089340	0.996000	0.001487
1379	83.681624	17.165401	64.117451	-0.820212	-0.073784	-0.567282	-0.564887	-0.052081	0.823523	-0.090307	0.995913	0.001038
1380	83.477860	17.147072	63.976309	-0.809940	-0.073923	-0.581836	-0.579365	-0.053563	0.813306	-0.091287	0.995825	0.000555
1381	83.276674	17.128711	63.831571	-0.799410	-0.074061	-0.596204	-0.593657	-0.055045	0.802833	-0.092277	0.995733	0.000036
1382	83.078128	17.110317	63.683284	-0.788625	-0.074200	-0.610382	-0.607759	-0.056526	0.792107	-0.093277	0.995640	-0.000518
1383	82.882286	17.091892	63.531495	-0.777588	-0.074339	-0.624364	-0.621665	-0.058008	0.781132	-0.094286	0.995545	-0.001108
1384	82.689210	17.073434	63.376255	-0.766303	-0.074477	-0.638148	-0.635371	-0.059489	0.769912	-0.095304	0.995447	-0.001734
1385	82.498959	17.054944	63.217613	-0.754774	-0.074616	-0.651727	-0.648874	-0.060970	0.758450	-0.096328	0.995347	-0.002398
1386	82.311595	17.036422	63.055621	-0.743004	-0.074755	-0.665099	-0.662168	-0.062451	0.746749	-0.097359	0.995245	-0.003099
1387	82.127175	17.017867	62.890331	-0.730997	-0.074893	-0.678258	-0.675249	-0.063932	0.734814	-0.098395	0.995140	-0.003838
1388	81.945759	16.999281	62.721797	-0.718757	-0.075032	-0.691201	-0.688114	-0.065412	0.722648	-0.099434	0.995033	-0.004615
1389	81.767403	16.980662	62.550073	-0.706288	-0.075170	-0.703923	-0.700758	-0.066893	0.710256	-0.100477	0.994925	-0.005431
1390	81.592163	16.962011	62.375215	-0.693593	-0.075309	-0.716420	-0.713177	-0.068373	0.697641	-0.101522	0.994813	-0.006286
1391	81.420095	16.943328	62.197279	-0.680677	-0.075447	-0.728688	-0.725368	-0.069853	0.684808	-0.102568	0.994700	-0.007180
1392	81.251252	16.924613	62.016323	-0.667544	-0.075586	-0.740724	-0.737325	-0.071333	0.671761	-0.103614	0.994585	-0.008113
1393	81.085687	16.905865	61.832404	-0.654198	-0.075724	-0.752523	-0.749047	-0.072813	0.658504	-0.104658	0.994467	-0.009087
1394	80.923453	16.887086	61.645584	-0.640644	-0.075863	-0.764082	-0.760528	-0.074292	0.645041	-0.105700	0.994347	-0.010101
1395	80.764600	16.868274	61.455921	-0.626885	-0.076001	-0.775396	-0.771766	-0.075772	0.631376	-0.106739	0.994225	-0.011155
1396	80.609179	16.849430	61.263476	-0.612926	-0.076140	-0.786464	-0.782756	-0.077251	0.617515	-0.107773	0.994100	-0.012250
1397	80.457237	16.830554	61.068313	-0.598771	-0.076278	-0.797280	-0.793496	-0.078730	0.603462	-0.108801	0.993973	-0.013385
1398	80.308823	16.811646	60.870493	-0.584426	-0.076417	-0.807841	-0.803981	-0.080209	0.589221	-0.109822	0.993845	-0.014561
1399	80.163982	16.792706	60.670081	-0.569894	-0.076555	-0.818144	-0.814209	-0.081688	0.574796	-0.110836	0.993713	-0.015779
1400	80.022761	16.773734	60.467140	-0.555180	-0.076694	-0.828187	-0.824176	-0.083166	0.560193	-0.111840	0.993580	-0.017037
1401	79.885203	16.754729	60.261737	-0.540289	-0.076832	-0.837964	-0.833880	-0.084644	0.545417	-0.112835	0.993445	-0.018336
1402	79.751352	16.735693	60.053937	-0.525226	-0.076970	-0.847474	-0.843317	-0.086123	0.530471	-0.113817	0.993307	-0.019677
1403	79.621248	16.716624	59.843808	-0.509996	-0.077109	-0.856714	-0.852484	-0.087600	0.515362	-0.114787	0.993167	-0.021058
1404	79.494933	16.697523	59.631416	-0.494602	-0.077247	-0.865680	-0.861378	-0.089078	0.500093	-0.115744	0.993025	-0.022481
1405	79.372446	16.678390	59.416830	-0.479051	-0.077385	-0.874369	-0.869997	-0.090556	0.484670	-0.116685	0.992880	-0.023944
1406	79.253826	16.659225	59.200119	-0.463347	-0.077524	-0.882779	-0.878338	-0.092033	0.469098	-0.117611	0.992734	-0.025449
1407	79.139108	16.640028	58.981352	-0.447496	-0.077662	-0.890908	-0.886398	-0.093510	0.453382	-0.118519	0.992585	-0.026994
1408	79.028328	16.620799	58.760600	-0.431501	-0.077800	-0.898751	-0.894175	-0.094987	0.437527	-0.119409	0.992434	-0.028580
1409	78.921522	16.601538	58.537934	-0.415369	-0.077938	-0.906308	-0.901666	-0.096463	0.421537	-0.120279	0.992280	-0.030206
1410	78.818722	16.582244	58.313425	-0.399105	-0.078076	-0.913575	-0.908869	-0.097939	0.405419	-0.121129	0.992125	-0.031873
1411	78.719959	16.562919	58.087145	-0.382713	-0.078215	-0.920550	-0.915782	-0.099416	0.389178	-0.121956	0.991967	-0.033580
1412	78.625265	16.543561	57.859167	-0.366200	-0.078353	-0.927232	-0.922403	-0.100891	0.372818	-0.122761	0.991807	-0.035326
1413	78.534668	16.524172	57.629563	-0.349569	-0.078491	-0.933617	-0.928730	-0.102367	0.356345	-0.123542	0.991645	-0.037113
1414	78.448197	16.504750	57.398408	-0.332827	-0.078629	-0.939704	-0.934760	-0.103842	0.339765	-0.124297	0.991481	-0.038938
1415	78.365878	16.485297	57.165776	-0.315979	-0.078767	-0.945491	-0.940492	-0.105318	0.323082	-0.125025	0.991314	-0.040802
1416	78.287736	16.465811	56.931741	-0.299030	-0.078905	-0.950976	-0.945925	-0.106792	0.306303	-0.125726	0.991145	-0.042704
1417	78.213795	16.446293	56.696377	-0.281986	-0.079043	-0.956157	-0.951056	-0.108267	0.289432	-0.126398	0.990974	-0.044645
1418	78.144077	16.426743	56.459761	-0.264852	-0.079181	-0.961033	-0.955884	-0.109741	0.272475	-0.127040	0.990801	-0.046623
1419	78.078605	16.407161	56.221969	-0.247634	-0.079319	-0.965601	-0.960408	-0.111216	0.255437	-0.127651	0.990626	-0.048638
1420	78.017397	16.387547	55.983075	-0.230336	-0.079457	-0.969862	-0.964625	-0.112689	0.238325	-0.128230	0.990448	-0.050690
1421	77.960473	16.367901	55.743157	-0.212966	-0.079595	-0.973812	-0.968536	-0.114163	0.221143	-0.128775	0.990268	-0.052778
1422	77.907849	16.348224	55.502292	-0.195527	-0.079733	-0.977452	-0.972139	-0.115636	0.203897	-0.129286	0.990086	-0.054902
1423	77.859541	16.328514	55.260557	-0.178026	-0.079871	-0.980779	-0.975432	-0.117109	0.186593	-0.129762	0.989902	-0.057060
1424	77.815563	16.308772	55.018028	-0.160469	-0.080009	-0.983793	-0.978416	-0.118582	0.169236	-0.130201	0.989716	-0.059253
1425	77.775928	16.288998	54.774784	-0.142860	-0.080147	-0.986493	-0.981088	-0.120055	0.151831	-0.130602	0.989527	-0.061480
1426	77.740649	16.269192	54.530902	-0.125206	-0.080284	-0.988877	-0.983449	-0.121527	0.134385	-0.130964	0.989336	-0.063740
1427	77.709735	16.249354	54.286460	-0.107512	-0.080422	-0.990946	-0.985497	-0.122999	0.116904	-0.131287	0.989143	-0.066032
1428	77.683194	16.229484	54.041536	-0.089784	-0.080560	-0.992698	-0.987233	-0.124470	0.099391	-0.131568	0.988948	-0.068356
1429	77.661035	16.209582	53.796209	-0.072028	-0.080698	-0.994133	-0.988655	-0.125942	0.081854	-0.131808	0.988750	-0.070711
1430	77.643263	16.189648	53.550557	-0.054249	-0.080835	-0.995250	-0.989763	-0.127413	0.064298	-0.132005	0.988550	-0.073096
1431	77.629884	16.169682	53.304658	-0.036452	-0.080973	-0.996049	-0.990558	-0.128884	0.046729	-0.132158	0.988348	-0.075510
1432	77.620899	16.149685	53.058590	-0.018645	-0.081111	-0.996531	-0.991039	-0.130354	0.029152	-0.132266	0.988144	-0.077954
1433	77.616311	16.129655	52.812433	-0.000831	-0.081248	-0.996694	-0.991206	-0.131824	0.011572	-0.132328	0.987938	-0.080424
1434	77.616120	16.109593	52.566265	0.016983	-0.081386	-0.996538	-0.991058	-0.133294	-0.006003	-0.132344	0.987729	-0.082922
1435	77.620326	16.089500	52.320164	0.034791	-0.081524	-0.996064	-0.990597	-0.134763	-0.023570	-0.132312	0.987518	-0.085446
1436	77.628926	16.069374	52.074210	0.052588	-0.081661	-0.995272	-0.989823	-0.136233	-0.041122	-0.132230	0.987305	-0.087994
1437	77.641915	16.049217	51.828479	0.070367	-0.081799	-0.994162	-0.988736	-0.137702	-0.058653	-0.132100	0.987090	-0.090567
1438	77.659290	16.029027	51.583051	0.088124	-0.081936	-0.992734	-0.987336	-0.139170	-0.076159	-0.131919	0.986873	-0.093163
1439	77.681042	16.008806	51.338004	0.105853	-0.082074	-0.990989	-0.985624	-0.140638	-0.093632	-0.131686	0.986653	-0.095781
1440	77.707165	15.988553	51.093417	0.123548	-0.082211	-0.988927	-0.983600	-0.142106	-0.111069	-0.131402	0.986432	-0.098420
1441	77.737649	15.968268	50.849366	0.141203	-0.082348	-0.986550	-0.981267	-0.143574	-0.128462	-0.131064	0.986208	-0.101079
1442	77.772482	15.947951	50.605929	0.158813	-0.082486	-0.983857	-0.978623	-0.145041	-0.145808	-0.130673	0.985981	-0.103757
1443	77.811654	15.927602	50.363185	0.176371	-0.082623	-0.980850	-0.975671	-0.146508	-0.163099	-0.130227	0.985753	-0.106453
1444	77.855149	15.907221	50.121210	0.193873	-0.082760	-0.977529	-0.972412	-0.147975	-0.180331	-0.129725	0.985522	-0.109165
1445	77.902954	15.886809	49.880082	0.211314	-0.082898	-0.973897	-0.968846	-0.149441	-0.197497	-0.129168	0.985290	-0.111894
1446	77.955052	15.866364	49.639877	0.228686	-0.083035	-0.969953	-0.964975	-0.150907	-0.214594	-0.128554	0.985055	-0.114637
1447	78.011426	15.845888	49.400672	0.245985	-0.083172	-0.965699	-0.960801	-0.152372	-0.231614	-0.127882	0.984817	-0.117393
1448	78.072055	15.825380	49.162542	0.263205	-0.083309	-0.961136	-0.956324	-0.153837	-0.248553	-0.127152	0.984578	-0.120161
1449	78.136921	15.804840	48.925564	0.280341	-0.083446	-0.956267	-0.951547	-0.155302	-0.265405	-0.126363	0.984336	-0.122941
1450	78.206001	15.784268	48.689813	0.297387	-0.083583	-0.951091	-0.946471	-0.156767	-0.282165	-0.125515	0.984093	-0.125730
1451	78.279272	15.763665	48.455363	0.314338	-0.083720	-0.945612	-0.941098	-0.158231	-0.298828	-0.124607	0.983847	-0.128527
1452	78.356709	15.743029	48.222290	0.331188	-0.083857	-0.939831	-0.935429	-0.159694	-0.315388	-0.123638	0.983598	-0.131332
1453	78.438288	15.722362	47.990667	0.347932	-0.083994	-0.933749	-0.929468	-0.161158	-0.331840	-0.122608	0.983348	-0.134142
1454	78.523980	15.701663	47.760568	0.364565	-0.084131	-0.927369	-0.923215	-0.162621	-0.348179	-0.121517	0.983095	-0.136957
1455	78.613758	15.680932	47.532065	0.381081	-0.084268	-0.920693	-0.916673	-0.164083	-0.364399	-0.120363	0.982841	-0.139776
1456	78.707592	15.660170	47.305233	0.397475	-0.084405	-0.913723	-0.909845	-0.165545	-0.380496	-0.119147	0.982584	-0.142596
1457	78.805451	15.639375	47.080141	0.413742	-0.084542	-0.906460	-0.902732	-0.167007	-0.396464	-0.117868	0.982324	-0.145417
1458	78.907302	15.618549	46.856863	0.429876	-0.084679	-0.898908	-0.895337	-0.168469	-0.412299	-0.116525	0.982063	-0.148237
1459	79.013113	15.597691	46.635468	0.445873	-0.084816	-0.891069	-0.887663	-0.169930	-0.427994	-0.115119	0.981799	-0.151055
1460	79.122848	15.576802	46.416027	0.461727	-0.084952	-0.882945	-0.879711	-0.171390	-0.443546	-0.113648	0.981534	-0.153869
1461	79.236472	15.555880	46.198610	0.477433	-0.085089	-0.874538	-0.871486	-0.172851	-0.458950	-0.112113	0.981266	-0.156679
1462	79.353947	15.534927	45.983285	0.492987	-0.085226	-0.865852	-0.862989	-0.174311	-0.474199	-0.110513	0.980996	-0.159482
1463	79.475235	15.513942	45.770121	0.508383	-0.085362	-0.856890	-0.854224	-0.175770	-0.489291	-0.108849	0.980723	-0.162277
1464	79.600297	15.492926	45.559185	0.523615	-0.085499	-0.847654	-0.845194	-0.177229	-0.504220	-0.107119	0.980449	-0.165063
1465	79.729090	15.471878	45.350544	0.538681	-0.085635	-0.838146	-0.835901	-0.178688	-0.518980	-0.105323	0.980172	-0.167838
1466	79.861574	15.450798	45.144263	0.553574	-0.085772	-0.828371	-0.826348	-0.180146	-0.533569	-0.103463	0.979893	-0.170602
1467	79.997705	15.429686	44.940409	0.568290	-0.085908	-0.818332	-0.816540	-0.181604	-0.547981	-0.101536	0.979612	-0.173351
1468	80.137439	15.408543	44.739046	0.582823	-0.086045	-0.808030	-0.806479	-0.183061	-0.562211	-0.099544	0.979329	-0.176086
1469	80.280730	15.387368	44.540237	0.597171	-0.086181	-0.797471	-0.796168	-0.184518	-0.576255	-0.097485	0.979043	-0.178804
1470	80.427532	15.366161	44.344046	0.611327	-0.086318	-0.786657	-0.785611	-0.185975	-0.590109	-0.095361	0.978756	-0.181503
1471	80.577796	15.344923	44.150533	0.625288	-0.086454	-0.775591	-0.774812	-0.187431	-0.603768	-0.093171	0.978466	-0.184184
1472	80.731475	15.323653	43.959761	0.639048	-0.086590	-0.764278	-0.763775	-0.188886	-0.617227	-0.090916	0.978174	-0.186843
1473	80.888519	15.302352	43.771789	0.652598	-0.086726	-0.752725	-0.752507	-0.190341	-0.630479	-0.088595	0.977880	-0.189478
1474	81.048877	15.281018	43.586673	0.665929	-0.086863	-0.740941	-0.741017	-0.191794	-0.643513	-0.086211	0.977584	-0.192088
1475	81.212496	15.259652	43.404468	0.679031	-0.086999	-0.728936	-0.729315	-0.193245	-0.656320	-0.083764	0.977286	-0.194669
1476	81.379319	15.238255	43.225228	0.691896	-0.087135	-0.716720	-0.717410	-0.194693	-0.668893	-0.081256	0.976986	-0.197218
1477	81.549290	15.216825	43.049001	0.704514	-0.087271	-0.704303	-0.705314	-0.196137	-0.681222	-0.078689	0.976685	-0.199735
1478	81.722349	15.195362	42.875836	0.716879	-0.087407	-0.691696	-0.693036	-0.197577	-0.693300	-0.076064	0.976383	-0.202215
1479	81.898435	15.173868	42.705777	0.728983	-0.087543	-0.678911	-0.680587	-0.199013	-0.705121	-0.073384	0.976079	-0.204658
1480	82.077484	15.152340	42.538868	0.740819	-0.087679	-0.665958	-0.667979	-0.200443	-0.716677	-0.070649	0.975774	-0.207060
1481	82.259432	15.130779	42.375146	0.752381	-0.087815	-0.652849	-0.655224	-0.201867	-0.727964	-0.067863	0.975468	-0.209419
1482	82.444214	15.109186	42.214650	0.763662	-0.087951	-0.639597	-0.642333	-0.203285	-0.738975	-0.065027	0.975161	-0.211735
1483	82.631760	15.087559	42.057412	0.774659	-0.088086	-0.626214	-0.629318	-0.204696	-0.749705	-0.062144	0.974854	-0.214004
1484	82.822005	15.065899	41.903463	0.785366	-0.088222	-0.612713	-0.616193	-0.206098	-0.760151	-0.059217	0.974546	-0.216225
1485	83.014876	15.044205	41.752832	0.795780	-0.088358	-0.599106	-0.602968	-0.207493	-0.770309	-0.056247	0.974238	-0.218396
1486	83.210305	15.022478	41.605542	0.805896	-0.088494	-0.585406	-0.589658	-0.208878	-0.780175	-0.053238	0.973930	-0.220515
1487	83.408220	15.000717	41.461615	0.815713	-0.088629	-0.571627	-0.576275	-0.210254	-0.789747	-0.050192	0.973621	-0.222582
1488	83.608550	14.978921	41.321070	0.825228	-0.088765	-0.557781	-0.562832	-0.211620	-0.799023	-0.047113	0.973313	-0.224594
1489	83.811222	14.957092	41.183922	0.834439	-0.088900	-0.543883	-0.549341	-0.212975	-0.808001	-0.044002	0.973005	-0.226551
1490	84.016163	14.935228	41.050182	0.843345	-0.089036	-0.529945	-0.535817	-0.214319	-0.816681	-0.040863	0.972697	-0.228452
1491	84.223301	14.913330	40.919860	0.851946	-0.089171	-0.515982	-0.522271	-0.215651	-0.825062	-0.037700	0.972390	-0.230295
1492	84.432564	14.891396	40.792961	0.860241	-0.089307	-0.502006	-0.508718	-0.216971	-0.833144	-0.034515	0.972084	-0.232079
1493	84.643878	14.869428	40.669488	0.868232	-0.089442	-0.488031	-0.495170	-0.218277	-0.840929	-0.031312	0.971779	-0.233804
1494	84.857170	14.847425	40.549438	0.875919	-0.089578	-0.474070	-0.481640	-0.219571	-0.848417	-0.028093	0.971476	-0.235470
1495	85.072369	14.825387	40.432810	0.883304	-0.089713	-0.460137	-0.468142	-0.220850	-0.855610	-0.024862	0.971173	-0.237076
1496	85.289403	14.803313	40.319594	0.890389	-0.089848	-0.446245	-0.454687	-0.222114	-0.862511	-0.021622	0.970872	-0.238621
1497	85.508201	14.781203	40.209781	0.897177	-0.089983	-0.432408	-0.441289	-0.223363	-0.869122	-0.018378	0.970573	-0.240105
1498	85.728692	14.759058	40.103357	0.903671	-0.090118	-0.418637	-0.427960	-0.224597	-0.875447	-0.015131	0.970276	-0.241529
1499	85.950806	14.736876	40.000306	0.909875	-0.090254	-0.404947	-0.414712	-0.225815	-0.881488	-0.011885	0.969980	-0.242892
1500	86.174474	14.714658	39.900608	0.915793	-0.090389	-0.391349	-0.401558	-0.227016	-0.887251	-0.008645	0.969687	-0.244196
1501	86.399630	14.692404	39.804239	0.921428	-0.090524	-0.377856	-0.388510	-0.228199	-0.892740	-0.005412	0.969397	-0.245439
1502	86.626205	14.670113	39.711175	0.926787	-0.090659	-0.364481	-0.375580	-0.229365	-0.897959	-0.002191	0.969109	-0.246623
1503	86.854136	14.647785	39.621387	0.931875	-0.090794	-0.351235	-0.362779	-0.230513	-0.902915	0.001015	0.968824	-0.247748
1504	87.083357	14.625421	39.534842	0.936696	-0.090929	-0.338130	-0.350117	-0.231643	-0.907612	0.004203	0.968542	-0.248814
1505	87.313805	14.603019	39.451508	0.941258	-0.091064	-0.325178	-0.337607	-0.232753	-0.912057	0.007369	0.968263	-0.249824
1506	87.545420	14.580580	39.371347	0.945566	-0.091198	-0.312389	-0.325260	-0.233843	-0.916255	0.010511	0.967988	-0.250778
1507	87.778142	14.558103	39.294318	0.949628	-0.091333	-0.299776	-0.313084	-0.234914	-0.920214	0.013625	0.967716	-0.251676
1508	88.011913	14.535588	39.220380	0.953449	-0.091468	-0.287348	-0.301091	-0.235964	-0.923940	0.016707	0.967447	-0.252520
1509	88.246675	14.513036	39.149488	0.957037	-0.091603	-0.275115	-0.289291	-0.236993	-0.927440	0.019756	0.967183	-0.253311
1510	88.482375	14.490445	39.081595	0.960400	-0.091737	-0.263089	-0.277693	-0.238001	-0.930721	0.022767	0.966923	-0.254051
1511	88.718958	14.467816	39.016649	0.963545	-0.091872	-0.251278	-0.266305	-0.238987	-0.933791	0.025737	0.966667	-0.254741
1512	88.956375	14.445149	38.954601	0.966480	-0.092007	-0.239691	-0.255138	-0.239952	-0.936658	0.028664	0.966415	-0.255383
1513	89.194576	14.422443	38.895394	0.969212	-0.092141	-0.228339	-0.244200	-0.240893	-0.939328	0.031546	0.966168	-0.255977
1514	89.433513	14.399698	38.838973	0.971749	-0.092276	-0.217229	-0.233498	-0.241812	-0.941810	0.034378	0.965926	-0.256527
1515	89.673140	14.376914	38.785278	0.974100	-0.092410	-0.206370	-0.223042	-0.242707	-0.944111	0.037158	0.965688	-0.257032
1516	89.913415	14.354091	38.734249	0.976273	-0.092545	-0.195770	-0.212837	-0.243579	-0.946240	0.039884	0.965456	-0.257496
1517	90.154294	14.331228	38.685824	0.978276	-0.092679	-0.185437	-0.202893	-0.244426	-0.948204	0.042553	0.965229	-0.257920
1518	90.395740	14.308326	38.639937	0.980117	-0.092814	-0.175377	-0.193215	-0.245250	-0.950011	0.045163	0.965007	-0.258306
1519	90.637713	14.285385	38.596522	0.981803	-0.092948	-0.165599	-0.183810	-0.246048	-0.951669	0.047711	0.964791	-0.258656
1520	90.880178	14.262403	38.555512	0.983344	-0.093083	-0.156108	-0.174685	-0.246822	-0.953186	0.050194	0.964580	-0.258971
1521	91.123101	14.239382	38.516836	0.984747	-0.093217	-0.146912	-0.165845	-0.247570	-0.954570	0.052611	0.964375	-0.259253
1522	91.366449	14.216321	38.480423	0.986021	-0.093351	-0.138016	-0.157297	-0.248292	-0.955829	0.054960	0.964177	-0.259505
1523	91.610194	14.193219	38.446201	0.987173	-0.093485	-0.129425	-0.149045	-0.248989	-0.956969	0.057237	0.963984	-0.259729
1524	91.854306	14.170077	38.414094	0.988210	-0.093620	-0.121146	-0.141095	-0.249659	-0.957999	0.059442	0.963797	-0.259925
1525	92.098759	14.146894	38.384027	0.989141	-0.093754	-0.113184	-0.133451	-0.250303	-0.958926	0.061573	0.963617	-0.260097
1526	92.343529	14.123671	38.355924	0.989973	-0.093888	-0.105543	-0.126118	-0.250920	-0.959757	0.063627	0.963444	-0.260245
1527	92.588592	14.100407	38.329706	0.990712	-0.094022	-0.098227	-0.119101	-0.251510	-0.960499	0.065603	0.963277	-0.260373
1528	92.833928	14.077102	38.305293	0.991367	-0.094157	-0.091242	-0.112403	-0.252073	-0.961158	0.067500	0.963117	-0.260480
1529	93.079517	14.053756	38.282606	0.991944	-0.094291	-0.084591	-0.106027	-0.252608	-0.961742	0.069315	0.962963	-0.260571
1530	93.325340	14.030368	38.261562	0.992450	-0.094425	-0.078278	-0.099979	-0.253116	-0.962256	0.071047	0.962817	-0.260645
1531	93.571383	14.006940	38.242079	0.992890	-0.094559	-0.072306	-0.094259	-0.253596	-0.962707	0.072696	0.962677	-0.260706
1532	93.817629	13.983470	38.224074	0.993271	-0.094693	-0.066679	-0.088873	-0.254047	-0.963100	0.074259	0.962545	-0.260753
1533	94.064065	13.959959	38.207462	0.993599	-0.094827	-0.061399	-0.083822	-0.254471	-0.963441	0.075736	0.962420	-0.260790
1534	94.310679	13.936406	38.192158	0.993878	-0.094961	-0.056469	-0.079108	-0.254866	-0.963735	0.077125	0.962302	-0.260818
1535	94.557461	13.912812	38.178077	0.994115	-0.095095	-0.051893	-0.074735	-0.255232	-0.963987	0.078426	0.962192	-0.260837
1536	94.804401	13.889176	38.165130	0.994313	-0.095229	-0.047671	-0.070705	-0.255569	-0.964202	0.079637	0.962089	-0.260849
1537	95.051489	13.865498	38.153233	0.994478	-0.095363	-0.043807	-0.067018	-0.255878	-0.964383	0.080757	0.961994	-0.260856
1538	95.298719	13.841779	38.142295	0.994614	-0.095497	-0.040302	-0.063678	-0.256158	-0.964535	0.081787	0.961906	-0.260859
1539	95.546084	13.818017	38.132230	0.994723	-0.095631	-0.037157	-0.060685	-0.256408	-0.964662	0.082724	0.961826	-0.260858
1540	95.793578	13.794214	38.122947	0.994810	-0.095765	-0.034375	-0.058041	-0.256629	-0.964766	0.083569	0.961754	-0.260856
1541	96.041196	13.770368	38.114358	0.994878	-0.095899	-0.031957	-0.055748	-0.256821	-0.964850	0.084321	0.961689	-0.260852
1542	96.288934	13.746481	38.106372	0.994929	-0.096033	-0.029903	-0.053805	-0.256984	-0.964917	0.084979	0.961633	-0.260848
1543	96.536788	13.722551	38.098900	0.994965	-0.096167	-0.028214	-0.052215	-0.257117	-0.964969	0.085544	0.961584	-0.260844
1544	96.784755	13.698580	38.091850	0.994989	-0.096301	-0.026892	-0.050977	-0.257220	-0.965007	0.086014	0.961542	-0.260841
1545	97.032831	13.674566	38.085132	0.995001	-0.096435	-0.025937	-0.050093	-0.257294	-0.965034	0.086389	0.961509	-0.260839
1546	97.281015	13.650510	38.078655	0.995003	-0.096568	-0.025349	-0.049562	-0.257339	-0.965049	0.086670	0.961484	-0.260839
1547	97.529304	13.626412	38.072327	0.994996	-0.096702	-0.025129	-0.049385	-0.257354	-0.965055	0.086856	0.961466	-0.260841
1548	97.777511	13.602258	38.065944	0.994985	-0.096702	-0.025581	-0.049810	-0.257208	-0.965072	0.086745	0.961505	-0.260735
1549	98.025959	13.578019	38.059213	0.994949	-0.096702	-0.026936	-0.051085	-0.256771	-0.965121	0.086413	0.961622	-0.260414
1550	98.274637	13.553695	38.051911	0.994885	-0.096702	-0.029189	-0.053206	-0.256046	-0.965199	0.085863	0.961816	-0.259881
1551	98.523532	13.529288	38.043812	0.994788	-0.096702	-0.032330	-0.056163	-0.255033	-0.965300	0.085102	0.962085	-0.259135
1552	98.772628	13.504800	38.034698	0.994649	-0.096702	-0.036347	-0.059948	-0.253738	-0.965414	0.084135	0.962427	-0.258177
1553	99.021905	13.480234	38.024350	0.994459	-0.096702	-0.041224	-0.064545	-0.252164	-0.965529	0.082974	0.962840	-0.257009
1554	99.271335	13.455594	38.012556	0.994206	-0.096702	-0.046941	-0.069940	-0.250318	-0.965634	0.081629	0.963322	-0.255631
1555	99.520890	13.430882	37.999109	0.993876	-0.096702	-0.053476	-0.076111	-0.248207	-0.965712	0.080114	0.963868	-0.254047
1556	99.770534	13.406103	37.983808	0.993454	-0.096702	-0.060802	-0.083036	-0.245838	-0.965748	0.078443	0.964475	-0.252258
1557	100.020226	13.381262	37.966460	0.992927	-0.096702	-0.068888	-0.090688	-0.243219	-0.965723	0.076633	0.965139	-0.250268
1558	100.269920	13.356363	37.946879	0.992276	-0.096702	-0.077703	-0.099040	-0.240361	-0.965618	0.074701	0.965855	-0.248082
1559	100.519566	13.331413	37.924888	0.991485	-0.096702	-0.087209	-0.108058	-0.237274	-0.965414	0.072665	0.966618	-0.245703
1560	100.769107	13.306416	37.900324	0.990539	-0.096702	-0.097368	-0.117708	-0.233970	-0.965092	0.070546	0.967423	-0.243139
1561	101.018484	13.281379	37.873030	0.989422	-0.096702	-0.108136	-0.127951	-0.230461	-0.964633	0.068361	0.968265	-0.240396
1562	101.267631	13.256307	37.842863	0.988117	-0.096702	-0.119468	-0.138747	-0.226760	-0.964017	0.066132	0.969138	-0.237483
1563	101.516481	13.231207	37.809693	0.986612	-0.096702	-0.131318	-0.150051	-0.222881	-0.963228	0.063878	0.970037	-0.234408
1564	101.764961	13.206084	37.773403	0.984895	-0.096702	-0.143635	-0.161819	-0.218839	-0.962249	0.061619	0.970957	-0.231182
1565	102.012997	13.180945	37.733888	0.982954	-0.096702	-0.156366	-0.174002	-0.214650	-0.961067	0.059373	0.971892	-0.227817
1566	102.260514	13.155795	37.691060	0.980782	-0.096702	-0.169458	-0.186548	-0.210328	-0.959668	0.057160	0.972836	-0.224325
1567	102.507435	13.130640	37.644844	0.978372	-0.096702	-0.182856	-0.199406	-0.205891	-0.958043	0.054997	0.973785	-0.220721
1568	102.753683	13.105486	37.595179	0.975723	-0.096702	-0.196501	-0.212522	-0.201355	-0.956185	0.052899	0.974733	-0.217019
1569	102.999182	13.080339	37.542022	0.972834	-0.096702	-0.210337	-0.225841	-0.196739	-0.954091	0.050881	0.975675	-0.213234
1570	103.243858	13.055203	37.485343	0.969709	-0.096702	-0.224306	-0.239306	-0.192060	-0.951759	0.048957	0.976607	-0.209383
1571	103.487639	13.030083	37.425127	0.966353	-0.096702	-0.238348	-0.252862	-0.187335	-0.949193	0.047138	0.977525	-0.205484
1572	103.730458	13.004983	37.361376	0.962777	-0.096702	-0.252405	-0.266450	-0.182584	-0.946397	0.045434	0.978423	-0.201554
1573	103.972251	12.979908	37.294105	0.958993	-0.096702	-0.266422	-0.280017	-0.177825	-0.943382	0.043851	0.979299	-0.197611
1574	104.212964	12.954859	37.223332	0.955005	-0.096702	-0.280383	-0.293545	-0.173061	-0.940150	0.042391	0.980152	-0.193660
1575	104.452548	12.929835	37.149073	0.950813	-0.096702	-0.294283	-0.307032	-0.168293	-0.936701	0.041055	0.980982	-0.189706
1576	104.690951	12.904836	37.071347	0.946419	-0.096702	-0.308122	-0.320473	-0.163521	-0.933037	0.039843	0.981789	-0.185750
1577	104.928123	12.879863	36.990173	0.941824	-0.096702	-0.321894	-0.333864	-0.158745	-0.929158	0.038753	0.982572	-0.181795
1578	105.164015	12.854916	36.905569	0.937029	-0.096702	-0.335598	-0.347203	-0.153965	-0.925065	0.037785	0.983333	-0.177845
1579	105.398576	12.829994	36.817556	0.932034	-0.096702	-0.349231	-0.360484	-0.149182	-0.920758	0.036941	0.984070	-0.173902
1580	105.631758	12.805098	36.726155	0.926840	-0.096702	-0.362789	-0.373705	-0.144395	-0.916239	0.036217	0.984784	-0.169970
1581	105.863511	12.780227	36.631388	0.921450	-0.096702	-0.376270	-0.386862	-0.139605	-0.911509	0.035616	0.985474	-0.166050
1582	106.093788	12.755383	36.533277	0.915863	-0.096702	-0.389671	-0.399951	-0.134812	-0.906568	0.035135	0.986141	-0.162145
1583	106.322539	12.730563	36.431845	0.910081	-0.096702	-0.402989	-0.412968	-0.130015	-0.901417	0.034775	0.986785	-0.158259
1584	106.549717	12.705770	36.327115	0.904106	-0.096702	-0.416222	-0.425910	-0.125215	-0.896059	0.034534	0.987406	-0.154395
1585	106.775274	12.681002	36.219112	0.897939	-0.096702	-0.429366	-0.438773	-0.120413	-0.890494	0.034412	0.988003	-0.150554
1586	106.999164	12.656259	36.107861	0.891580	-0.096702	-0.442418	-0.451554	-0.115607	-0.884722	0.034408	0.988577	-0.146739
1587	107.221339	12.631543	35.993389	0.885032	-0.096702	-0.455376	-0.464249	-0.110799	-0.878747	0.034522	0.989127	-0.142954
1588	107.441753	12.606852	35.875720	0.878295	-0.096702	-0.468238	-0.476855	-0.105988	-0.872569	0.034752	0.989654	-0.139202
1589	107.660361	12.582187	35.754883	0.871371	-0.096702	-0.481000	-0.489367	-0.101175	-0.866189	0.035098	0.990158	-0.135484
1590	107.877116	12.557547	35.630906	0.864262	-0.096702	-0.493659	-0.501783	-0.096359	-0.859610	0.035558	0.990638	-0.131803
1591	108.091973	12.532934	35.503815	0.856969	-0.096702	-0.506214	-0.514099	-0.091541	-0.852832	0.036132	0.991095	-0.128162
1592	108.304889	12.508346	35.373642	0.849494	-0.096702	-0.518660	-0.526312	-0.086720	-0.845858	0.036818	0.991528	-0.124564
1593	108.515818	12.483784	35.240415	0.841838	-0.096702	-0.530997	-0.538418	-0.081898	-0.838689	0.037616	0.991938	-0.121011
1594	108.724718	12.459248	35.104164	0.834003	-0.096702	-0.543220	-0.550414	-0.077074	-0.831327	0.038523	0.992325	-0.117506
1595	108.931544	12.434737	34.964922	0.825990	-0.096702	-0.555328	-0.562296	-0.072248	-0.823774	0.039540	0.992688	-0.114051
1596	109.136254	12.410253	34.822718	0.817802	-0.096702	-0.567317	-0.574061	-0.067420	-0.816032	0.040664	0.993027	-0.110649
1597	109.338806	12.385794	34.677586	0.809439	-0.096702	-0.579186	-0.585707	-0.062591	-0.808103	0.041894	0.993343	-0.107303
1598	109.539157	12.361361	34.529558	0.800905	-0.096702	-0.590932	-0.597229	-0.057760	-0.799988	0.043229	0.993636	-0.104014
1599	109.737267	12.336954	34.378668	0.792200	-0.096702	-0.602551	-0.608625	-0.052928	-0.791691	0.044667	0.993905	-0.100785
1600	109.933095	12.312573	34.224949	0.783326	-0.096702	-0.614043	-0.619891	-0.048094	-0.783212	0.046207	0.994151	-0.097618
1601	110.126599	12.288217	34.068436	0.774286	-0.096702	-0.625404	-0.631025	-0.043260	-0.774556	0.047847	0.994373	-0.094517
1602	110.317742	12.263888	33.909165	0.765081	-0.096702	-0.636632	-0.642023	-0.038424	-0.765722	0.049585	0.994571	-0.091483
1603	110.506482	12.239584	33.747170	0.755713	-0.096702	-0.647724	-0.652881	-0.033588	-0.756715	0.051421	0.994746	-0.088518
1604	110.692783	12.215306	33.582489	0.746184	-0.096702	-0.658679	-0.663599	-0.028750	-0.747536	0.053351	0.994898	-0.085625
1605	110.876604	12.191054	33.415157	0.736497	-0.096702	-0.669493	-0.674171	-0.023912	-0.738188	0.055375	0.995026	-0.082805
1606	111.057910	12.166828	33.245213	0.726652	-0.096702	-0.680165	-0.684596	-0.019074	-0.728674	0.057491	0.995131	-0.080062
1607	111.236662	12.142628	33.072694	0.716654	-0.096702	-0.690693	-0.694870	-0.014235	-0.718995	0.059697	0.995212	-0.077397
1608	111.412824	12.118454	32.897638	0.706502	-0.096702	-0.701073	-0.704991	-0.009395	-0.709154	0.061990	0.995269	-0.074812
1609	111.586361	12.094306	32.720085	0.696201	-0.096702	-0.711304	-0.714955	-0.004556	-0.699155	0.064369	0.995303	-0.072310
1610	111.757237	12.070183	32.540074	0.685751	-0.096702	-0.721384	-0.724762	0.000284	-0.689000	0.066833	0.995313	-0.069892
1611	111.925417	12.046087	32.357644	0.675155	-0.096702	-0.731310	-0.734406	0.005124	-0.678691	0.069378	0.995300	-0.067560
1612	112.090868	12.022016	32.172837	0.664416	-0.096702	-0.741081	-0.743887	0.009963	-0.668232	0.072003	0.995263	-0.065316
1613	112.253556	11.997971	31.985692	0.653535	-0.096702	-0.750694	-0.753201	0.014802	-0.657624	0.074706	0.995203	-0.063162
1614	112.413447	11.973952	31.796252	0.642515	-0.096702	-0.760147	-0.762345	0.019641	-0.646872	0.077484	0.995120	-0.061101
1615	112.570510	11.949959	31.604558	0.631359	-0.096702	-0.769438	-0.771319	0.024480	-0.635978	0.080336	0.995012	-0.059133
1616	112.724713	11.925992	31.410652	0.620068	-0.096702	-0.778566	-0.780118	0.029318	-0.624945	0.083259	0.994881	-0.057260
1617	112.876024	11.902050	31.214577	0.608645	-0.096702	-0.787528	-0.788741	0.034155	-0.613776	0.086252	0.994727	-0.055485
1618	113.024415	11.878135	31.016376	0.597092	-0.096702	-0.796322	-0.797185	0.038991	-0.602474	0.089310	0.994549	-0.053808
1619	113.169854	11.854245	30.816093	0.585413	-0.096702	-0.804947	-0.805449	0.043827	-0.591043	0.092434	0.994348	-0.052232
1620	113.312313	11.830382	30.613771	0.573609	-0.096702	-0.813401	-0.813529	0.048661	-0.579485	0.095619	0.994123	-0.050758
1621	113.451763	11.806544	30.409456	0.561683	-0.096702	-0.821682	-0.821425	0.053495	-0.567803	0.098863	0.993875	-0.049387
1622	113.588177	11.782732	30.203191	0.549637	-0.096702	-0.829788	-0.829133	0.058327	-0.556001	0.102165	0.993603	-0.048121
1623	113.721528	11.758946	29.995022	0.537475	-0.096702	-0.837717	-0.836652	0.063157	-0.544082	0.105522	0.993308	-0.046961
1624	113.851788	11.735185	29.784994	0.525198	-0.096702	-0.845468	-0.843979	0.067986	-0.532050	0.108931	0.992989	-0.045908
1625	113.978933	11.711451	29.573154	0.512809	-0.096702	-0.853039	-0.851114	0.072814	-0.519907	0.112389	0.992646	-0.044965
1626	114.102936	11.687742	29.359546	0.500312	-0.096702	-0.860428	-0.858054	0.077640	-0.507657	0.115895	0.992281	-0.044132
1627	114.223775	11.664059	29.144219	0.487707	-0.096702	-0.867635	-0.864797	0.082464	-0.495303	0.119446	0.991891	-0.043410
1628	114.341425	11.640402	28.927219	0.474999	-0.096702	-0.874657	-0.871342	0.087286	-0.482850	0.123038	0.991479	-0.042800
1629	114.455863	11.616771	28.708593	0.462190	-0.096702	-0.881492	-0.877687	0.092106	-0.470300	0.126670	0.991042	-0.042304
1630	114.567067	11.593165	28.488388	0.449283	-0.096702	-0.888140	-0.883831	0.096924	-0.457656	0.130338	0.990583	-0.041922
1631	114.675015	11.569585	28.266653	0.436280	-0.096702	-0.894600	-0.889771	0.101739	-0.444923	0.134041	0.990100	-0.041656
1632	114.779686	11.546031	28.043435	0.423184	-0.096702	-0.900868	-0.895507	0.106552	-0.432103	0.137775	0.989593	-0.041506
1633	114.881060	11.522503	27.818783	0.409998	-0.096702	-0.906946	-0.901037	0.111363	-0.419201	0.141538	0.989064	-0.041474
1634	114.979119	11.499001	27.592746	0.396725	-0.096702	-0.912830	-0.906361	0.116171	-0.406220	0.145327	0.988510	-0.041559
1635	115.073842	11.475524	27.365372	0.383367	-0.096702	-0.918520	-0.911475	0.120976	-0.393164	0.149139	0.987934	-0.041764
1636	115.165212	11.452072	27.136711	0.369928	-0.096702	-0.924014	-0.916380	0.125779	-0.380035	0.152971	0.987334	-0.042087
1637	115.253212	11.428647	26.906812	0.356410	-0.096702	-0.929312	-0.921075	0.130578	-0.366839	0.156822	0.986711	-0.042531
1638	115.337825	11.405247	26.675725	0.342817	-0.096702	-0.934412	-0.925557	0.135374	-0.353578	0.160687	0.986064	-0.043095
1639	115.419035	11.381873	26.443500	0.329150	-0.096702	-0.939313	-0.929827	0.140167	-0.340256	0.164565	0.985394	-0.043780
1640	115.496827	11.358524	26.210186	0.315413	-0.096702	-0.944014	-0.933884	0.144957	-0.326877	0.168451	0.984701	-0.044587
1641	115.571188	11.335202	25.975834	0.301609	-0.096702	-0.948515	-0.937725	0.149743	-0.313445	0.172345	0.983985	-0.045516
1642	115.642102	11.311904	25.740494	0.287742	-0.096702	-0.952813	-0.941352	0.154526	-0.299963	0.176242	0.983245	-0.046567
1643	115.709558	11.288632	25.504218	0.273812	-0.096702	-0.956909	-0.944763	0.159305	-0.286436	0.180140	0.982482	-0.047741
1644	115.773542	11.265386	25.267055	0.259825	-0.096702	-0.960802	-0.947957	0.164081	-0.272866	0.184036	0.981696	-0.049037
1645	115.834045	11.242166	25.029057	0.245782	-0.096702	-0.964489	-0.950934	0.168852	-0.259257	0.187927	0.980886	-0.050457
1646	115.891054	11.218970	24.790274	0.231687	-0.096702	-0.967972	-0.953693	0.173620	-0.245614	0.191811	0.980053	-0.051999
1647	115.944561	11.195801	24.550759	0.217543	-0.096702	-0.971249	-0.956234	0.178383	-0.231940	0.195684	0.979198	-0.053664
1648	115.994556	11.172656	24.310562	0.203352	-0.096702	-0.974319	-0.958556	0.183142	-0.218239	0.199543	0.978319	-0.055452
1649	116.041035	11.149537	24.069732	0.189132	-0.096702	-0.977179	-0.960658	0.187893	-0.204528	0.203383	0.977417	-0.057362
1650	116.084008	11.126438	23.828314	0.174938	-0.096702	-0.979819	-0.962533	0.192617	-0.190862	0.207186	0.976498	-0.059383
1651	116.123502	11.103355	23.586350	0.160829	-0.096702	-0.982234	-0.964179	0.197295	-0.177297	0.210935	0.975563	-0.061508
1652	116.159555	11.080283	23.343882	0.146864	-0.096702	-0.984418	-0.965594	0.201911	-0.163890	0.214614	0.974618	-0.063722
1653	116.192222	11.057217	23.100953	0.133102	-0.096702	-0.986373	-0.966783	0.206446	-0.150698	0.218206	0.973668	-0.066012
1654	116.221569	11.034153	22.857604	0.119600	-0.096702	-0.988101	-0.967753	0.210883	-0.137776	0.221697	0.972716	-0.068362
1655	116.247676	11.011083	22.613872	0.106415	-0.096702	-0.989608	-0.968513	0.215204	-0.125176	0.225072	0.971769	-0.070757
1656	116.270636	10.988003	22.369792	0.093602	-0.096702	-0.990902	-0.969076	0.219393	-0.112951	0.228320	0.970832	-0.073176
1657	116.290556	10.964906	22.125396	0.081214	-0.096702	-0.991994	-0.969456	0.223435	-0.101150	0.231427	0.969910	-0.075603
1658	116.307552	10.941787	21.880714	0.069303	-0.096702	-0.992898	-0.969671	0.227313	-0.089821	0.234384	0.969009	-0.078016
1659	116.321755	10.918639	21.635770	0.057919	-0.096702	-0.993627	-0.969737	0.231013	-0.079009	0.237181	0.968133	-0.080396
1660	116.333305	10.895456	21.390585	0.047108	-0.096702	-0.994198	-0.969676	0.234522	-0.068757	0.239810	0.967289	-0.082722
1661	116.342351	10.872233	21.145177	0.036915	-0.096702	-0.994629	-0.969508	0.237826	-0.059105	0.242264	0.966482	-0.084974
1662	116.349056	10.848963	20.899557	0.027381	-0.096702	-0.994937	-0.969254	0.240912	-0.050089	0.244536	0.965717	-0.087133
1663	116.353588	10.825641	20.653736	0.018544	-0.096702	-0.995141	-0.968934	0.243769	-0.041744	0.246622	0.965000	-0.089178
1664	116.356127	10.802261	20.407719	0.010441	-0.096702	-0.995259	-0.968571	0.246388	-0.034101	0.248517	0.964335	-0.091091
1665	116.356859	10.778820	20.161508	0.003104	-0.096702	-0.995309	-0.968184	0.248757	-0.027188	0.250219	0.963727	-0.092854
1666	116.355976	10.755311	19.915102	-0.003439	-0.096702	-0.995307	-0.967793	0.250868	-0.021030	0.251724	0.963179	-0.094451
1667	116.353681	10.731730	19.668497	-0.009162	-0.096702	-0.995271	-0.967415	0.252713	-0.015648	0.253032	0.962696	-0.095867
1668	116.350178	10.708075	19.421687	-0.014043	-0.096702	-0.995214	-0.967066	0.254287	-0.011063	0.254140	0.962282	-0.097088
1669	116.345678	10.684342	19.174665	-0.018061	-0.096702	-0.995149	-0.966760	0.255582	-0.007290	0.255047	0.961939	-0.098104
1670	116.340398	10.660527	18.927422	-0.021203	-0.096702	-0.995087	-0.966510	0.256594	-0.004341	0.255753	0.961669	-0.098904
1671	116.334556	10.636629	18.679949	-0.023456	-0.096702	-0.995037	-0.966324	0.257320	-0.002228	0.256258	0.961476	-0.099482
1672	116.328374	10.612647	18.432237	-0.024811	-0.096702	-0.995004	-0.966210	0.257756	-0.000958	0.256561	0.961359	-0.099830
1673	116.322077	10.588579	18.184278	-0.025264	-0.096702	-0.994993	-0.966171	0.257902	-0.000533	0.256662	0.961320	-0.099947
1674	116.315761	10.564403	17.935530	-0.025264	-0.096702	-0.994993	-0.966171	0.257902	-0.000533	0.256662	0.961320	-0.099947
1675	116.309445	10.540227	17.686782	-0.025264	-0.096702	-0.994993	-0.966171	0.257902	-0.000533	0.256662	0.961320	-0.099947
1676	116.303129	10.516052	17.438033	-0.025264	-0.096702	-0.994993	-0.966171	0.257902	-0.000533	0.256662	0.961320	-0.099947
1677	116.296814	10.491876	17.189285	-0.025264	-0.096702	-0.994993	-0.966171	0.257902	-0.000533	0.256662	0.961320	-0.099947
1678	116.290498	10.467701	16.940537	-0.025264	-0.096702	-0.994993	-0.966171	0.257902	-0.000533	0.256662	0.961320	-0.099947
1679	116.284182	10.443525	16.691789	-0.025264	-0.096702	-0.994993	-0.966171	0.257902	-0.000533	0.256662	0.961320	-0.099947
1680	116.277866	10.419350	16.443041	-0.025264	-0.096702	-0.994993	-0.966171	0.257902	-0.000533	0.256662	0.961320	-0.099947
1681	116.271550	10.395174	16.194293	-0.025264	-0.096702	-0.994993	-0.966171	0.257902	-0.000533	0.256662	0.961320	-0.099947
1682	116.265234	10.370998	15.945544	-0.025264	-0.096702	-0.994993	-0.966171	0.257902	-0.000533	0.256662	0.961320	-0.099947
1683	116.258918	10.346823	15.696796	-0.025264	-0.096702	-0.994993	-0.966171	0.257902	-0.000533	0.256662	0.961320	-0.099947
1684	116.252602	10.322647	15.448048	-0.025264	-0.096702	-0.994993	-0.966171	0.257902	-0.000533	0.256662	0.961320	-0.099947
1685	116.246286	10.298472	15.199300	-0.025264	-0.096702	-0.994993	-0.966171	0.257902	-0.000533	0.256662	0.961320	-0.099947
1686	116.239971	10.274296	14.950552	-0.025264	-0.096702	-0.994993	-0.966171	0.257902	-0.000533	0.256662	0.961320	-0.099947
1687	116.233655	10.250120	14.701804	-0.025264	-0.096702	-0.994993	-0.966171	0.257902	-0.000533	0.256662	0.961320	-0.099947
1688	116.227339	10.225945	14.453055	-0.025264	-0.096702	-0.994993	-0.966171	0.257902	-0.000533	0.256662	0.961320	-0.099947
1689	116.221023	10.201769	14.204307	-0.025264	-0.096702	-0.994993	-0.966171	0.257902	-0.000533	0.256662	0.961320	-0.099947
1690	116.214707	10.177594	13.955559	-0.025264	-0.096702	-0.994993	-0.966171	0.257902	-0.000533	0.256662	0.961320	-0.099947
1691	116.208391	10.153418	13.706811	-0.025264	-0.096702	-0.994993	-0.966171	0.257902	-0.000533	0.256662	0.961320	-0.099947
1692	116.202075	10.129242	13.458063	-0.025264	-0.096702	-0.994993	-0.966171	0.257902	-0.000533	0.256662	0.961320	-0.099947
1693	116.195759	10.105067	13.209315	-0.025264	-0.096702	-0.994993	-0.966171	0.257902	-0.000533	0.256662	0.961320	-0.099947
1694	116.189443	10.080891	12.960566	-0.025264	-0.096702	-0.994993	-0.966171	0.257902	-0.000533	0.256662	0.961320	-0.099947
1695	116.183128	10.056716	12.711818	-0.025264	-0.096702	-0.994993	-0.966171	0.257902	-0.000533	0.256662	0.961320	-0.099947
1696	116.176812	10.032540	12.463070	-0.025264	-0.096702	-0.994993	-0.966171	0.257902	-0.000533	0.256662	0.961320	-0.099947
1697	116.170496	10.008364	12.214322	-0.025264	-0.096702	-0.994993	-0.966171	0.257902	-0.000533	0.256662	0.961320	-0.099947
1698	116.164180	9.984189	11.965574	-0.025264	-0.096702	-0.994993	-0.966171	0.257902	-0.000533	0.256662	0.961320	-0.099947
1699	116.157864	9.960013	11.716826	-0.025264	-0.096702	-0.994993	-0.966171	0.257902	-0.000533	0.256662	0.961320	-0.099947
1700	116.151548	9.935838	11.468077	-0.025264	-0.096702	-0.994993	-0.966171	0.257902	-0.000533	0.256662	0.961320	-0.099947
1701	116.145232	9.911662	11.219329	-0.025264	-0.096702	-0.994993	-0.966171	0.257902	-0.000533	0.256662	0.961320	-0.099947
1702	116.138916	9.887486	10.970581	-0.025264	-0.096702	-0.994993	-0.966171	0.257902	-0.000533	0.256662	0.961320	-0.099947
1703	116.132600	9.863311	10.721833	-0.025264	-0.096702	-0.994993	-0.966171	0.257902	-0.000533	0.256662	0.961320	-0.099947
1704	116.126285	9.839135	10.473085	-0.025264	-0.096702	-0.994993	-0.966171	0.257902	-0.000533	0.256662	0.961320	-0.099947
1705	116.119969	9.814960	10.224337	-0.025264	-0.096702	-0.994993	-0.966171	0.257902	-0.000533	0.256662	0.961320	-0.099947
1706	116.113653	9.790784	9.975588	-0.025264	-0.096702	-0.994993	-0.966171	0.257902	-0.000533	0.256662	0.961320	-0.099947
1707	116.107337	9.766608	9.726840	-0.025264	-0.096702	-0.994993	-0.966171	0.257902	-0.000533	0.256662	0.961320	-0.099947
1708	116.101021	9.742433	9.478092	-0.025264	-0.096702	-0.994993	-0.966171	0.257902	-0.000533	0.256662	0.961320	-0.099947
1709	116.094705	9.718257	9.229344	-0.025264	-0.096702	-0.994993	-0.966171	0.257902	-0.000533	0.256662	0.961320	-0.099947
1710	116.088389	9.694082	8.980596	-0.025264	-0.096702	-0.994993	-0.966171	0.257902	-0.000533	0.256662	0.961320	-0.099947
1711	116.082073	9.669906	8.731848	-0.025264	-0.096702	-0.994993	-0.966171	0.257902	-0.000533	0.256662	0.961320	-0.099947
1712	116.075757	9.645730	8.483099	-0.025264	-0.096702	-0.994993	-0.966171	0.257902	-0.000533	0.256662	0.961320	-0.099947
1713	116.069442	9.621555	8.234351	-0.025264	-0.096702	-0.994993	-0.966171	0.257902	-0.000533	0.256662	0.961320	-0.099947
1714	116.063126	9.597379	7.985603	-0.025264	-0.096702	-0.994993	-0.966171	0.257902	-0.000533	0.256662	0.961320	-0.099947
1715	116.056810	9.573204	7.736855	-0.025264	-0.096702	-0.994993	-0.966171	0.257902	-0.000533	0.256662	0.961320	-0.099947
1716	116.050494	9.549028	7.488107	-0.025264	-0.096702	-0.994993	-0.966171	0.257902	-0.000533	0.256662	0.961320	-0.099947
1717	116.044178	9.524852	7.239359	-0.025264	-0.096702	-0.994993	-0.966171	0.257902	-0.000533	0.256662	0.961320	-0.099947
1718	116.037862	9.500677	6.990610	-0.025264	-0.096702	-0.994993	-0.966171	0.257902	-0.000533	0.256662	0.961320	-0.099947
1719	116.031546	9.476501	6.741862	-0.025264	-0.096702	-0.994993	-0.966171	0.257902	-0.000533	0.256662	0.961320	-0.099947
1720	116.025230	9.452326	6.493114	-0.025264	-0.096702	-0.994993	-0.966171	0.257902	-0.000533	0.256662	0.961320	-0.099947
1721	116.018915	9.428150	6.244366	-0.025264	-0.096702	-0.994993	-0.966171	0.257902	-0.000533	0.256662	0.961320	-0.099947
1722	116.012599	9.403974	5.995618	-0.025264	-0.096702	-0.994993	-0.966171	0.257902	-0.000533	0.256662	0.961320	-0.099947
1723	116.006283	9.379799	5.746870	-0.025264	-0.096702	-0.994993	-0.966171	0.257902	-0.000533	0.256662	0.961320	-0.099947
1724	115.999967	9.355623	5.498121	-0.025264	-0.096702	-0.994993	-0.966171	0.257902	-0.000533	0.256662	0.961320	-0.099947
1725	115.993651	9.331448	5.249373	-0.025264	-0.096702	-0.994993	-0.966171	0.257902	-0.000533	0.256662	0.961320	-0.099947
1726	115.987335	9.307272	5.000625	-0.025264	-0.096702	-0.994993	-0.966171	0.257902	-0.000533	0.256662	0.961320	-0.099947
1727	115.981019	9.283096	4.751877	-0.025264	-0.096702	-0.994993	-0.966171	0.257902	-0.000533	0.256662	0.961320	-0.099947
1728	115.974703	9.258921	4.503129	-0.025264	-0.096702	-0.994993	-0.966171	0.257902	-0.000533	0.256662	0.961320	-0.099947
1729	115.968387	9.234745	4.254381	-0.025264	-0.096702	-0.994993	-0.966171	0.257902	-0.000533	0.256662	0.961320	-0.099947
1730	115.962072	9.210570	4.005632	-0.025264	-0.096702	-0.994993	-0.966171	0.257902	-0.000533	0.256662	0.961320	-0.099947
1731	115.955756	9.186394	3.756884	-0.025264	-0.096702	-0.994993	-0.966171	0.257902	-0.000533	0.256662	0.961320	-0.099947
1732	115.949440	9.162218	3.508136	-0.025264	-0.096702	-0.994993	-0.966171	0.257902	-0.000533	0.256662	0.961320	-0.099947
1733	115.943124	9.138043	3.259388	-0.025264	-0.096702	-0.994993	-0.966171	0.257902	-0.000533	0.256662	0.961320	-0.099947
1734	115.936808	9.113867	3.010640	-0.025264	-0.096702	-0.994993	-0.966171	0.257902	-0.000533	0.256662	0.961320	-0.099947
1735	115.930492	9.089692	2.761892	-0.025264	-0.096702	-0.994993	-0.966171	0.257902	-0.000533	0.256662	0.961320	-0.099947
1736	115.924176	9.065516	2.513143	-0.025264	-0.096702	-0.994993	-0.966171	0.257902	-0.000533	0.256662	0.961320	-0.099947
1737	115.917860	9.041340	2.264395	-0.025264	-0.096702	-0.994993	-0.966171	0.257902	-0.000533	0.256662	0.961320	-0.099947
1738	115.911544	9.017165	2.015647	-0.025264	-0.096702	-0.994993	-0.966171	0.257902	-0.000533	0.256662	0.961320	-0.099947
1739	115.905229	8.992989	1.766899	-0.025264	-0.096702	-0.994993	-0.966171	0.257902	-0.000533	0.256662	0.961320	-0.099947
1740	115.898913	8.968814	1.518151	-0.025264	-0.096702	-0.994993	-0.966171	0.257902	-0.000533	0.256662	0.961320	-0.099947
1741	115.892597	8.944638	1.269403	-0.025264	-0.096702	-0.994993	-0.966171	0.257902	-0.000533	0.256662	0.961320	-0.099947
1742	115.886281	8.920462	1.020654	-0.025264	-0.096702	-0.994993	-0.966171	0.257902	-0.000533	0.256662	0.961320	-0.099947
1743	115.879965	8.896287	0.771906	-0.025264	-0.096702	-0.994993	-0.966171	0.257902	-0.000533	0.256662	0.961320	-0.099947
1744	115.873649	8.872111	0.523158	-0.025264	-0.096702	-0.994993	-0.966171	0.257902	-0.000533	0.256662	0.961320	-0.099947
1745	115.867333	8.847936	0.274410	-0.025264	-0.096702	-0.994993	-0.966171	0.257902	-0.000533	0.256662	0.961320	-0.099947
1746	115.861017	8.823760	0.025662	-0.025264	-0.096702	-0.994993	-0.966171	0.257902	-0.000533	0.256662	0.961320	-0.099947
1747	115.854701	8.799584	-0.223086	-0.025264	-0.096702	-0.994993	-0.966171	0.257902	-0.000533	0.256662	0.961320	-0.099947
1748	115.848386	8.775409	-0.471835	-0.025264	-0.096702	-0.994993	-0.966171	0.257902	-0.000533	0.256662	0.961320	-0.099947
1749	115.842070	8.751233	-0.720583	-0.025264	-0.096702	-0.994993	-0.966171	0.257902	-0.000533	0.256662	0.961320	-0.099947
1750	115.835754	8.727058	-0.969331	-0.025264	-0.096702	-0.994993	-0.966171	0.257902	-0.000533	0.256662	0.961320	-0.099947
1751	115.829438	8.702882	-1.218079	-0.025264	-0.096702	-0.994993	-0.966171	0.257902	-0.000533	0.256662	0.961320	-0.099947
1752	115.823122	8.678707	-1.466827	-0.025264	-0.096702	-0.994993	-0.966171	0.257902	-0.000533	0.256662	0.961320	-0.099947
1753	115.816806	8.654531	-1.715575	-0.025264	-0.096702	-0.994993	-0.966171	0.257902	-0.000533	0.256662	0.961320	-0.099947
