No.	PosX	PosY	PosZ	FrontX	FrontY	FrontZ	LeftX	LeftY	LeftZ	UpX	UpY	UpZ
1	0.000000	-1.100000	0.000000	0.000000	0.000000	1.000000	1.000000	0.000000	0.000000	0.000000	1.000000	0.000000
2	0.095871	-1.095814	0.250000	0.000000	0.000000	1.000000	0.996195	0.087156	-0.000000	-0.087156	0.996195	0.000000
3	0.191013	-1.083289	0.500000	0.000000	0.000000	1.000000	0.984808	0.173648	-0.000000	-0.173648	0.984808	0.000000
4	0.284701	-1.062518	0.750000	0.000000	0.000000	1.000000	0.965926	0.258819	-0.000000	-0.258819	0.965926	0.000000
5	0.376222	-1.033662	1.000000	0.000000	0.000000	1.000000	0.939693	0.342020	-0.000000	-0.342020	0.939693	0.000000
6	0.464880	-0.996939	1.250000	0.000000	0.000000	1.000000	0.906308	0.422618	-0.000000	-0.422618	0.906308	0.000000
7	0.550000	-0.952628	1.500000	0.000000	0.000000	1.000000	0.866025	0.500000	-0.000000	-0.500000	0.866025	0.000000
8	0.630934	-0.901067	1.750000	0.000000	0.000000	1.000000	0.819152	0.573576	-0.000000	-0.573576	0.819152	0.000000
9	0.707066	-0.842649	2.000000	0.000000	0.000000	1.000000	0.766044	0.642788	-0.000000	-0.642788	0.766044	0.000000
10	0.777817	-0.777817	2.250000	0.000000	0.000000	1.000000	0.707107	0.707107	-0.000000	-0.707107	0.707107	0.000000
11	0.842649	-0.707066	2.500000	0.000000	0.000000	1.000000	0.642788	0.766044	-0.000000	-0.766044	0.642788	0.000000
12	0.901067	-0.630934	2.750000	0.000000	0.000000	1.000000	0.573576	0.819152	-0.000000	-0.819152	0.573576	0.000000
13	0.952628	-0.550000	3.000000	0.000000	0.000000	1.000000	0.500000	0.866025	-0.000000	-0.866025	0.500000	0.000000
14	0.996939	-0.464880	3.250000	0.000000	0.000000	1.000000	0.422618	0.906308	-0.000000	-0.906308	0.422618	0.000000
15	1.033662	-0.376222	3.500000	0.000000	0.000000	1.000000	0.342020	0.939693	-0.000000	-0.939693	0.342020	0.000000
16	1.062518	-0.284701	3.750000	0.000000	0.000000	1.000000	0.258819	0.965926	-0.000000	-0.965926	0.258819	0.000000
17	1.083289	-0.191013	4.000000	0.000000	0.000000	1.000000	0.173648	0.984808	-0.000000	-0.984808	0.173648	0.000000
18	1.095814	-0.095871	4.250000	0.000000	0.000000	1.000000	0.087156	0.996195	-0.000000	-0.996195	0.087156	0.000000
19	1.100000	-0.000000	4.500000	0.000000	0.000000	1.000000	0.000000	1.000000	-0.000000	-1.000000	0.000000	0.000000
20	1.095814	0.095871	4.750000	0.000000	0.000000	1.000000	-0.087156	0.996195	0.000000	-0.996195	-0.087156	0.000000
21	1.083289	0.191013	5.000000	0.000000	0.000000	1.000000	-0.173648	0.984808	0.000000	-0.984808	-0.173648	0.000000
22	1.062518	0.284701	5.250000	0.000000	0.000000	1.000000	-0.258819	0.965926	0.000000	-0.965926	-0.258819	0.000000
23	1.033662	0.376222	5.500000	0.000000	0.000000	1.000000	-0.342020	0.939693	0.000000	-0.939693	-0.342020	0.000000
24	0.996939	0.464880	5.750000	0.000000	0.000000	1.000000	-0.422618	0.906308	0.000000	-0.906308	-0.422618	0.000000
25	0.952628	0.550000	6.000000	0.000000	0.000000	1.000000	-0.500000	0.866025	0.000000	-0.866025	-0.500000	0.000000
26	0.901067	0.630934	6.250000	0.000000	0.000000	1.000000	-0.573576	0.819152	0.000000	-0.819152	-0.573576	0.000000
27	0.842649	0.707066	6.500000	0.000000	0.000000	1.000000	-0.642788	0.766044	0.000000	-0.766044	-0.642788	0.000000
28	0.777817	0.777817	6.750000	0.000000	0.000000	1.000000	-0.707107	0.707107	0.000000	-0.707107	-0.707107	0.000000
29	0.707066	0.842649	7.000000	0.000000	0.000000	1.000000	-0.766044	0.642788	0.000000	-0.642788	-0.766044	0.000000
30	0.630934	0.901067	7.250000	0.000000	0.000000	1.000000	-0.819152	0.573576	0.000000	-0.573576	-0.819152	0.000000
31	0.550000	0.952628	7.500000	0.000000	0.000000	1.000000	-0.866025	0.500000	0.000000	-0.500000	-0.866025	0.000000
32	0.464880	0.996939	7.750000	0.000000	0.000000	1.000000	-0.906308	0.422618	0.000000	-0.422618	-0.906308	0.000000
33	0.376222	1.033662	8.000000	0.000000	0.000000	1.000000	-0.939693	0.342020	0.000000	-0.342020	-0.939693	0.000000
34	0.284701	1.062518	8.250000	0.000000	0.000000	1.000000	-0.965926	0.258819	0.000000	-0.258819	-0.965926	0.000000
35	0.191013	1.083289	8.500000	0.000000	0.000000	1.000000	-0.984808	0.173648	0.000000	-0.173648	-0.984808	0.000000
36	0.095871	1.095814	8.750000	0.000000	0.000000	1.000000	-0.996195	0.087156	0.000000	-0.087156	-0.996195	0.000000
37	0.000000	1.100000	9.000000	0.000000	0.000000	1.000000	-1.000000	0.000000	0.000000	-0.000000	-1.000000	0.000000
38	-0.095871	1.095814	9.250000	0.000000	0.000000	1.000000	-0.996195	-0.087156	0.000000	0.087156	-0.996195	0.000000
39	-0.191013	1.083289	9.500000	0.000000	0.000000	1.000000	-0.984808	-0.173648	0.000000	0.173648	-0.984808	0.000000
40	-0.284701	1.062518	9.750000	0.000000	0.000000	1.000000	-0.965926	-0.258819	0.000000	0.258819	-0.965926	0.000000
41	-0.376222	1.033662	10.000000	0.000000	0.000000	1.000000	-0.939693	-0.342020	0.000000	0.342020	-0.939693	0.000000
42	-0.464880	0.996939	10.250000	0.000000	0.000000	1.000000	-0.906308	-0.422618	0.000000	0.422618	-0.906308	0.000000
43	-0.550000	0.952628	10.500000	0.000000	0.000000	1.000000	-0.866025	-0.500000	0.000000	0.500000	-0.866025	0.000000
44	-0.630934	0.901067	10.750000	0.000000	0.000000	1.000000	-0.819152	-0.573576	0.000000	0.573576	-0.819152	0.000000
45	-0.707066	0.842649	11.000000	0.000000	0.000000	1.000000	-0.766044	-0.642788	0.000000	0.642788	-0.766044	0.000000
46	-0.777817	0.777817	11.250000	0.000000	0.000000	1.000000	-0.707107	-0.707107	0.000000	0.707107	-0.707107	0.000000
47	-0.842649	0.707066	11.500000	0.000000	0.000000	1.000000	-0.642788	-0.766044	0.000000	0.766044	-0.642788	0.000000
48	-0.901067	0.630934	11.750000	0.000000	0.000000	1.000000	-0.573576	-0.819152	0.000000	0.819152	-0.573576	0.000000
49	-0.952628	0.550000	12.000000	0.000000	0.000000	1.000000	-0.500000	-0.866025	0.000000	0.866025	-0.500000	0.000000
50	-0.996939	0.464880	12.250000	0.000000	0.000000	1.000000	-0.422618	-0.906308	0.000000	0.906308	-0.422618	0.000000
51	-1.033662	0.376222	12.500000	0.000000	0.000000	1.000000	-0.342020	-0.939693	0.000000	0.939693	-0.342020	0.000000
52	-1.062518	0.284701	12.750000	0.000000	0.000000	1.000000	-0.258819	-0.965926	0.000000	0.965926	-0.258819	0.000000
53	-1.083289	0.191013	13.000000	0.000000	0.000000	1.000000	-0.173648	-0.984808	0.000000	0.984808	-0.173648	0.000000
54	-1.095814	0.095871	13.250000	0.000000	0.000000	1.000000	-0.087156	-0.996195	0.000000	0.996195	-0.087156	0.000000
55	-1.100000	0.000000	13.500000	0.000000	0.000000	1.000000	-0.000000	-1.000000	0.000000	1.000000	-0.000000	0.000000
56	-1.095814	-0.095871	13.750000	0.000000	0.000000	1.000000	0.087156	-0.996195	0.000000	0.996195	0.087156	0.000000
57	-1.083289	-0.191013	14.000000	0.000000	0.000000	1.000000	0.173648	-0.984808	0.000000	0.984808	0.173648	0.000000
58	-1.062518	-0.284701	14.250000	0.000000	0.000000	1.000000	0.258819	-0.965926	0.000000	0.965926	0.258819	0.000000
59	-1.033662	-0.376222	14.500000	0.000000	0.000000	1.000000	0.342020	-0.939693	0.000000	0.939693	0.342020	0.000000
60	-0.996939	-0.464880	14.750000	0.000000	0.000000	1.000000	0.422618	-0.906308	0.000000	0.906308	0.422618	0.000000
61	-0.952628	-0.550000	15.000000	0.000000	0.000000	1.000000	0.500000	-0.866025	0.000000	0.866025	0.500000	0.000000
62	-0.901067	-0.630934	15.250000	0.000000	0.000000	1.000000	0.573576	-0.819152	0.000000	0.819152	0.573576	0.000000
63	-0.842649	-0.707066	15.500000	0.000000	0.000000	1.000000	0.642788	-0.766044	0.000000	0.766044	0.642788	0.000000
64	-0.777817	-0.777817	15.750000	0.000000	0.000000	1.000000	0.707107	-0.707107	0.000000	0.707107	0.707107	0.000000
65	-0.707066	-0.842649	16.000000	0.000000	0.000000	1.000000	0.766044	-0.642788	0.000000	0.642788	0.766044	0.000000
66	-0.630934	-0.901067	16.250000	0.000000	0.000000	1.000000	0.819152	-0.573576	0.000000	0.573576	0.819152	0.000000
67	-0.550000	-0.952628	16.500000	0.000000	0.000000	1.000000	0.866025	-0.500000	0.000000	0.500000	0.866025	0.000000
68	-0.464880	-0.996939	16.750000	0.000000	0.000000	1.000000	0.906308	-0.422618	0.000000	0.422618	0.906308	0.000000
69	-0.376222	-1.033662	17.000000	0.000000	0.000000	1.000000	0.939693	-0.342020	0.000000	0.342020	0.939693	0.000000
70	-0.284701	-1.062518	17.250000	0.000000	0.000000	1.000000	0.965926	-0.258819	0.000000	0.258819	0.965926	0.000000
71	-0.191013	-1.083289	17.500000	0.000000	0.000000	1.000000	0.984808	-0.173648	0.000000	0.173648	0.984808	0.000000
72	-0.095871	-1.095814	17.750000	0.000000	0.000000	1.000000	0.996195	-0.087156	0.000000	0.087156	0.996195	0.000000
73	-0.000000	-1.100000	18.000000	0.000000	0.000000	1.000000	1.000000	-0.000000	0.000000	0.000000	1.000000	0.000000
74	-0.000000	-1.100000	18.249333	-0.012466	0.000000	0.999922	0.999922	-0.000000	0.012466	0.000000	1.000000	0.000000
75	-0.003108	-1.100000	18.498646	-0.024931	0.000000	0.999689	0.999689	-0.000000	0.024931	0.000000	1.000000	0.000000
76	-0.009324	-1.100000	18.747901	-0.037391	0.000000	0.999301	0.999301	-0.000000	0.037391	0.000000	1.000000	0.000000
77	-0.018647	-1.100000	18.997060	-0.049846	0.000000	0.998757	0.998757	-0.000000	0.049846	0.000000	1.000000	0.000000
78	-0.031075	-1.100000	19.246083	-0.062293	0.000000	0.998058	0.998058	-0.000000	0.062293	0.000000	1.000000	0.000000
79	-0.046607	-1.100000	19.494931	-0.074730	0.000000	0.997204	0.997204	-0.000000	0.074730	0.000000	1.000000	0.000000
80	-0.065240	-1.100000	19.743567	-0.087156	0.000000	0.996195	0.996195	-0.000000	0.087156	0.000000	1.000000	0.000000
81	-0.086970	-1.100000	19.991951	-0.099568	0.000000	0.995031	0.995031	-0.000000	0.099568	0.000000	1.000000	0.000000
82	-0.111796	-1.100000	20.240044	-0.111964	0.000000	0.993712	0.993712	-0.000000	0.111964	0.000000	1.000000	0.000000
83	-0.139712	-1.100000	20.487809	-0.124344	0.000000	0.992239	0.992239	-0.000000	0.124344	0.000000	1.000000	0.000000
84	-0.170715	-1.100000	20.735207	-0.136704	0.000000	0.990612	0.990612	-0.000000	0.136704	0.000000	1.000000	0.000000
85	-0.204800	-1.100000	20.982199	-0.149042	0.000000	0.988831	0.988831	-0.000000	0.149042	0.000000	1.000000	0.000000
86	-0.241961	-1.100000	21.228747	-0.161358	0.000000	0.986896	0.986896	-0.000000	0.161358	0.000000	1.000000	0.000000
87	-0.282193	-1.100000	21.474813	-0.173648	0.000000	0.984808	0.984808	-0.000000	0.173648	0.000000	1.000000	0.000000
88	-0.325489	-1.100000	21.720357	-0.185912	0.000000	0.982566	0.982566	-0.000000	0.185912	0.000000	1.000000	0.000000
89	-0.371843	-1.100000	21.965343	-0.198146	0.000000	0.980172	0.980172	-0.000000	0.198146	0.000000	1.000000	0.000000
90	-0.421247	-1.100000	22.209732	-0.210350	0.000000	0.977626	0.977626	-0.000000	0.210350	0.000000	1.000000	0.000000
91	-0.473694	-1.100000	22.453487	-0.222521	0.000000	0.974928	0.974928	-0.000000	0.222521	0.000000	1.000000	0.000000
92	-0.529176	-1.100000	22.696568	-0.234657	0.000000	0.972078	0.972078	-0.000000	0.234657	0.000000	1.000000	0.000000
93	-0.587684	-1.100000	22.938939	-0.246757	0.000000	0.969077	0.969077	-0.000000	0.246757	0.000000	1.000000	0.000000
94	-0.649209	-1.100000	23.180562	-0.258819	0.000000	0.965926	0.965926	-0.000000	0.258819	0.000000	1.000000	0.000000
95	-0.713741	-1.100000	23.421399	-0.270840	0.000000	0.962624	0.962624	-0.000000	0.270840	0.000000	1.000000	0.000000
96	-0.781270	-1.100000	23.661412	-0.282820	0.000000	0.959173	0.959173	-0.000000	0.282820	0.000000	1.000000	0.000000
97	-0.851786	-1.100000	23.900566	-0.294755	0.000000	0.955573	0.955573	-0.000000	0.294755	0.000000	1.000000	0.000000
98	-0.925278	-1.100000	24.138821	-0.306645	0.000000	0.951824	0.951824	-0.000000	0.306645	0.000000	1.000000	0.000000
99	-1.001735	-1.100000	24.376142	-0.318487	0.000000	0.947927	0.947927	-0.000000	0.318487	0.000000	1.000000	0.000000
100	-1.081144	-1.100000	24.612492	-0.330279	0.000000	0.943883	0.943883	-0.000000	0.330279	0.000000	1.000000	0.000000
101	-1.163494	-1.100000	24.847833	-0.342020	0.000000	0.939693	0.939693	-0.000000	0.342020	0.000000	1.000000	0.000000
102	-1.248770	-1.100000	25.082129	-0.353708	0.000000	0.935356	0.935356	-0.000000	0.353708	0.000000	1.000000	0.000000
103	-1.336961	-1.100000	25.315344	-0.365341	0.000000	0.930874	0.930874	-0.000000	0.365341	0.000000	1.000000	0.000000
104	-1.428053	-1.100000	25.547441	-0.376917	0.000000	0.926247	0.926247	-0.000000	0.376917	0.000000	1.000000	0.000000
105	-1.522031	-1.100000	25.778385	-0.388435	0.000000	0.921476	0.921476	-0.000000	0.388435	0.000000	1.000000	0.000000
106	-1.618880	-1.100000	26.008139	-0.399892	0.000000	0.916562	0.916562	-0.000000	0.399892	0.000000	1.000000	0.000000
107	-1.718586	-1.100000	26.236668	-0.411287	0.000000	0.911506	0.911506	-0.000000	0.411287	0.000000	1.000000	0.000000
108	-1.821134	-1.100000	26.463936	-0.422618	0.000000	0.906308	0.906308	-0.000000	0.422618	0.000000	1.000000	0.000000
109	-1.926506	-1.100000	26.689908	-0.433884	0.000000	0.900969	0.900969	-0.000000	0.433884	0.000000	1.000000	0.000000
110	-2.034688	-1.100000	26.914549	-0.445082	0.000000	0.895490	0.895490	-0.000000	0.445082	0.000000	1.000000	0.000000
111	-2.145661	-1.100000	27.137824	-0.456211	0.000000	0.889872	0.889872	-0.000000	0.456211	0.000000	1.000000	0.000000
112	-2.259409	-1.100000	27.359698	-0.467269	0.000000	0.884115	0.884115	-0.000000	0.467269	0.000000	1.000000	0.000000
113	-2.375915	-1.100000	27.580137	-0.478254	0.000000	0.878222	0.878222	-0.000000	0.478254	0.000000	1.000000	0.000000
114	-2.495159	-1.100000	27.799107	-0.489165	0.000000	0.872191	0.872191	-0.000000	0.489165	0.000000	1.000000	0.000000
115	-2.617124	-1.100000	28.016573	-0.500000	0.000000	0.866025	0.866025	-0.000000	0.500000	0.000000	1.000000	0.000000
116	-2.741790	-1.100000	28.232501	-0.510757	0.000000	0.859725	0.859725	-0.000000	0.510757	0.000000	1.000000	0.000000
117	-2.869139	-1.100000	28.446859	-0.521435	0.000000	0.853291	0.853291	-0.000000	0.521435	0.000000	1.000000	0.000000
118	-2.999150	-1.100000	28.659612	-0.532032	0.000000	0.846724	0.846724	-0.000000	0.532032	0.000000	1.000000	0.000000
119	-3.131803	-1.100000	28.870728	-0.542546	0.000000	0.840026	0.840026	-0.000000	0.542546	0.000000	1.000000	0.000000
120	-3.267077	-1.100000	29.080174	-0.552976	0.000000	0.833197	0.833197	-0.000000	0.552976	0.000000	1.000000	0.000000
121	-3.404952	-1.100000	29.287917	-0.563320	0.000000	0.826239	0.826239	-0.000000	0.563320	0.000000	1.000000	0.000000
122	-3.545407	-1.100000	29.493926	-0.573576	0.000000	0.819152	0.819152	-0.000000	0.573576	0.000000	1.000000	0.000000
123	-3.688418	-1.100000	29.698167	-0.583744	0.000000	0.811938	0.811938	-0.000000	0.583744	0.000000	1.000000	0.000000
124	-3.833964	-1.100000	29.900610	-0.593820	0.000000	0.804598	0.804598	-0.000000	0.593820	0.000000	1.000000	0.000000
125	-3.982023	-1.100000	30.101223	-0.603804	0.000000	0.797133	0.797133	-0.000000	0.603804	0.000000	1.000000	0.000000
126	-4.132571	-1.100000	30.299974	-0.613695	0.000000	0.789543	0.789543	-0.000000	0.613695	0.000000	1.000000	0.000000
127	-4.285586	-1.100000	30.496833	-0.623490	0.000000	0.781831	0.781831	-0.000000	0.623490	0.000000	1.000000	0.000000
128	-4.441042	-1.100000	30.691769	-0.633188	0.000000	0.773998	0.773998	-0.000000	0.633188	0.000000	1.000000	0.000000
129	-4.598917	-1.100000	30.884752	-0.642788	0.000000	0.766044	0.766044	-0.000000	0.642788	0.000000	1.000000	0.000000
130	-4.759185	-1.100000	31.075752	-0.652287	0.000000	0.757972	0.757972	-0.000000	0.652287	0.000000	1.000000	0.000000
131	-4.921821	-1.100000	31.264739	-0.661686	0.000000	0.749781	0.749781	-0.000000	0.661686	0.000000	1.000000	0.000000
132	-5.086801	-1.100000	31.451684	-0.670981	0.000000	0.741474	0.741474	-0.000000	0.670981	0.000000	1.000000	0.000000
133	-5.254099	-1.100000	31.636558	-0.680173	0.000000	0.733052	0.733052	-0.000000	0.680173	0.000000	1.000000	0.000000
134	-5.423688	-1.100000	31.819332	-0.689258	0.000000	0.724516	0.724516	-0.000000	0.689258	0.000000	1.000000	0.000000
135	-5.595543	-1.100000	31.999977	-0.698237	0.000000	0.715867	0.715867	-0.000000	0.698237	0.000000	1.000000	0.000000
136	-5.769636	-1.100000	32.178466	-0.707107	0.000000	0.707107	0.707107	-0.000000	0.707107	0.000000	1.000000	0.000000
137	-5.945941	-1.100000	32.354771	-0.715867	0.000000	0.698237	0.698237	-0.000000	0.715867	0.000000	1.000000	0.000000
138	-6.124430	-1.100000	32.528865	-0.724516	0.000000	0.689258	0.689258	-0.000000	0.724516	0.000000	1.000000	0.000000
139	-6.305075	-1.100000	32.700719	-0.733052	0.000000	0.680173	0.680173	-0.000000	0.733052	0.000000	1.000000	0.000000
140	-6.487849	-1.100000	32.870309	-0.741474	0.000000	0.670981	0.670981	-0.000000	0.741474	0.000000	1.000000	0.000000
141	-6.672723	-1.100000	33.037606	-0.749781	0.000000	0.661686	0.661686	-0.000000	0.749781	0.000000	1.000000	0.000000
142	-6.859668	-1.100000	33.202586	-0.757972	0.000000	0.652287	0.652287	-0.000000	0.757972	0.000000	1.000000	0.000000
143	-7.048655	-1.100000	33.365223	-0.766044	0.000000	0.642788	0.642788	-0.000000	0.766044	0.000000	1.000000	0.000000
144	-7.239655	-1.100000	33.525491	-0.773998	0.000000	0.633188	0.633188	-0.000000	0.773998	0.000000	1.000000	0.000000
145	-7.432638	-1.100000	33.683365	-0.781831	0.000000	0.623490	0.623490	-0.000000	0.781831	0.000000	1.000000	0.000000
146	-7.627575	-1.100000	33.838822	-0.789543	0.000000	0.613695	0.613695	-0.000000	0.789543	0.000000	1.000000	0.000000
147	-7.824434	-1.100000	33.991836	-0.797133	0.000000	0.603804	0.603804	-0.000000	0.797133	0.000000	1.000000	0.000000
148	-8.023185	-1.100000	34.142384	-0.804598	0.000000	0.593820	0.593820	-0.000000	0.804598	0.000000	1.000000	0.000000
149	-8.223797	-1.100000	34.290443	-0.811938	0.000000	0.583744	0.583744	-0.000000	0.811938	0.000000	1.000000	0.000000
150	-8.426240	-1.100000	34.435989	-0.819152	0.000000	0.573576	0.573576	-0.000000	0.819152	0.000000	1.000000	0.000000
151	-8.630482	-1.100000	34.579001	-0.826239	0.000000	0.563320	0.563320	-0.000000	0.826239	0.000000	1.000000	0.000000
152	-8.836490	-1.100000	34.719455	-0.833197	0.000000	0.552976	0.552976	-0.000000	0.833197	0.000000	1.000000	0.000000
153	-9.044233	-1.100000	34.857330	-0.840026	0.000000	0.542546	0.542546	-0.000000	0.840026	0.000000	1.000000	0.000000
154	-9.253679	-1.100000	34.992605	-0.846724	0.000000	0.532032	0.532032	-0.000000	0.846724	0.000000	1.000000	0.000000
155	-9.464795	-1.100000	35.125258	-0.853291	0.000000	0.521435	0.521435	-0.000000	0.853291	0.000000	1.000000	0.000000
156	-9.677549	-1.100000	35.255268	-0.859725	0.000000	0.510757	0.510757	-0.000000	0.859725	0.000000	1.000000	0.000000
157	-9.891906	-1.100000	35.382617	-0.866025	0.000000	0.500000	0.500000	-0.000000	0.866025	0.000000	1.000000	0.000000
158	-10.107835	-1.100000	35.507283	-0.872191	0.000000	0.489165	0.489165	-0.000000	0.872191	0.000000	1.000000	0.000000
159	-10.325301	-1.100000	35.629248	-0.878222	0.000000	0.478254	0.478254	-0.000000	0.878222	0.000000	1.000000	0.000000
160	-10.544270	-1.100000	35.748493	-0.884115	0.000000	0.467269	0.467269	-0.000000	0.884115	0.000000	1.000000	0.000000
161	-10.764709	-1.100000	35.864998	-0.889872	0.000000	0.456211	0.456211	-0.000000	0.889872	0.000000	1.000000	0.000000
162	-10.986583	-1.100000	35.978746	-0.895490	0.000000	0.445082	0.445082	-0.000000	0.895490	0.000000	1.000000	0.000000
163	-11.209858	-1.100000	36.089720	-0.900969	0.000000	0.433884	0.433884	-0.000000	0.900969	0.000000	1.000000	0.000000
164	-11.434499	-1.100000	36.197901	-0.906308	0.000000	0.422618	0.422618	-0.000000	0.906308	0.000000	1.000000	0.000000
165	-11.660471	-1.100000	36.303274	-0.911506	0.000000	0.411287	0.411287	-0.000000	0.911506	0.000000	1.000000	0.000000
166	-11.887740	-1.100000	36.405821	-0.916562	0.000000	0.399892	0.399892	-0.000000	0.916562	0.000000	1.000000	0.000000
167	-12.116269	-1.100000	36.505527	-0.921476	0.000000	0.388435	0.388435	-0.000000	0.921476	0.000000	1.000000	0.000000
168	-12.346023	-1.100000	36.602377	-0.926247	0.000000	0.376917	0.376917	-0.000000	0.926247	0.000000	1.000000	0.000000
169	-12.576966	-1.100000	36.696354	-0.930874	0.000000	0.365341	0.365341	-0.000000	0.930874	0.000000	1.000000	0.000000
170	-12.809064	-1.100000	36.787446	-0.935356	0.000000	0.353708	0.353708	-0.000000	0.935356	0.000000	1.000000	0.000000
171	-13.042279	-1.100000	36.875637	-0.939693	0.000000	0.342020	0.342020	-0.000000	0.939693	0.000000	1.000000	0.000000
172	-13.276575	-1.100000	36.960914	-0.943883	0.000000	0.330279	0.330279	-0.000000	0.943883	0.000000	1.000000	0.000000
173	-13.511916	-1.100000	37.043263	-0.947927	0.000000	0.318487	0.318487	-0.000000	0.947927	0.000000	1.000000	0.000000
174	-13.748265	-1.100000	37.122672	-0.951824	0.000000	0.306645	0.306645	-0.000000	0.951824	0.000000	1.000000	0.000000
175	-13.985586	-1.100000	37.199129	-0.955573	0.000000	0.294755	0.294755	-0.000000	0.955573	0.000000	1.000000	0.000000
176	-14.223842	-1.100000	37.272621	-0.959173	0.000000	0.282820	0.282820	-0.000000	0.959173	0.000000	1.000000	0.000000
177	-14.462995	-1.100000	37.343137	-0.962624	0.000000	0.270840	0.270840	-0.000000	0.962624	0.000000	1.000000	0.000000
178	-14.703009	-1.100000	37.410667	-0.965926	0.000000	0.258819	0.258819	-0.000000	0.965926	0.000000	1.000000	0.000000
179	-14.943846	-1.100000	37.475199	-0.969077	0.000000	0.246757	0.246757	-0.000000	0.969077	0.000000	1.000000	0.000000
180	-15.185468	-1.100000	37.536723	-0.972078	0.000000	0.234657	0.234657	-0.000000	0.972078	0.000000	1.000000	0.000000
181	-15.427839	-1.100000	37.595231	-0.974928	0.000000	0.222521	0.222521	-0.000000	0.974928	0.000000	1.000000	0.000000
182	-15.670921	-1.100000	37.650713	-0.977626	0.000000	0.210350	0.210350	-0.000000	0.977626	0.000000	1.000000	0.000000
183	-15.914675	-1.100000	37.703160	-0.980172	0.000000	0.198146	0.198146	-0.000000	0.980172	0.000000	1.000000	0.000000
184	-16.159064	-1.100000	37.752564	-0.982566	0.000000	0.185912	0.185912	-0.000000	0.982566	0.000000	1.000000	0.000000
185	-16.404050	-1.100000	37.798918	-0.984808	0.000000	0.173648	0.173648	-0.000000	0.984808	0.000000	1.000000	0.000000
186	-16.649595	-1.100000	37.842214	-0.986896	0.000000	0.161358	0.161358	-0.000000	0.986896	0.000000	1.000000	0.000000
187	-16.895660	-1.100000	37.882446	-0.988831	0.000000	0.149042	0.149042	-0.000000	0.988831	0.000000	1.000000	0.000000
188	-17.142208	-1.100000	37.919607	-0.990612	0.000000	0.136704	0.136704	-0.000000	0.990612	0.000000	1.000000	0.000000
189	-17.389200	-1.100000	37.953692	-0.992239	0.000000	0.124344	0.124344	-0.000000	0.992239	0.000000	1.000000	0.000000
190	-17.636598	-1.100000	37.984695	-0.993712	0.000000	0.111964	0.111964	-0.000000	0.993712	0.000000	1.000000	0.000000
191	-17.884363	-1.100000	38.012611	-0.995031	0.000000	0.099568	0.099568	-0.000000	0.995031	0.000000	1.000000	0.000000
192	-18.132457	-1.100000	38.037437	-0.996195	0.000000	0.087156	0.087156	-0.000000	0.996195	0.000000	1.000000	0.000000
193	-18.380841	-1.100000	38.059168	-0.997204	0.000000	0.074730	0.074730	-0.000000	0.997204	0.000000	1.000000	0.000000
194	-18.629476	-1.100000	38.077800	-0.998058	0.000000	0.062293	0.062293	-0.000000	0.998058	0.000000	1.000000	0.000000
195	-18.878325	-1.100000	38.093332	-0.998757	0.000000	0.049846	0.049846	-0.000000	0.998757	0.000000	1.000000	0.000000
196	-19.127348	-1.100000	38.105760	-0.999301	0.000000	0.037391	0.037391	-0.000000	0.999301	0.000000	1.000000	0.000000
197	-19.376506	-1.100000	38.115083	-0.999689	0.000000	0.024931	0.024931	-0.000000	0.999689	0.000000	1.000000	0.000000
198	-19.625761	-1.100000	38.121299	-0.999922	0.000000	0.012466	0.012466	-0.000000	0.999922	0.000000	1.000000	0.000000
199	-19.875075	-1.100000	38.124407	-1.000000	0.000000	-0.000000	-0.000000	-0.000000	1.000000	-0.000000	1.000000	0.000000
200	-20.124407	-1.100000	38.124407	-0.999922	0.000000	-0.012466	-0.012466	-0.000000	0.999922	-0.000000	1.000000	0.000000
201	-20.373721	-1.100000	38.121299	-0.999689	0.000000	-0.024931	-0.024931	-0.000000	0.999689	-0.000000	1.000000	0.000000
202	-20.622976	-1.100000	38.115083	-0.999301	0.000000	-0.037391	-0.037391	-0.000000	0.999301	-0.000000	1.000000	0.000000
203	-20.872134	-1.100000	38.105760	-0.998757	0.000000	-0.049846	-0.049846	-0.000000	0.998757	-0.000000	1.000000	0.000000
204	-21.121157	-1.100000	38.093332	-0.998058	0.000000	-0.062293	-0.062293	-0.000000	0.998058	-0.000000	1.000000	0.000000
205	-21.370006	-1.100000	38.077800	-0.997204	0.000000	-0.074730	-0.074730	-0.000000	0.997204	-0.000000	1.000000	0.000000
206	-21.618641	-1.100000	38.059168	-0.996195	0.000000	-0.087156	-0.087156	-0.000000	0.996195	-0.000000	1.000000	0.000000
207	-21.867025	-1.100000	38.037437	-0.995031	0.000000	-0.099568	-0.099568	-0.000000	0.995031	-0.000000	1.000000	0.000000
208	-22.115119	-1.100000	38.012611	-0.993712	0.000000	-0.111964	-0.111964	-0.000000	0.993712	-0.000000	1.000000	0.000000
209	-22.362884	-1.100000	37.984695	-0.992239	0.000000	-0.124344	-0.124344	-0.000000	0.992239	-0.000000	1.000000	0.000000
210	-22.610282	-1.100000	37.953692	-0.990612	0.000000	-0.136704	-0.136704	-0.000000	0.990612	-0.000000	1.000000	0.000000
211	-22.857274	-1.100000	37.919607	-0.988831	0.000000	-0.149042	-0.149042	-0.000000	0.988831	-0.000000	1.000000	0.000000
212	-23.103822	-1.100000	37.882446	-0.986896	0.000000	-0.161358	-0.161358	-0.000000	0.986896	-0.000000	1.000000	0.000000
213	-23.349887	-1.100000	37.842214	-0.984808	0.000000	-0.173648	-0.173648	-0.000000	0.984808	-0.000000	1.000000	0.000000
214	-23.609691	-1.099777	37.796404	-0.984608	0.020137	-0.173613	-0.173648	-0.000000	0.984808	0.019831	0.999797	0.003497
215	-23.869438	-1.094242	37.750604	-0.984009	0.040266	-0.173507	-0.173648	-0.000000	0.984808	0.039654	0.999189	0.006992
216	-24.129022	-1.083396	37.704832	-0.983011	0.060378	-0.173331	-0.173648	-0.000000	0.984808	0.059461	0.998176	0.010485
217	-24.388339	-1.067245	37.659107	-0.981614	0.080467	-0.173085	-0.173648	-0.000000	0.984808	0.079244	0.996757	0.013973
218	-24.647282	-1.045795	37.613449	-0.979820	0.100522	-0.172769	-0.173648	-0.000000	0.984808	0.098995	0.994935	0.017455
219	-24.905748	-1.019054	37.567874	-0.977627	0.120537	-0.172382	-0.173648	-0.000000	0.984808	0.118705	0.992709	0.020931
220	-25.163631	-0.987033	37.522402	-0.975039	0.140502	-0.171926	-0.173648	-0.000000	0.984808	0.138368	0.990080	0.024398
221	-25.420827	-0.949746	37.477052	-0.972055	0.160411	-0.171399	-0.173648	-0.000000	0.984808	0.157974	0.987050	0.027855
222	-25.677231	-0.907208	37.431841	-0.968677	0.180255	-0.170804	-0.173648	-0.000000	0.984808	0.177517	0.983620	0.031301
223	-25.932740	-0.859435	37.386788	-0.964905	0.200026	-0.170139	-0.173648	-0.000000	0.984808	0.196987	0.979791	0.034734
224	-26.187249	-0.806447	37.341911	-0.960743	0.219715	-0.169405	-0.173648	-0.000000	0.984808	0.216377	0.975564	0.038153
225	-26.440656	-0.748266	37.297228	-0.956191	0.239316	-0.168602	-0.173648	-0.000000	0.984808	0.235680	0.970942	0.041557
226	-26.692858	-0.684915	37.252758	-0.951251	0.258819	-0.167731	-0.173648	-0.000000	0.984808	0.254887	0.965926	0.044943
227	-26.943753	-0.616420	37.208519	-0.945926	0.278217	-0.166792	-0.173648	-0.000000	0.984808	0.273991	0.960518	0.048312
228	-27.193238	-0.542809	37.164528	-0.940217	0.297503	-0.165786	-0.173648	-0.000000	0.984808	0.292983	0.954721	0.051661
229	-27.441213	-0.464111	37.120803	-0.934126	0.316668	-0.164712	-0.173648	-0.000000	0.984808	0.311857	0.948536	0.054989
230	-27.687576	-0.380359	37.077363	-0.927657	0.335705	-0.163571	-0.173648	-0.000000	0.984808	0.330604	0.941967	0.058294
231	-27.932229	-0.291586	37.034224	-0.920811	0.354605	-0.162364	-0.173648	-0.000000	0.984808	0.349218	0.935016	0.061576
232	-28.175072	-0.197829	36.991404	-0.913592	0.373361	-0.161091	-0.173648	-0.000000	0.984808	0.367689	0.927686	0.064834
233	-28.416007	-0.099125	36.948921	-0.906003	0.391967	-0.159753	-0.173648	-0.000000	0.984808	0.386012	0.919979	0.068064
234	-28.654935	0.004486	36.906791	-0.898046	0.410413	-0.158350	-0.173648	-0.000000	0.984808	0.404178	0.911900	0.071267
235	-28.891760	0.112961	36.865033	-0.889725	0.428693	-0.156883	-0.173648	-0.000000	0.984808	0.422180	0.903450	0.074442
236	-29.126385	0.226257	36.823662	-0.881043	0.446798	-0.155352	-0.173648	-0.000000	0.984808	0.440011	0.894635	0.077586
237	-29.358717	0.344327	36.782696	-0.872004	0.464723	-0.153758	-0.173648	-0.000000	0.984808	0.457663	0.885456	0.080698
238	-29.588660	0.467124	36.742151	-0.862611	0.482459	-0.152102	-0.173648	-0.000000	0.984808	0.475130	0.875918	0.083778
239	-29.816120	0.594598	36.702043	-0.852869	0.500000	-0.150384	-0.173648	-0.000000	0.984808	0.492404	0.866025	0.086824
240	-30.029327	0.719591	36.664449	-0.852869	0.500000	-0.150384	-0.173648	-0.000000	0.984808	0.492404	0.866025	0.086824
241	-30.242533	0.844585	36.626855	-0.852869	0.500000	-0.150384	-0.173648	-0.000000	0.984808	0.492404	0.866025	0.086824
242	-30.455739	0.969578	36.589261	-0.852869	0.500000	-0.150384	-0.173648	-0.000000	0.984808	0.492404	0.866025	0.086824
243	-30.668945	1.094572	36.551667	-0.852869	0.500000	-0.150384	-0.173648	-0.000000	0.984808	0.492404	0.866025	0.086824
244	-30.882152	1.219566	36.514073	-0.852869	0.500000	-0.150384	-0.173648	-0.000000	0.984808	0.492404	0.866025	0.086824
245	-31.095358	1.344559	36.476479	-0.852869	0.500000	-0.150384	-0.173648	-0.000000	0.984808	0.492404	0.866025	0.086824
246	-31.308564	1.469553	36.438885	-0.852869	0.500000	-0.150384	-0.173648	-0.000000	0.984808	0.492404	0.866025	0.086824
247	-31.521771	1.594547	36.401291	-0.852869	0.500000	-0.150384	-0.173648	-0.000000	0.984808	0.492404	0.866025	0.086824
248	-31.734977	1.719540	36.363697	-0.852869	0.500000	-0.150384	-0.173648	-0.000000	0.984808	0.492404	0.866025	0.086824
249	-31.948183	1.844534	36.326103	-0.852869	0.500000	-0.150384	-0.173648	-0.000000	0.984808	0.492404	0.866025	0.086824
250	-32.161389	1.969527	36.288509	-0.852869	0.500000	-0.150384	-0.173648	-0.000000	0.984808	0.492404	0.866025	0.086824
251	-32.374596	2.094521	36.250915	-0.852869	0.500000	-0.150384	-0.173648	-0.000000	0.984808	0.492404	0.866025	0.086824
252	-32.587802	2.219515	36.213321	-0.852869	0.500000	-0.150384	-0.173648	-0.000000	0.984808	0.492404	0.866025	0.086824
253	-32.801008	2.344508	36.175727	-0.852869	0.500000	-0.150384	-0.173648	-0.000000	0.984808	0.492404	0.866025	0.086824
254	-33.014214	2.469502	36.138133	-0.852869	0.500000	-0.150384	-0.173648	-0.000000	0.984808	0.492404	0.866025	0.086824
255	-33.227421	2.594496	36.100539	-0.852869	0.500000	-0.150384	-0.173648	-0.000000	0.984808	0.492404	0.866025	0.086824
256	-33.440627	2.719489	36.062945	-0.852869	0.500000	-0.150384	-0.173648	-0.000000	0.984808	0.492404	0.866025	0.086824
257	-33.653833	2.844483	36.025351	-0.852869	0.500000	-0.150384	-0.173648	-0.000000	0.984808	0.492404	0.866025	0.086824
258	-33.867039	2.969476	35.987757	-0.852869	0.500000	-0.150384	-0.173648	-0.000000	0.984808	0.492404	0.866025	0.086824
259	-34.080246	3.094470	35.950163	-0.852869	0.500000	-0.150384	-0.173648	-0.000000	0.984808	0.492404	0.866025	0.086824
260	-34.293452	3.219464	35.912569	-0.852869	0.500000	-0.150384	-0.173648	-0.000000	0.984808	0.492404	0.866025	0.086824
261	-34.506658	3.344457	35.874975	-0.852869	0.500000	-0.150384	-0.173648	-0.000000	0.984808	0.492404	0.866025	0.086824
262	-34.719864	3.469451	35.837381	-0.852869	0.500000	-0.150384	-0.173648	-0.000000	0.984808	0.492404	0.866025	0.086824
263	-34.933071	3.594445	35.799787	-0.852869	0.500000	-0.150384	-0.173648	-0.000000	0.984808	0.492404	0.866025	0.086824
264	-35.146277	3.719438	35.762193	-0.852869	0.500000	-0.150384	-0.173648	-0.000000	0.984808	0.492404	0.866025	0.086824
265	-35.359483	3.844432	35.724599	-0.852869	0.500000	-0.150384	-0.173648	-0.000000	0.984808	0.492404	0.866025	0.086824
266	-35.572689	3.969425	35.687005	-0.852869	0.500000	-0.150384	-0.173648	-0.000000	0.984808	0.492404	0.866025	0.086824
267	-35.785896	4.094419	35.649411	-0.852869	0.500000	-0.150384	-0.173648	-0.000000	0.984808	0.492404	0.866025	0.086824
268	-35.999102	4.219413	35.611817	-0.852869	0.500000	-0.150384	-0.173648	-0.000000	0.984808	0.492404	0.866025	0.086824
269	-36.212308	4.344406	35.574223	-0.852869	0.500000	-0.150384	-0.173648	-0.000000	0.984808	0.492404	0.866025	0.086824
270	-36.425514	4.469400	35.536629	-0.852869	0.500000	-0.150384	-0.173648	-0.000000	0.984808	0.492404	0.866025	0.086824
271	-36.638721	4.594393	35.499035	-0.852869	0.500000	-0.150384	-0.173648	-0.000000	0.984808	0.492404	0.866025	0.086824
272	-36.851927	4.719387	35.461441	-0.852869	0.500000	-0.150384	-0.173648	-0.000000	0.984808	0.492404	0.866025	0.086824
273	-37.065133	4.844381	35.423847	-0.852869	0.500000	-0.150384	-0.173648	-0.000000	0.984808	0.492404	0.866025	0.086824
274	-37.278339	4.969374	35.386253	-0.852869	0.500000	-0.150384	-0.173648	-0.000000	0.984808	0.492404	0.866025	0.086824
275	-37.491546	5.094368	35.348659	-0.852869	0.500000	-0.150384	-0.173648	-0.000000	0.984808	0.492404	0.866025	0.086824
276	-37.704752	5.219362	35.311064	-0.852869	0.500000	-0.150384	-0.173648	-0.000000	0.984808	0.492404	0.866025	0.086824
277	-37.917958	5.344355	35.273470	-0.852869	0.500000	-0.150384	-0.173648	-0.000000	0.984808	0.492404	0.866025	0.086824
278	-38.131164	5.469349	35.235876	-0.852869	0.500000	-0.150384	-0.173648	-0.000000	0.984808	0.492404	0.866025	0.086824
279	-38.344371	5.594342	35.198282	-0.852869	0.500000	-0.150384	-0.173648	-0.000000	0.984808	0.492404	0.866025	0.086824
280	-38.557577	5.719336	35.160688	-0.852869	0.500000	-0.150384	-0.173648	-0.000000	0.984808	0.492404	0.866025	0.086824
281	-38.770783	5.844330	35.123094	-0.852869	0.500000	-0.150384	-0.173648	-0.000000	0.984808	0.492404	0.866025	0.086824
282	-38.983989	5.969323	35.085500	-0.852869	0.500000	-0.150384	-0.173648	-0.000000	0.984808	0.492404	0.866025	0.086824
283	-39.197196	6.094317	35.047906	-0.852869	0.500000	-0.150384	-0.173648	-0.000000	0.984808	0.492404	0.866025	0.086824
284	-39.410402	6.219311	35.010312	-0.852869	0.500000	-0.150384	-0.173648	-0.000000	0.984808	0.492404	0.866025	0.086824
285	-39.623608	6.344304	34.972718	-0.852869	0.500000	-0.150384	-0.173648	-0.000000	0.984808	0.492404	0.866025	0.086824
286	-39.836814	6.469298	34.935124	-0.852869	0.500000	-0.150384	-0.173648	-0.000000	0.984808	0.492404	0.866025	0.086824
287	-40.050021	6.594291	34.897530	-0.852869	0.500000	-0.150384	-0.173648	-0.000000	0.984808	0.492404	0.866025	0.086824
288	-40.263227	6.719285	34.859936	-0.852869	0.500000	-0.150384	-0.173648	-0.000000	0.984808	0.492404	0.866025	0.086824
289	-40.476433	6.844279	34.822342	-0.852869	0.500000	-0.150384	-0.173648	-0.000000	0.984808	0.492404	0.866025	0.086824
290	-40.689639	6.969272	34.784748	-0.852869	0.500000	-0.150384	-0.173648	-0.000000	0.984808	0.492404	0.866025	0.086824
291	-40.902846	7.094266	34.747154	-0.852869	0.500000	-0.150384	-0.173648	-0.000000	0.984808	0.492404	0.866025	0.086824
292	-41.116052	7.219260	34.709560	-0.852869	0.500000	-0.150384	-0.173648	-0.000000	0.984808	0.492404	0.866025	0.086824
293	-41.329258	7.344253	34.671966	-0.852869	0.500000	-0.150384	-0.173648	-0.000000	0.984808	0.492404	0.866025	0.086824
294	-41.542464	7.469247	34.634372	-0.852869	0.500000	-0.150384	-0.173648	-0.000000	0.984808	0.492404	0.866025	0.086824
295	-41.755671	7.594240	34.596778	-0.852869	0.500000	-0.150384	-0.173648	-0.000000	0.984808	0.492404	0.866025	0.086824
296	-41.968877	7.719234	34.559184	-0.852869	0.500000	-0.150384	-0.173648	-0.000000	0.984808	0.492404	0.866025	0.086824
297	-42.182083	7.844228	34.521590	-0.852869	0.500000	-0.150384	-0.173648	-0.000000	0.984808	0.492404	0.866025	0.086824
298	-42.395289	7.969221	34.483996	-0.852869	0.500000	-0.150384	-0.173648	-0.000000	0.984808	0.492404	0.866025	0.086824
299	-42.608496	8.094215	34.446402	-0.852869	0.500000	-0.150384	-0.173648	-0.000000	0.984808	0.492404	0.866025	0.086824
300	-42.821702	8.219208	34.408808	-0.852869	0.500000	-0.150384	-0.173648	-0.000000	0.984808	0.492404	0.866025	0.086824
301	-43.034908	8.344202	34.371214	-0.852869	0.500000	-0.150384	-0.173648	-0.000000	0.984808	0.492404	0.866025	0.086824
302	-43.248114	8.469196	34.333620	-0.852869	0.500000	-0.150384	-0.173648	-0.000000	0.984808	0.492404	0.866025	0.086824
303	-43.461321	8.594189	34.296026	-0.852869	0.500000	-0.150384	-0.173648	-0.000000	0.984808	0.492404	0.866025	0.086824
304	-43.674527	8.719183	34.258432	-0.852869	0.500000	-0.150384	-0.173648	-0.000000	0.984808	0.492404	0.866025	0.086824
305	-43.887733	8.844177	34.220838	-0.852869	0.500000	-0.150384	-0.173648	-0.000000	0.984808	0.492404	0.866025	0.086824
306	-44.100939	8.969170	34.183244	-0.852869	0.500000	-0.150384	-0.173648	-0.000000	0.984808	0.492404	0.866025	0.086824
307	-44.314146	9.094164	34.145650	-0.852869	0.500000	-0.150384	-0.173648	-0.000000	0.984808	0.492404	0.866025	0.086824
308	-44.527352	9.219157	34.108056	-0.852869	0.500000	-0.150384	-0.173648	-0.000000	0.984808	0.492404	0.866025	0.086824
309	-44.740558	9.344151	34.070462	-0.852869	0.500000	-0.150384	-0.173648	-0.000000	0.984808	0.492404	0.866025	0.086824
310	-44.953764	9.469145	34.032868	-0.852869	0.500000	-0.150384	-0.173648	-0.000000	0.984808	0.492404	0.866025	0.086824
311	-45.166971	9.594138	33.995274	-0.852869	0.500000	-0.150384	-0.173648	-0.000000	0.984808	0.492404	0.866025	0.086824
312	-45.380177	9.719132	33.957680	-0.852869	0.500000	-0.150384	-0.173648	-0.000000	0.984808	0.492404	0.866025	0.086824
313	-45.593383	9.844126	33.920086	-0.852869	0.500000	-0.150384	-0.173648	-0.000000	0.984808	0.492404	0.866025	0.086824
314	-45.806589	9.969119	33.882492	-0.852869	0.500000	-0.150384	-0.173648	-0.000000	0.984808	0.492404	0.866025	0.086824
315	-46.019796	10.094113	33.844898	-0.852869	0.500000	-0.150384	-0.173648	-0.000000	0.984808	0.492404	0.866025	0.086824
316	-46.233002	10.219106	33.807304	-0.852869	0.500000	-0.150384	-0.173648	-0.000000	0.984808	0.492404	0.866025	0.086824
317	-46.446208	10.344100	33.769710	-0.852869	0.500000	-0.150384	-0.173648	-0.000000	0.984808	0.492404	0.866025	0.086824
318	-46.659414	10.469094	33.732116	-0.852869	0.500000	-0.150384	-0.173648	-0.000000	0.984808	0.492404	0.866025	0.086824
319	-46.872621	10.594087	33.694522	-0.852869	0.500000	-0.150384	-0.173648	-0.000000	0.984808	0.492404	0.866025	0.086824
320	-47.085827	10.719081	33.656928	-0.852869	0.500000	-0.150384	-0.173648	-0.000000	0.984808	0.492404	0.866025	0.086824
321	-47.299033	10.844074	33.619334	-0.852869	0.500000	-0.150384	-0.173648	-0.000000	0.984808	0.492404	0.866025	0.086824
322	-47.512239	10.969068	33.581740	-0.852869	0.500000	-0.150384	-0.173648	-0.000000	0.984808	0.492404	0.866025	0.086824
323	-47.725446	11.094062	33.544146	-0.852869	0.500000	-0.150384	-0.173648	-0.000000	0.984808	0.492404	0.866025	0.086824
324	-47.938652	11.219055	33.506552	-0.852869	0.500000	-0.150384	-0.173648	-0.000000	0.984808	0.492404	0.866025	0.086824
325	-48.151858	11.344049	33.468958	-0.852869	0.500000	-0.150384	-0.173648	-0.000000	0.984808	0.492404	0.866025	0.086824
326	-48.365064	11.469043	33.431364	-0.852869	0.500000	-0.150384	-0.173648	-0.000000	0.984808	0.492404	0.866025	0.086824
327	-48.578271	11.594036	33.393770	-0.852869	0.500000	-0.150384	-0.173648	-0.000000	0.984808	0.492404	0.866025	0.086824
328	-48.791477	11.719030	33.356176	-0.852869	0.500000	-0.150384	-0.173648	-0.000000	0.984808	0.492404	0.866025	0.086824
329	-49.004683	11.844023	33.318582	-0.852869	0.500000	-0.150384	-0.173648	-0.000000	0.984808	0.492404	0.866025	0.086824
330	-49.217889	11.969017	33.280988	-0.852869	0.500000	-0.150384	-0.173648	-0.000000	0.984808	0.492404	0.866025	0.086824
331	-49.431096	12.094011	33.243394	-0.852869	0.500000	-0.150384	-0.173648	-0.000000	0.984808	0.492404	0.866025	0.086824
332	-49.644302	12.219004	33.205800	-0.852869	0.500000	-0.150384	-0.173648	-0.000000	0.984808	0.492404	0.866025	0.086824
333	-49.857508	12.343998	33.168206	-0.852869	0.500000	-0.150384	-0.173648	-0.000000	0.984808	0.492404	0.866025	0.086824
334	-50.070714	12.468992	33.130612	-0.852869	0.500000	-0.150384	-0.173648	-0.000000	0.984808	0.492404	0.866025	0.086824
335	-50.283921	12.593985	33.093018	-0.852869	0.500000	-0.150384	-0.173648	-0.000000	0.984808	0.492404	0.866025	0.086824
336	-50.497127	12.718979	33.055424	-0.852869	0.500000	-0.150384	-0.173648	-0.000000	0.984808	0.492404	0.866025	0.086824
337	-50.710333	12.843972	33.017830	-0.852869	0.500000	-0.150384	-0.173648	-0.000000	0.984808	0.492404	0.866025	0.086824
338	-50.923539	12.968966	32.980236	-0.852869	0.500000	-0.150384	-0.173648	-0.000000	0.984808	0.492404	0.866025	0.086824
339	-51.136746	13.093960	32.942642	-0.852869	0.500000	-0.150384	-0.173648	-0.000000	0.984808	0.492404	0.866025	0.086824
340	-51.349952	13.218953	32.905048	-0.852869	0.500000	-0.150384	-0.173648	-0.000000	0.984808	0.492404	0.866025	0.086824
341	-51.563158	13.343947	32.867454	-0.852869	0.500000	-0.150384	-0.173648	-0.000000	0.984808	0.492404	0.866025	0.086824
342	-51.776364	13.468941	32.829860	-0.852869	0.500000	-0.150384	-0.173648	-0.000000	0.984808	0.492404	0.866025	0.086824
343	-51.989571	13.593934	32.792266	-0.852869	0.500000	-0.150384	-0.173648	-0.000000	0.984808	0.492404	0.866025	0.086824
344	-52.202777	13.718928	32.754672	-0.852869	0.500000	-0.150384	-0.173648	-0.000000	0.984808	0.492404	0.866025	0.086824
345	-52.415983	13.843921	32.717077	-0.852869	0.500000	-0.150384	-0.173648	-0.000000	0.984808	0.492404	0.866025	0.086824
346	-52.629189	13.968915	32.679483	-0.852869	0.500000	-0.150384	-0.173648	-0.000000	0.984808	0.492404	0.866025	0.086824
347	-52.842396	14.093909	32.641889	-0.852869	0.500000	-0.150384	-0.173648	-0.000000	0.984808	0.492404	0.866025	0.086824
348	-53.055602	14.218902	32.604295	-0.852869	0.500000	-0.150384	-0.173648	-0.000000	0.984808	0.492404	0.866025	0.086824
349	-53.268808	14.343896	32.566701	-0.852869	0.500000	-0.150384	-0.173648	-0.000000	0.984808	0.492404	0.866025	0.086824
350	-53.482014	14.468889	32.529107	-0.852869	0.500000	-0.150384	-0.173648	-0.000000	0.984808	0.492404	0.866025	0.086824
351	-53.695221	14.593883	32.491513	-0.852869	0.500000	-0.150384	-0.173648	-0.000000	0.984808	0.492404	0.866025	0.086824
352	-53.908427	14.718877	32.453919	-0.852869	0.500000	-0.150384	-0.173648	-0.000000	0.984808	0.492404	0.866025	0.086824
353	-54.121633	14.843870	32.416325	-0.852869	0.500000	-0.150384	-0.173648	-0.000000	0.984808	0.492404	0.866025	0.086824
354	-54.334839	14.968864	32.378731	-0.852869	0.500000	-0.150384	-0.173648	-0.000000	0.984808	0.492404	0.866025	0.086824
355	-54.548046	15.093858	32.341137	-0.852869	0.500000	-0.150384	-0.173648	-0.000000	0.984808	0.492404	0.866025	0.086824
356	-54.761252	15.218851	32.303543	-0.852869	0.500000	-0.150384	-0.173648	-0.000000	0.984808	0.492404	0.866025	0.086824
357	-54.974458	15.343845	32.265949	-0.852869	0.500000	-0.150384	-0.173648	-0.000000	0.984808	0.492404	0.866025	0.086824
358	-55.187664	15.468838	32.228355	-0.852869	0.500000	-0.150384	-0.173648	-0.000000	0.984808	0.492404	0.866025	0.086824
359	-55.400871	15.593832	32.190761	-0.852869	0.500000	-0.150384	-0.173648	-0.000000	0.984808	0.492404	0.866025	0.086824
360	-55.614077	15.718826	32.153167	-0.852869	0.500000	-0.150384	-0.173648	-0.000000	0.984808	0.492404	0.866025	0.086824
361	-55.827283	15.843819	32.115573	-0.852869	0.500000	-0.150384	-0.173648	-0.000000	0.984808	0.492404	0.866025	0.086824
362	-56.040489	15.968813	32.077979	-0.852869	0.500000	-0.150384	-0.173648	-0.000000	0.984808	0.492404	0.866025	0.086824
363	-56.253696	16.093807	32.040385	-0.852869	0.500000	-0.150384	-0.173648	-0.000000	0.984808	0.492404	0.866025	0.086824
364	-56.466902	16.218800	32.002791	-0.852869	0.500000	-0.150384	-0.173648	-0.000000	0.984808	0.492404	0.866025	0.086824
365	-56.680108	16.343794	31.965197	-0.852869	0.500000	-0.150384	-0.173648	-0.000000	0.984808	0.492404	0.866025	0.086824
366	-56.893314	16.468787	31.927603	-0.852869	0.500000	-0.150384	-0.173648	-0.000000	0.984808	0.492404	0.866025	0.086824
367	-57.106521	16.593781	31.890009	-0.852869	0.500000	-0.150384	-0.173648	-0.000000	0.984808	0.492404	0.866025	0.086824
368	-57.319727	16.718775	31.852415	-0.852869	0.500000	-0.150384	-0.173648	-0.000000	0.984808	0.492404	0.866025	0.086824
369	-57.532933	16.843768	31.814821	-0.852869	0.500000	-0.150384	-0.173648	-0.000000	0.984808	0.492404	0.866025	0.086824
370	-57.746139	16.968762	31.777227	-0.852869	0.500000	-0.150384	-0.173648	-0.000000	0.984808	0.492404	0.866025	0.086824
371	-57.959346	17.093756	31.739633	-0.852869	0.500000	-0.150384	-0.173648	-0.000000	0.984808	0.492404	0.866025	0.086824
372	-58.172552	17.218749	31.702039	-0.852869	0.500000	-0.150384	-0.173648	-0.000000	0.984808	0.492404	0.866025	0.086824
373	-58.385758	17.343743	31.664445	-0.852869	0.500000	-0.150384	-0.173648	-0.000000	0.984808	0.492404	0.866025	0.086824
374	-58.598964	17.468736	31.626851	-0.852869	0.500000	-0.150384	-0.173648	-0.000000	0.984808	0.492404	0.866025	0.086824
375	-58.812171	17.593730	31.589257	-0.852869	0.500000	-0.150384	-0.173648	-0.000000	0.984808	0.492404	0.866025	0.086824
376	-59.025377	17.718724	31.551663	-0.852869	0.500000	-0.150384	-0.173648	-0.000000	0.984808	0.492404	0.866025	0.086824
377	-59.238583	17.843717	31.514069	-0.852869	0.500000	-0.150384	-0.173648	-0.000000	0.984808	0.492404	0.866025	0.086824
378	-59.451789	17.968711	31.476475	-0.852869	0.500000	-0.150384	-0.173648	-0.000000	0.984808	0.492404	0.866025	0.086824
379	-59.664996	18.093704	31.438881	-0.852869	0.500000	-0.150384	-0.173648	-0.000000	0.984808	0.492404	0.866025	0.086824
380	-59.878202	18.218698	31.401287	-0.852869	0.500000	-0.150384	-0.173648	-0.000000	0.984808	0.492404	0.866025	0.086824
381	-60.091408	18.343692	31.363693	-0.852869	0.500000	-0.150384	-0.173648	-0.000000	0.984808	0.492404	0.866025	0.086824
382	-60.304614	18.468685	31.326099	-0.852869	0.500000	-0.150384	-0.173648	-0.000000	0.984808	0.492404	0.866025	0.086824
383	-60.517821	18.593679	31.288505	-0.852869	0.500000	-0.150384	-0.173648	-0.000000	0.984808	0.492404	0.866025	0.086824
384	-60.731027	18.718673	31.250911	-0.852869	0.500000	-0.150384	-0.173648	-0.000000	0.984808	0.492404	0.866025	0.086824
385	-60.944233	18.843666	31.213317	-0.852869	0.500000	-0.150384	-0.173648	-0.000000	0.984808	0.492404	0.866025	0.086824
386	-61.157439	18.968660	31.175723	-0.852869	0.500000	-0.150384	-0.173648	-0.000000	0.984808	0.492404	0.866025	0.086824
387	-61.370646	19.093653	31.138129	-0.852869	0.500000	-0.150384	-0.173648	-0.000000	0.984808	0.492404	0.866025	0.086824
388	-61.583852	19.218647	31.100535	-0.852869	0.500000	-0.150384	-0.173648	-0.000000	0.984808	0.492404	0.866025	0.086824
389	-61.797058	19.343641	31.062941	-0.852869	0.500000	-0.150384	-0.173648	-0.000000	0.984808	0.492404	0.866025	0.086824
390	-62.010264	19.468634	31.025347	-0.852869	0.500000	-0.150384	-0.173648	-0.000000	0.984808	0.492404	0.866025	0.086824
391	-62.223471	19.593628	30.987753	-0.852869	0.500000	-0.150384	-0.173648	-0.000000	0.984808	0.492404	0.866025	0.086824
392	-62.436677	19.718622	30.950159	-0.852869	0.500000	-0.150384	-0.173648	-0.000000	0.984808	0.492404	0.866025	0.086824
393	-62.649883	19.843615	30.912565	-0.852869	0.500000	-0.150384	-0.173648	-0.000000	0.984808	0.492404	0.866025	0.086824
394	-62.863089	19.968609	30.874971	-0.852869	0.500000	-0.150384	-0.173648	-0.000000	0.984808	0.492404	0.866025	0.086824
395	-63.076296	20.093602	30.837377	-0.852869	0.500000	-0.150384	-0.173648	-0.000000	0.984808	0.492404	0.866025	0.086824
396	-63.289502	20.218596	30.799783	-0.852869	0.500000	-0.150384	-0.173648	-0.000000	0.984808	0.492404	0.866025	0.086824
397	-63.502708	20.343590	30.762189	-0.852869	0.500000	-0.150384	-0.173648	-0.000000	0.984808	0.492404	0.866025	0.086824
398	-63.715914	20.468583	30.724595	-0.852869	0.500000	-0.150384	-0.173648	-0.000000	0.984808	0.492404	0.866025	0.086824
399	-63.929121	20.593577	30.687001	-0.852869	0.500000	-0.150384	-0.173648	-0.000000	0.984808	0.492404	0.866025	0.086824
400	-64.142327	20.718571	30.649407	-0.852869	0.500000	-0.150384	-0.173648	-0.000000	0.984808	0.492404	0.866025	0.086824
401	-64.355533	20.843564	30.611813	-0.852869	0.500000	-0.150384	-0.173648	-0.000000	0.984808	0.492404	0.866025	0.086824
402	-64.568739	20.968558	30.574219	-0.852869	0.500000	-0.150384	-0.173648	-0.000000	0.984808	0.492404	0.866025	0.086824
403	-64.781946	21.093551	30.536625	-0.852869	0.500000	-0.150384	-0.173648	-0.000000	0.984808	0.492404	0.866025	0.086824
404	-64.995152	21.218545	30.499031	-0.852869	0.500000	-0.150384	-0.173648	-0.000000	0.984808	0.492404	0.866025	0.086824
405	-65.208358	21.343539	30.461437	-0.852869	0.500000	-0.150384	-0.173648	-0.000000	0.984808	0.492404	0.866025	0.086824
406	-65.421564	21.468532	30.423843	-0.852869	0.500000	-0.150384	-0.173648	-0.000000	0.984808	0.492404	0.866025	0.086824
407	-65.634771	21.593526	30.386249	-0.852869	0.500000	-0.150384	-0.173648	-0.000000	0.984808	0.492404	0.866025	0.086824
408	-65.847977	21.718519	30.348655	-0.852869	0.500000	-0.150384	-0.173648	-0.000000	0.984808	0.492404	0.866025	0.086824
409	-66.061183	21.843513	30.311061	-0.852869	0.500000	-0.150384	-0.173648	-0.000000	0.984808	0.492404	0.866025	0.086824
410	-66.274389	21.968507	30.273467	-0.852869	0.500000	-0.150384	-0.173648	-0.000000	0.984808	0.492404	0.866025	0.086824
411	-66.487596	22.093500	30.235873	-0.852869	0.500000	-0.150384	-0.173648	-0.000000	0.984808	0.492404	0.866025	0.086824
412	-66.700802	22.218494	30.198279	-0.852869	0.500000	-0.150384	-0.173648	-0.000000	0.984808	0.492404	0.866025	0.086824
413	-66.914008	22.343488	30.160685	-0.852869	0.500000	-0.150384	-0.173648	-0.000000	0.984808	0.492404	0.866025	0.086824
414	-67.127214	22.468481	30.123090	-0.852869	0.500000	-0.150384	-0.173648	-0.000000	0.984808	0.492404	0.866025	0.086824
415	-67.340421	22.593475	30.085496	-0.852869	0.500000	-0.150384	-0.173648	-0.000000	0.984808	0.492404	0.866025	0.086824
416	-67.553627	22.718468	30.047902	-0.852869	0.500000	-0.150384	-0.173648	-0.000000	0.984808	0.492404	0.866025	0.086824
417	-67.766833	22.843462	30.010308	-0.852869	0.500000	-0.150384	-0.173648	-0.000000	0.984808	0.492404	0.866025	0.086824
418	-67.980039	22.968456	29.972714	-0.852869	0.500000	-0.150384	-0.173648	-0.000000	0.984808	0.492404	0.866025	0.086824
419	-68.193246	23.093449	29.935120	-0.852869	0.500000	-0.150384	-0.173648	-0.000000	0.984808	0.492404	0.866025	0.086824
420	-68.406452	23.218443	29.897526	-0.852869	0.500000	-0.150384	-0.173648	-0.000000	0.984808	0.492404	0.866025	0.086824
421	-68.619658	23.343437	29.859932	-0.852869	0.500000	-0.150384	-0.173648	-0.000000	0.984808	0.492404	0.866025	0.086824
422	-68.832864	23.468430	29.822338	-0.852869	0.500000	-0.150384	-0.173648	-0.000000	0.984808	0.492404	0.866025	0.086824
423	-69.046071	23.593424	29.784744	-0.852869	0.500000	-0.150384	-0.173648	-0.000000	0.984808	0.492404	0.866025	0.086824
424	-69.259277	23.718417	29.747150	-0.852869	0.500000	-0.150384	-0.173648	-0.000000	0.984808	0.492404	0.866025	0.086824
425	-69.472483	23.843411	29.709556	-0.852869	0.500000	-0.150384	-0.173648	-0.000000	0.984808	0.492404	0.866025	0.086824
426	-69.685689	23.968405	29.671962	-0.852869	0.500000	-0.150384	-0.173648	-0.000000	0.984808	0.492404	0.866025	0.086824
427	-69.898896	24.093398	29.634368	-0.852869	0.500000	-0.150384	-0.173648	-0.000000	0.984808	0.492404	0.866025	0.086824
428	-70.112102	24.218392	29.596774	-0.852869	0.500000	-0.150384	-0.173648	-0.000000	0.984808	0.492404	0.866025	0.086824
429	-70.325308	24.343385	29.559180	-0.852869	0.500000	-0.150384	-0.173648	-0.000000	0.984808	0.492404	0.866025	0.086824
430	-70.538514	24.468379	29.521586	-0.852869	0.500000	-0.150384	-0.173648	-0.000000	0.984808	0.492404	0.866025	0.086824
431	-70.751721	24.593373	29.483992	-0.852869	0.500000	-0.150384	-0.173648	-0.000000	0.984808	0.492404	0.866025	0.086824
432	-70.964927	24.718366	29.446398	-0.852869	0.500000	-0.150384	-0.173648	-0.000000	0.984808	0.492404	0.866025	0.086824
433	-71.178133	24.843360	29.408804	-0.852869	0.500000	-0.150384	-0.173648	-0.000000	0.984808	0.492404	0.866025	0.086824
434	-71.391339	24.968354	29.371210	-0.852869	0.500000	-0.150384	-0.173648	-0.000000	0.984808	0.492404	0.866025	0.086824
435	-71.604546	25.093347	29.333616	-0.852869	0.500000	-0.150384	-0.173648	-0.000000	0.984808	0.492404	0.866025	0.086824
436	-71.817752	25.218341	29.296022	-0.852869	0.500000	-0.150384	-0.173648	-0.000000	0.984808	0.492404	0.866025	0.086824
437	-72.030958	25.343334	29.258428	-0.852869	0.500000	-0.150384	-0.173648	-0.000000	0.984808	0.492404	0.866025	0.086824
438	-72.244164	25.468328	29.220834	-0.852869	0.500000	-0.150384	-0.173648	-0.000000	0.984808	0.492404	0.866025	0.086824
439	-72.457371	25.593322	29.183240	-0.852869	0.500000	-0.150384	-0.173648	-0.000000	0.984808	0.492404	0.866025	0.086824
440	-72.670577	25.718315	29.145646	-0.852869	0.500000	-0.150384	-0.173648	-0.000000	0.984808	0.492404	0.866025	0.086824
441	-72.883783	25.843309	29.108052	-0.852869	0.500000	-0.150384	-0.173648	-0.000000	0.984808	0.492404	0.866025	0.086824
442	-73.079418	25.958152	29.073556	-0.860350	0.486604	-0.151703	-0.173648	-0.000000	0.984808	0.479212	0.873622	0.084498
443	-73.276772	26.069922	29.038758	-0.867628	0.473094	-0.152986	-0.173648	-0.000000	0.984808	0.465906	0.881012	0.082152
444	-73.475797	26.178593	29.003664	-0.874699	0.459470	-0.154233	-0.173648	-0.000000	0.984808	0.452490	0.888193	0.079786
445	-73.676447	26.284139	28.968284	-0.881564	0.445738	-0.155443	-0.173648	-0.000000	0.984808	0.438967	0.895163	0.077402
446	-73.878673	26.386535	28.932626	-0.888219	0.431901	-0.156617	-0.173648	-0.000000	0.984808	0.425339	0.901921	0.074999
447	-74.082428	26.485757	28.896699	-0.894664	0.417960	-0.157753	-0.173648	-0.000000	0.984808	0.411611	0.908465	0.072578
448	-74.287664	26.581781	28.860510	-0.900896	0.403921	-0.158852	-0.173648	-0.000000	0.984808	0.397785	0.914794	0.070140
449	-74.494332	26.674584	28.824069	-0.906915	0.389786	-0.159914	-0.173648	-0.000000	0.984808	0.383864	0.920906	0.067686
450	-74.702383	26.764144	28.787384	-0.912719	0.375558	-0.160937	-0.173648	-0.000000	0.984808	0.369853	0.926799	0.065215
451	-74.911767	26.850441	28.750464	-0.918306	0.361242	-0.161922	-0.173648	-0.000000	0.984808	0.355754	0.932472	0.062729
452	-75.122436	26.933453	28.713317	-0.923675	0.346839	-0.162869	-0.173648	-0.000000	0.984808	0.341570	0.937925	0.060228
453	-75.334338	27.013161	28.675953	-0.928826	0.332355	-0.163777	-0.173648	-0.000000	0.984808	0.327306	0.943154	0.057713
454	-75.547423	27.089546	28.638380	-0.933756	0.317791	-0.164646	-0.173648	-0.000000	0.984808	0.312963	0.948161	0.055184
455	-75.761642	27.162590	28.600608	-0.938465	0.303153	-0.165477	-0.173648	-0.000000	0.984808	0.298547	0.952942	0.052642
456	-75.976944	27.232276	28.562644	-0.942951	0.288442	-0.166268	-0.173648	-0.000000	0.984808	0.284060	0.957497	0.050087
457	-76.193276	27.298587	28.524499	-0.947213	0.273663	-0.167019	-0.173648	-0.000000	0.984808	0.269505	0.961826	0.047521
458	-76.410589	27.361507	28.486181	-0.951251	0.258819	-0.167731	-0.173648	-0.000000	0.984808	0.254887	0.965926	0.044943
459	-76.628830	27.421022	28.447699	-0.955064	0.243914	-0.168403	-0.173648	-0.000000	0.984808	0.240208	0.969797	0.042355
460	-76.847947	27.477117	28.409063	-0.958649	0.228951	-0.169036	-0.173648	-0.000000	0.984808	0.225472	0.973438	0.039757
461	-77.067890	27.529779	28.370281	-0.962008	0.213933	-0.169628	-0.173648	-0.000000	0.984808	0.210683	0.976848	0.037149
462	-77.288605	27.578995	28.331363	-0.965138	0.198865	-0.170180	-0.173648	-0.000000	0.984808	0.195844	0.980027	0.034533
463	-77.510040	27.624755	28.292318	-0.968040	0.183750	-0.170691	-0.173648	-0.000000	0.984808	0.180958	0.982973	0.031908
464	-77.732143	27.667046	28.253155	-0.970711	0.168591	-0.171163	-0.173648	-0.000000	0.984808	0.166029	0.985686	0.029275
465	-77.954861	27.705859	28.213884	-0.973153	0.153392	-0.171593	-0.173648	-0.000000	0.984808	0.151061	0.988165	0.026636
466	-78.178141	27.741186	28.174514	-0.975364	0.138156	-0.171983	-0.173648	-0.000000	0.984808	0.136057	0.990410	0.023991
467	-78.401930	27.773016	28.135054	-0.977343	0.122888	-0.172332	-0.173648	-0.000000	0.984808	0.121021	0.992421	0.021339
468	-78.626176	27.801344	28.095513	-0.979091	0.107591	-0.172640	-0.173648	-0.000000	0.984808	0.105957	0.994195	0.018683
469	-78.850824	27.826161	28.055902	-0.980607	0.092268	-0.172907	-0.173648	-0.000000	0.984808	0.090867	0.995734	0.016022
470	-79.075823	27.847463	28.016228	-0.981890	0.076924	-0.173134	-0.173648	-0.000000	0.984808	0.075755	0.997037	0.013358
471	-79.301117	27.865244	27.976503	-0.982940	0.061561	-0.173319	-0.173648	-0.000000	0.984808	0.060626	0.998103	0.010690
472	-79.526655	27.879500	27.936735	-0.983757	0.046183	-0.173463	-0.173648	-0.000000	0.984808	0.045482	0.998933	0.008020
473	-79.752382	27.890227	27.896933	-0.984341	0.030795	-0.173566	-0.173648	-0.000000	0.984808	0.030327	0.999526	0.005348
474	-79.978245	27.897424	27.857107	-0.984691	0.015399	-0.173628	-0.173648	-0.000000	0.984808	0.015165	0.999881	0.002674
475	-80.204190	27.901088	27.817267	-0.984808	-0.000000	-0.173648	-0.173648	-0.000000	0.984808	-0.000000	1.000000	0.000000
476	-80.443209	27.901107	27.775121	-0.984790	-0.005934	-0.173645	-0.173648	-0.000000	0.984808	-0.005844	0.999982	-0.001030
477	-80.682223	27.899686	27.732977	-0.984738	-0.011868	-0.173636	-0.173648	-0.000000	0.984808	-0.011688	0.999930	-0.002061
478	-80.921225	27.896825	27.690834	-0.984652	-0.017801	-0.173621	-0.173648	-0.000000	0.984808	-0.017531	0.999842	-0.003091
479	-81.160205	27.892524	27.648696	-0.984530	-0.023734	-0.173599	-0.173648	-0.000000	0.984808	-0.023374	0.999718	-0.004121
480	-81.399157	27.886783	27.606562	-0.984374	-0.029666	-0.173572	-0.173648	-0.000000	0.984808	-0.029216	0.999560	-0.005151
481	-81.638070	27.879602	27.564435	-0.984184	-0.035597	-0.173538	-0.173648	-0.000000	0.984808	-0.035056	0.999366	-0.006181
482	-81.876938	27.870982	27.522316	-0.983958	-0.041527	-0.173498	-0.173648	-0.000000	0.984808	-0.040896	0.999137	-0.007211
483	-82.115751	27.860923	27.480207	-0.983698	-0.047455	-0.173453	-0.173648	-0.000000	0.984808	-0.046734	0.998873	-0.008240
484	-82.354501	27.849424	27.438109	-0.983404	-0.053382	-0.173401	-0.173648	-0.000000	0.984808	-0.052571	0.998574	-0.009270
485	-82.593179	27.836488	27.396024	-0.983074	-0.059306	-0.173343	-0.173648	-0.000000	0.984808	-0.058405	0.998240	-0.010298
486	-82.831778	27.822113	27.353952	-0.982710	-0.065229	-0.173278	-0.173648	-0.000000	0.984808	-0.064238	0.997870	-0.011327
487	-83.070288	27.806301	27.311896	-0.982312	-0.071149	-0.173208	-0.173648	-0.000000	0.984808	-0.070068	0.997466	-0.012355
488	-83.308702	27.789052	27.269858	-0.981879	-0.077067	-0.173132	-0.173648	-0.000000	0.984808	-0.075896	0.997026	-0.013383
489	-83.547011	27.770367	27.227837	-0.981411	-0.082982	-0.173049	-0.173648	-0.000000	0.984808	-0.081721	0.996551	-0.014410
490	-83.785207	27.750246	27.185837	-0.980909	-0.088894	-0.172961	-0.173648	-0.000000	0.984808	-0.087544	0.996041	-0.015436
491	-84.023280	27.728690	27.143858	-0.980372	-0.094803	-0.172866	-0.173648	-0.000000	0.984808	-0.093363	0.995496	-0.016462
492	-84.261224	27.705700	27.101902	-0.979801	-0.100709	-0.172765	-0.173648	-0.000000	0.984808	-0.099179	0.994916	-0.017488
493	-84.499029	27.681276	27.059971	-0.979195	-0.106611	-0.172659	-0.173648	-0.000000	0.984808	-0.104991	0.994301	-0.018513
494	-84.736687	27.655421	27.018065	-0.978555	-0.112510	-0.172546	-0.173648	-0.000000	0.984808	-0.110800	0.993651	-0.019537
495	-84.974190	27.628133	26.976187	-0.977880	-0.118404	-0.172427	-0.173648	-0.000000	0.984808	-0.116605	0.992966	-0.020561
496	-85.211529	27.599415	26.934338	-0.977171	-0.124294	-0.172302	-0.173648	-0.000000	0.984808	-0.122406	0.992245	-0.021583
497	-85.448696	27.569267	26.892519	-0.976427	-0.130180	-0.172170	-0.173648	-0.000000	0.984808	-0.128202	0.991490	-0.022606
498	-85.685683	27.537691	26.850732	-0.975649	-0.136061	-0.172033	-0.173648	-0.000000	0.984808	-0.133994	0.990700	-0.023627
499	-85.922481	27.504688	26.808978	-0.974837	-0.141938	-0.171890	-0.173648	-0.000000	0.984808	-0.139782	0.989876	-0.024647
500	-86.159082	27.470258	26.767259	-0.973990	-0.147809	-0.171741	-0.173648	-0.000000	0.984808	-0.145564	0.989016	-0.025667
501	-86.395478	27.434403	26.725576	-0.973110	-0.153676	-0.171585	-0.173648	-0.000000	0.984808	-0.151341	0.988121	-0.026686
502	-86.631660	27.397124	26.683931	-0.972194	-0.159537	-0.171424	-0.173648	-0.000000	0.984808	-0.157113	0.987192	-0.027703
503	-86.867620	27.358422	26.642324	-0.971245	-0.165392	-0.171257	-0.173648	-0.000000	0.984808	-0.162879	0.986228	-0.028720
504	-87.103349	27.318300	26.600759	-0.970261	-0.171241	-0.171083	-0.173648	-0.000000	0.984808	-0.168640	0.985229	-0.029736
505	-87.338840	27.276758	26.559235	-0.969243	-0.177085	-0.170904	-0.173648	-0.000000	0.984808	-0.174394	0.984196	-0.030750
506	-87.574085	27.233798	26.517756	-0.968192	-0.182922	-0.170718	-0.173648	-0.000000	0.984808	-0.180143	0.983127	-0.031764
507	-87.809073	27.189420	26.476321	-0.967105	-0.188753	-0.170527	-0.173648	-0.000000	0.984808	-0.185885	0.982025	-0.032777
508	-88.043799	27.143628	26.434932	-0.965985	-0.194577	-0.170329	-0.173648	-0.000000	0.984808	-0.191621	0.980887	-0.033788
509	-88.278253	27.096422	26.393592	-0.964831	-0.200394	-0.170126	-0.173648	-0.000000	0.984808	-0.197350	0.979715	-0.034798
510	-88.512426	27.047804	26.352301	-0.963643	-0.206204	-0.169916	-0.173648	-0.000000	0.984808	-0.203071	0.978509	-0.035807
511	-88.746312	26.997777	26.311060	-0.962421	-0.212007	-0.169701	-0.173648	-0.000000	0.984808	-0.208786	0.977268	-0.036815
512	-88.979901	26.946340	26.269872	-0.961165	-0.217803	-0.169479	-0.173648	-0.000000	0.984808	-0.214494	0.975993	-0.037821
513	-89.213185	26.893497	26.228738	-0.959876	-0.223590	-0.169252	-0.173648	-0.000000	0.984808	-0.220194	0.974683	-0.038826
514	-89.446156	26.839249	26.187659	-0.958552	-0.229370	-0.169019	-0.173648	-0.000000	0.984808	-0.225886	0.973339	-0.039830
515	-89.678807	26.783599	26.146636	-0.957195	-0.235142	-0.168779	-0.173648	-0.000000	0.984808	-0.231570	0.971961	-0.040832
516	-89.911128	26.726547	26.105672	-0.955804	-0.240906	-0.168534	-0.173648	-0.000000	0.984808	-0.237246	0.970549	-0.041833
517	-90.143111	26.668097	26.064767	-0.954379	-0.246661	-0.168283	-0.173648	-0.000000	0.984808	-0.242913	0.969102	-0.042832
518	-90.374749	26.608250	26.023923	-0.952921	-0.252407	-0.168026	-0.173648	-0.000000	0.984808	-0.248573	0.967621	-0.043830
519	-90.606033	26.547008	25.983141	-0.951429	-0.258145	-0.167763	-0.173648	-0.000000	0.984808	-0.254223	0.966106	-0.044826
520	-90.836955	26.484374	25.942424	-0.949904	-0.263873	-0.167494	-0.173648	-0.000000	0.984808	-0.259864	0.964557	-0.045821
521	-91.067507	26.420349	25.901771	-0.948345	-0.269592	-0.167219	-0.173648	-0.000000	0.984808	-0.265496	0.962975	-0.046814
522	-91.297680	26.354936	25.861185	-0.946753	-0.275302	-0.166938	-0.173648	-0.000000	0.984808	-0.271119	0.961358	-0.047806
523	-91.527468	26.288137	25.820667	-0.945127	-0.281002	-0.166651	-0.173648	-0.000000	0.984808	-0.276733	0.959707	-0.048795
524	-91.756861	26.219955	25.780219	-0.943468	-0.286692	-0.166359	-0.173648	-0.000000	0.984808	-0.282336	0.958023	-0.049784
525	-91.985851	26.150392	25.739842	-0.941776	-0.292372	-0.166061	-0.173648	-0.000000	0.984808	-0.287930	0.956305	-0.050770
526	-92.214431	26.079450	25.699537	-0.940051	-0.298041	-0.165756	-0.173648	-0.000000	0.984808	-0.293513	0.954553	-0.051754
527	-92.442592	26.007133	25.659306	-0.938293	-0.303701	-0.165446	-0.173648	-0.000000	0.984808	-0.299087	0.952768	-0.052737
528	-92.670327	25.933441	25.619151	-0.936502	-0.309349	-0.165130	-0.173648	-0.000000	0.984808	-0.304649	0.950949	-0.053718
529	-92.897627	25.858379	25.579071	-0.934677	-0.314987	-0.164809	-0.173648	-0.000000	0.984808	-0.310201	0.949096	-0.054697
530	-93.124484	25.781948	25.539070	-0.932820	-0.320613	-0.164481	-0.173648	-0.000000	0.984808	-0.315742	0.947210	-0.055674
531	-93.350891	25.704152	25.499149	-0.930930	-0.326228	-0.164148	-0.173648	-0.000000	0.984808	-0.321272	0.945291	-0.056649
532	-93.576839	25.624993	25.459308	-0.929007	-0.331832	-0.163809	-0.173648	-0.000000	0.984808	-0.326791	0.943339	-0.057622
533	-93.802321	25.544474	25.419550	-0.927052	-0.337424	-0.163464	-0.173648	-0.000000	0.984808	-0.332298	0.941353	-0.058593
534	-94.027327	25.462598	25.379875	-0.925063	-0.343004	-0.163114	-0.173648	-0.000000	0.984808	-0.337793	0.939334	-0.059562
535	-94.251852	25.379367	25.340285	-0.923043	-0.348572	-0.162757	-0.173648	-0.000000	0.984808	-0.343276	0.937282	-0.060529
536	-94.475886	25.294785	25.300782	-0.920989	-0.354128	-0.162395	-0.173648	-0.000000	0.984808	-0.348748	0.935197	-0.061494
537	-94.699422	25.208854	25.261366	-0.918904	-0.359671	-0.162027	-0.173648	-0.000000	0.984808	-0.354207	0.933079	-0.062456
538	-94.922452	25.121578	25.222040	-0.916785	-0.365202	-0.161654	-0.173648	-0.000000	0.984808	-0.359654	0.930928	-0.063417
539	-95.144968	25.032959	25.182805	-0.914635	-0.370720	-0.161275	-0.173648	-0.000000	0.984808	-0.365087	0.928745	-0.064375
540	-95.366962	24.943002	25.143661	-0.912453	-0.376224	-0.160890	-0.173648	-0.000000	0.984808	-0.370509	0.926529	-0.065331
541	-95.588426	24.851708	25.104611	-0.910238	-0.381716	-0.160499	-0.173648	-0.000000	0.984808	-0.375917	0.924280	-0.066284
542	-95.809353	24.759081	25.065656	-0.907991	-0.387194	-0.160103	-0.173648	-0.000000	0.984808	-0.381311	0.921998	-0.067235
543	-96.029735	24.665125	25.026796	-0.905712	-0.392658	-0.159702	-0.173648	-0.000000	0.984808	-0.386693	0.919684	-0.068184
544	-96.249564	24.569843	24.988034	-0.903402	-0.398109	-0.159294	-0.173648	-0.000000	0.984808	-0.392061	0.917338	-0.069131
545	-96.468832	24.473237	24.949372	-0.901059	-0.403545	-0.158881	-0.173648	-0.000000	0.984808	-0.397415	0.914960	-0.070075
546	-96.687532	24.375312	24.910809	-0.898685	-0.408968	-0.158462	-0.173648	-0.000000	0.984808	-0.402755	0.912549	-0.071016
547	-96.905656	24.276071	24.872348	-0.896279	-0.414376	-0.158038	-0.173648	-0.000000	0.984808	-0.408080	0.910106	-0.071956
548	-97.123196	24.175518	24.833990	-0.893842	-0.419769	-0.157608	-0.173648	-0.000000	0.984808	-0.413392	0.907631	-0.072892
549	-97.340144	24.073655	24.795736	-0.891373	-0.425147	-0.157173	-0.173648	-0.000000	0.984808	-0.418689	0.905124	-0.073826
550	-97.556493	23.970487	24.757588	-0.888873	-0.430511	-0.156732	-0.173648	-0.000000	0.984808	-0.423971	0.902585	-0.074757
551	-97.772236	23.866017	24.719546	-0.886341	-0.435860	-0.156286	-0.173648	-0.000000	0.984808	-0.429238	0.900015	-0.075686
552	-97.987364	23.760249	24.681613	-0.883779	-0.441193	-0.155834	-0.173648	-0.000000	0.984808	-0.434490	0.897412	-0.076612
553	-98.201871	23.653186	24.643790	-0.881185	-0.446510	-0.155377	-0.173648	-0.000000	0.984808	-0.439727	0.894779	-0.077536
554	-98.415748	23.544833	24.606078	-0.878560	-0.451812	-0.154914	-0.173648	-0.000000	0.984808	-0.444948	0.892113	-0.078456
555	-98.628988	23.435193	24.568478	-0.875904	-0.457098	-0.154446	-0.173648	-0.000000	0.984808	-0.450154	0.889416	-0.079374
556	-98.841583	23.324270	24.530992	-0.873217	-0.462368	-0.153972	-0.173648	-0.000000	0.984808	-0.455343	0.886688	-0.080289
557	-99.053527	23.212068	24.493620	-0.870500	-0.467621	-0.153493	-0.173648	-0.000000	0.984808	-0.460517	0.883929	-0.081202
558	-99.264811	23.098591	24.456365	-0.867752	-0.472858	-0.153008	-0.173648	-0.000000	0.984808	-0.465675	0.881138	-0.082111
559	-99.475428	22.983843	24.419228	-0.864973	-0.478079	-0.152518	-0.173648	-0.000000	0.984808	-0.470816	0.878317	-0.083018
560	-99.685371	22.867827	24.382209	-0.862164	-0.483282	-0.152023	-0.173648	-0.000000	0.984808	-0.475940	0.875465	-0.083921
561	-99.894632	22.750549	24.345311	-0.859325	-0.488469	-0.151522	-0.173648	-0.000000	0.984808	-0.481048	0.872581	-0.084822
562	-100.103204	22.632012	24.308534	-0.856455	-0.493638	-0.151016	-0.173648	-0.000000	0.984808	-0.486139	0.869667	-0.085719
563	-100.311080	22.512220	24.271880	-0.853555	-0.498790	-0.150505	-0.173648	-0.000000	0.984808	-0.491213	0.866723	-0.086614
564	-100.518252	22.391178	24.235350	-0.850625	-0.503925	-0.149988	-0.173648	-0.000000	0.984808	-0.496269	0.863748	-0.087506
565	-100.724713	22.268889	24.198945	-0.847665	-0.509041	-0.149466	-0.173648	-0.000000	0.984808	-0.501308	0.860742	-0.088394
566	-100.930456	22.145358	24.162667	-0.844676	-0.514140	-0.148939	-0.173648	-0.000000	0.984808	-0.506329	0.857706	-0.089280
567	-101.135473	22.020590	24.126517	-0.841656	-0.519221	-0.148407	-0.173648	-0.000000	0.984808	-0.511333	0.854640	-0.090162
568	-101.339758	21.894589	24.090496	-0.838607	-0.524283	-0.147869	-0.173648	-0.000000	0.984808	-0.516318	0.851544	-0.091041
569	-101.543302	21.767359	24.054606	-0.835528	-0.529327	-0.147326	-0.173648	-0.000000	0.984808	-0.521285	0.848418	-0.091917
570	-101.746100	21.638905	24.018847	-0.832420	-0.534352	-0.146778	-0.173648	-0.000000	0.984808	-0.526234	0.845262	-0.092789
571	-101.948143	21.509231	23.983221	-0.829283	-0.539359	-0.146225	-0.173648	-0.000000	0.984808	-0.531165	0.842076	-0.093659
572	-102.149425	21.378342	23.947730	-0.826116	-0.544346	-0.145667	-0.173648	-0.000000	0.984808	-0.536076	0.838861	-0.094525
573	-102.349938	21.246243	23.912374	-0.822921	-0.549315	-0.145103	-0.173648	-0.000000	0.984808	-0.540969	0.835616	-0.095387
574	-102.549676	21.112937	23.877155	-0.819696	-0.554263	-0.144535	-0.173648	-0.000000	0.984808	-0.545843	0.832341	-0.096247
575	-102.748632	20.978430	23.842074	-0.816443	-0.559193	-0.143961	-0.173648	-0.000000	0.984808	-0.550698	0.829038	-0.097103
576	-102.946797	20.842727	23.807132	-0.813160	-0.564103	-0.143382	-0.173648	-0.000000	0.984808	-0.555533	0.825705	-0.097955
577	-103.144167	20.705832	23.772330	-0.809849	-0.568993	-0.142798	-0.173648	-0.000000	0.984808	-0.560348	0.822343	-0.098805
578	-103.340732	20.567751	23.737670	-0.806510	-0.573862	-0.142209	-0.173648	-0.000000	0.984808	-0.565144	0.818952	-0.099650
579	-103.536488	20.428487	23.703153	-0.803142	-0.578712	-0.141616	-0.173648	-0.000000	0.984808	-0.569920	0.815532	-0.100492
580	-103.731426	20.288046	23.668780	-0.799746	-0.583541	-0.141017	-0.173648	-0.000000	0.984808	-0.574676	0.812084	-0.101331
581	-103.925540	20.146433	23.634553	-0.796322	-0.588350	-0.140413	-0.173648	-0.000000	0.984808	-0.579412	0.808606	-0.102166
582	-104.118823	20.003653	23.600472	-0.792870	-0.593138	-0.139804	-0.173648	-0.000000	0.984808	-0.584127	0.805101	-0.102997
583	-104.311268	19.859711	23.566539	-0.789389	-0.597905	-0.139191	-0.173648	-0.000000	0.984808	-0.588821	0.801567	-0.103825
584	-104.502869	19.714612	23.532754	-0.785881	-0.602651	-0.138572	-0.173648	-0.000000	0.984808	-0.593495	0.798005	-0.104649
585	-104.693618	19.568360	23.499120	-0.782346	-0.607376	-0.137949	-0.173648	-0.000000	0.984808	-0.598148	0.794415	-0.105470
586	-104.883509	19.420962	23.465637	-0.778782	-0.612079	-0.137320	-0.173648	-0.000000	0.984808	-0.602780	0.790796	-0.106286
587	-105.072535	19.272422	23.432307	-0.775192	-0.616761	-0.136687	-0.173648	-0.000000	0.984808	-0.607391	0.787150	-0.107099
588	-105.260691	19.122746	23.399130	-0.771574	-0.621421	-0.136049	-0.173648	-0.000000	0.984808	-0.611981	0.783477	-0.107909
589	-105.447968	18.971939	23.366108	-0.767929	-0.626060	-0.135407	-0.173648	-0.000000	0.984808	-0.616548	0.779775	-0.108714
590	-105.634360	18.820006	23.333242	-0.764257	-0.630676	-0.134759	-0.173648	-0.000000	0.984808	-0.621094	0.776046	-0.109516
591	-105.819861	18.666953	23.300533	-0.760557	-0.635270	-0.134107	-0.173648	-0.000000	0.984808	-0.625619	0.772290	-0.110313
592	-106.004465	18.512784	23.267982	-0.756832	-0.639841	-0.133450	-0.173648	-0.000000	0.984808	-0.630121	0.768507	-0.111107
593	-106.188164	18.357506	23.235591	-0.753079	-0.644391	-0.132788	-0.173648	-0.000000	0.984808	-0.634601	0.764697	-0.111897
594	-106.370953	18.201124	23.203361	-0.749300	-0.648917	-0.132122	-0.173648	-0.000000	0.984808	-0.639059	0.760859	-0.112683
595	-106.552825	18.043643	23.171292	-0.745495	-0.653421	-0.131451	-0.173648	-0.000000	0.984808	-0.643494	0.756995	-0.113465
596	-106.733773	17.885069	23.139386	-0.741663	-0.657901	-0.130775	-0.173648	-0.000000	0.984808	-0.647906	0.753104	-0.114243
597	-106.913791	17.725407	23.107644	-0.737805	-0.662359	-0.130095	-0.173648	-0.000000	0.984808	-0.652296	0.749187	-0.115017
598	-107.092873	17.564663	23.076067	-0.733921	-0.666793	-0.129410	-0.173648	-0.000000	0.984808	-0.656663	0.745243	-0.115787
599	-107.271013	17.402843	23.044656	-0.730012	-0.671203	-0.128721	-0.173648	-0.000000	0.984808	-0.661006	0.741273	-0.116553
600	-107.448203	17.239953	23.013412	-0.726076	-0.675590	-0.128027	-0.173648	-0.000000	0.984808	-0.665326	0.737277	-0.117315
601	-107.624439	17.075998	22.982337	-0.722116	-0.679953	-0.127328	-0.173648	-0.000000	0.984808	-0.669623	0.733255	-0.118073
602	-107.799713	16.910984	22.951432	-0.718129	-0.684293	-0.126626	-0.173648	-0.000000	0.984808	-0.673897	0.729208	-0.118826
603	-107.974020	16.744916	22.920697	-0.714118	-0.688608	-0.125918	-0.173648	-0.000000	0.984808	-0.678146	0.725134	-0.119575
604	-108.147354	16.577801	22.890133	-0.710081	-0.692899	-0.125206	-0.173648	-0.000000	0.984808	-0.682372	0.721035	-0.120321
605	-108.319708	16.409645	22.859743	-0.706019	-0.697165	-0.124490	-0.173648	-0.000000	0.984808	-0.686574	0.716911	-0.121061
606	-108.491076	16.240453	22.829526	-0.701933	-0.701407	-0.123770	-0.173648	-0.000000	0.984808	-0.690751	0.712761	-0.121798
607	-108.661452	16.070231	22.799484	-0.697821	-0.705624	-0.123045	-0.173648	-0.000000	0.984808	-0.694904	0.708586	-0.122530
608	-108.830830	15.898986	22.769618	-0.693685	-0.709817	-0.122315	-0.173648	-0.000000	0.984808	-0.699033	0.704386	-0.123258
609	-108.999205	15.726723	22.739929	-0.689525	-0.713984	-0.121582	-0.173648	-0.000000	0.984808	-0.703137	0.700162	-0.123982
610	-109.166570	15.553449	22.710418	-0.685340	-0.718126	-0.120844	-0.173648	-0.000000	0.984808	-0.707216	0.695913	-0.124701
611	-109.332920	15.379169	22.681086	-0.681132	-0.722243	-0.120102	-0.173648	-0.000000	0.984808	-0.711271	0.691639	-0.125416
612	-109.498248	15.203890	22.651934	-0.676899	-0.726335	-0.119356	-0.173648	-0.000000	0.984808	-0.715300	0.687341	-0.126127
613	-109.662549	15.027618	22.622963	-0.672642	-0.730401	-0.118605	-0.173648	-0.000000	0.984808	-0.719304	0.683019	-0.126833
614	-109.825817	14.850359	22.594175	-0.668362	-0.734441	-0.117850	-0.173648	-0.000000	0.984808	-0.723283	0.678673	-0.127534
615	-109.988046	14.672119	22.565569	-0.664058	-0.738455	-0.117091	-0.173648	-0.000000	0.984808	-0.727237	0.674302	-0.128231
616	-110.149231	14.492905	22.537148	-0.659731	-0.742444	-0.116328	-0.173648	-0.000000	0.984808	-0.731164	0.669908	-0.128924
617	-110.309365	14.312723	22.508912	-0.655381	-0.746406	-0.115561	-0.173648	-0.000000	0.984808	-0.735066	0.665491	-0.129612
618	-110.468444	14.131579	22.480862	-0.651007	-0.750342	-0.114790	-0.173648	-0.000000	0.984808	-0.738942	0.661050	-0.130295
619	-110.626461	13.949480	22.453000	-0.646611	-0.754251	-0.114015	-0.173648	-0.000000	0.984808	-0.742793	0.656586	-0.130974
620	-110.783412	13.766432	22.425325	-0.642192	-0.758134	-0.113236	-0.173648	-0.000000	0.984808	-0.746617	0.652098	-0.131649
621	-110.939290	13.582441	22.397840	-0.637750	-0.761991	-0.112452	-0.173648	-0.000000	0.984808	-0.750414	0.647588	-0.132318
622	-111.094090	13.397514	22.370544	-0.633286	-0.765820	-0.111665	-0.173648	-0.000000	0.984808	-0.754185	0.643055	-0.132983
623	-111.247806	13.211658	22.343440	-0.628799	-0.769622	-0.110874	-0.173648	-0.000000	0.984808	-0.757930	0.638499	-0.133644
624	-111.400434	13.024878	22.316527	-0.624290	-0.773398	-0.110079	-0.173648	-0.000000	0.984808	-0.761648	0.633921	-0.134299
625	-111.551967	12.837183	22.289808	-0.619760	-0.777146	-0.109280	-0.173648	-0.000000	0.984808	-0.765339	0.629320	-0.134950
626	-111.702401	12.648577	22.263282	-0.615207	-0.780867	-0.108478	-0.173648	-0.000000	0.984808	-0.769004	0.624698	-0.135596
627	-111.851730	12.459069	22.236952	-0.610633	-0.784560	-0.107671	-0.173648	-0.000000	0.984808	-0.772641	0.620053	-0.136237
628	-111.999949	12.268664	22.210817	-0.606037	-0.788226	-0.106861	-0.173648	-0.000000	0.984808	-0.776251	0.615386	-0.136874
629	-112.147053	12.077369	22.184878	-0.601420	-0.791863	-0.106047	-0.173648	-0.000000	0.984808	-0.779833	0.610698	-0.137506
630	-112.293036	11.885191	22.159138	-0.596782	-0.795473	-0.105229	-0.173648	-0.000000	0.984808	-0.783388	0.605988	-0.138133
631	-112.437893	11.692137	22.133595	-0.592123	-0.799055	-0.104407	-0.173648	-0.000000	0.984808	-0.786916	0.601257	-0.138755
632	-112.581620	11.498214	22.108252	-0.587443	-0.802609	-0.103582	-0.173648	-0.000000	0.984808	-0.790416	0.596505	-0.139372
633	-112.724211	11.303427	22.083110	-0.582742	-0.806135	-0.102753	-0.173648	-0.000000	0.984808	-0.793888	0.591732	-0.139984
634	-112.865661	11.107785	22.058168	-0.578021	-0.809632	-0.101921	-0.173648	-0.000000	0.984808	-0.797332	0.586938	-0.140591
635	-113.005965	10.911295	22.033429	-0.573279	-0.813101	-0.101085	-0.173648	-0.000000	0.984808	-0.800748	0.582123	-0.141193
636	-113.145119	10.713962	22.008892	-0.568517	-0.816541	-0.100245	-0.173648	-0.000000	0.984808	-0.804136	0.577288	-0.141791
637	-113.283117	10.515794	21.984560	-0.563736	-0.819952	-0.099402	-0.173648	-0.000000	0.984808	-0.807495	0.572432	-0.142383
638	-113.419954	10.316798	21.960431	-0.558934	-0.823335	-0.098555	-0.173648	-0.000000	0.984808	-0.810826	0.567556	-0.142971
639	-113.555626	10.116981	21.936509	-0.554113	-0.826688	-0.097705	-0.173648	-0.000000	0.984808	-0.814129	0.562661	-0.143553
640	-113.690128	9.916351	21.912792	-0.549272	-0.830012	-0.096851	-0.173648	-0.000000	0.984808	-0.817403	0.557745	-0.144130
641	-113.823455	9.714913	21.889283	-0.544412	-0.833307	-0.095994	-0.173648	-0.000000	0.984808	-0.820648	0.552810	-0.144702
642	-113.955603	9.512675	21.865982	-0.539532	-0.836573	-0.095134	-0.173648	-0.000000	0.984808	-0.823864	0.547855	-0.145269
643	-114.086566	9.309645	21.842890	-0.534634	-0.839809	-0.094270	-0.173648	-0.000000	0.984808	-0.827051	0.542881	-0.145831
644	-114.216341	9.105829	21.820007	-0.529717	-0.843016	-0.093403	-0.173648	-0.000000	0.984808	-0.830209	0.537888	-0.146388
645	-114.344922	8.901235	21.797335	-0.524781	-0.846193	-0.092533	-0.173648	-0.000000	0.984808	-0.833338	0.532876	-0.146940
646	-114.472305	8.695869	21.774874	-0.519826	-0.849340	-0.091659	-0.173648	-0.000000	0.984808	-0.836437	0.527846	-0.147486
647	-114.598486	8.489740	21.752624	-0.514854	-0.852458	-0.090783	-0.173648	-0.000000	0.984808	-0.839507	0.522796	-0.148028
648	-114.723460	8.282854	21.730588	-0.509863	-0.855545	-0.089903	-0.173648	-0.000000	0.984808	-0.842547	0.517728	-0.148564
649	-114.847223	8.075218	21.708765	-0.504854	-0.858602	-0.089019	-0.173648	-0.000000	0.984808	-0.845558	0.512642	-0.149095
650	-114.969771	7.866841	21.687157	-0.499828	-0.861629	-0.088133	-0.173648	-0.000000	0.984808	-0.848539	0.507538	-0.149620
651	-115.091098	7.657729	21.665764	-0.494784	-0.864626	-0.087244	-0.173648	-0.000000	0.984808	-0.851490	0.502416	-0.150141
652	-115.211201	7.447889	21.644586	-0.489722	-0.867592	-0.086351	-0.173648	-0.000000	0.984808	-0.854411	0.497277	-0.150656
653	-115.330076	7.237329	21.623625	-0.484643	-0.870528	-0.085456	-0.173648	-0.000000	0.984808	-0.857302	0.492120	-0.151166
654	-115.447718	7.026057	21.602882	-0.479547	-0.873432	-0.084557	-0.173648	-0.000000	0.984808	-0.860163	0.486945	-0.151670
655	-115.564124	6.814079	21.582357	-0.474435	-0.876307	-0.083656	-0.173648	-0.000000	0.984808	-0.862994	0.481754	-0.152169
656	-115.679288	6.601404	21.562050	-0.469305	-0.879150	-0.082751	-0.173648	-0.000000	0.984808	-0.865794	0.476545	-0.152663
657	-115.793208	6.388039	21.541963	-0.464159	-0.881962	-0.081844	-0.173648	-0.000000	0.984808	-0.868563	0.471320	-0.153151
658	-115.905879	6.173991	21.522096	-0.458997	-0.884744	-0.080934	-0.173648	-0.000000	0.984808	-0.871302	0.466078	-0.153634
659	-116.017297	5.959268	21.502450	-0.453819	-0.887494	-0.080020	-0.173648	-0.000000	0.984808	-0.874011	0.460819	-0.154112
660	-116.127458	5.743877	21.483025	-0.448624	-0.890213	-0.079105	-0.173648	-0.000000	0.984808	-0.876688	0.455545	-0.154584
661	-116.236359	5.527826	21.463823	-0.443414	-0.892900	-0.078186	-0.173648	-0.000000	0.984808	-0.879335	0.450254	-0.155051
662	-116.343995	5.311123	21.444844	-0.438188	-0.895556	-0.077264	-0.173648	-0.000000	0.984808	-0.881951	0.444948	-0.155512
663	-116.450362	5.093775	21.426089	-0.432947	-0.898181	-0.076340	-0.173648	-0.000000	0.984808	-0.884536	0.439626	-0.155968
664	-116.555458	4.875790	21.407558	-0.427690	-0.900774	-0.075413	-0.173648	-0.000000	0.984808	-0.887089	0.434288	-0.156418
665	-116.659278	4.657176	21.389251	-0.422419	-0.903335	-0.074484	-0.173648	-0.000000	0.984808	-0.889612	0.428935	-0.156863
666	-116.761819	4.437940	21.371171	-0.417132	-0.905865	-0.073552	-0.173648	-0.000000	0.984808	-0.892103	0.423567	-0.157302
667	-116.863076	4.218089	21.353316	-0.411831	-0.908362	-0.072617	-0.173648	-0.000000	0.984808	-0.894562	0.418184	-0.157735
668	-116.963047	3.997633	21.335689	-0.406515	-0.910828	-0.071680	-0.173648	-0.000000	0.984808	-0.896990	0.412787	-0.158164
669	-117.061728	3.776578	21.318288	-0.401185	-0.913261	-0.070740	-0.173648	-0.000000	0.984808	-0.899387	0.407374	-0.158586
670	-117.159115	3.554932	21.301116	-0.395841	-0.915663	-0.069797	-0.173648	-0.000000	0.984808	-0.901752	0.401948	-0.159003
671	-117.255206	3.332704	21.284173	-0.390483	-0.918032	-0.068853	-0.173648	-0.000000	0.984808	-0.904085	0.396507	-0.159415
672	-117.349996	3.109900	21.267459	-0.385111	-0.920368	-0.067906	-0.173648	-0.000000	0.984808	-0.906386	0.391052	-0.159820
673	-117.443482	2.886529	21.250975	-0.379726	-0.922673	-0.066956	-0.173648	-0.000000	0.984808	-0.908655	0.385584	-0.160220
674	-117.535661	2.662599	21.234721	-0.374327	-0.924945	-0.066004	-0.173648	-0.000000	0.984808	-0.910893	0.380102	-0.160615
675	-117.626530	2.438117	21.218699	-0.368915	-0.927184	-0.065050	-0.173648	-0.000000	0.984808	-0.913098	0.374607	-0.161004
676	-117.719800	2.206940	21.209630	-0.368443	-0.927184	-0.067676	-0.180659	-0.000000	0.983546	-0.911928	0.374607	-0.167504
677	-117.813003	1.975762	21.199898	-0.367951	-0.927184	-0.070299	-0.187661	-0.000000	0.982234	-0.910711	0.374607	-0.173996
678	-117.906134	1.744585	21.189501	-0.367441	-0.927184	-0.072919	-0.194654	-0.000000	0.980872	-0.909449	0.374607	-0.180480
679	-117.999189	1.513408	21.178442	-0.366912	-0.927184	-0.075534	-0.201636	-0.000000	0.979460	-0.908140	0.374607	-0.186954
680	-118.092162	1.282231	21.166720	-0.366365	-0.927184	-0.078146	-0.208608	-0.000000	0.977999	-0.906785	0.374607	-0.193418
681	-118.185050	1.051053	21.154336	-0.365799	-0.927184	-0.080754	-0.215570	-0.000000	0.976488	-0.905384	0.374607	-0.199873
682	-118.277847	0.819876	21.141290	-0.365214	-0.927184	-0.083358	-0.222521	-0.000000	0.974928	-0.903937	0.374607	-0.206318
683	-118.370549	0.588699	21.127584	-0.364611	-0.927184	-0.085957	-0.229460	-0.000000	0.973318	-0.902445	0.374607	-0.212752
684	-118.463151	0.357521	21.113218	-0.363990	-0.927184	-0.088553	-0.236388	-0.000000	0.971659	-0.900906	0.374607	-0.219175
685	-118.555648	0.126344	21.098192	-0.363350	-0.927184	-0.091143	-0.243304	-0.000000	0.969950	-0.899322	0.374607	-0.225588
686	-118.648036	-0.104833	21.082508	-0.362691	-0.927184	-0.093729	-0.250208	-0.000000	0.968192	-0.897692	0.374607	-0.231988
687	-118.740310	-0.336011	21.066166	-0.362014	-0.927184	-0.096311	-0.257098	-0.000000	0.966385	-0.896017	0.374607	-0.238377
688	-118.832465	-0.567188	21.049167	-0.361319	-0.927184	-0.098887	-0.263976	-0.000000	0.964529	-0.894296	0.374607	-0.244754
689	-118.924496	-0.798365	21.031512	-0.360605	-0.927184	-0.101459	-0.270840	-0.000000	0.962624	-0.892530	0.374607	-0.251119
690	-119.016400	-1.029542	21.013202	-0.359873	-0.927184	-0.104025	-0.277691	-0.000000	0.960670	-0.890718	0.374607	-0.257471
691	-119.108170	-1.260720	20.994238	-0.359123	-0.927184	-0.106586	-0.284528	-0.000000	0.958668	-0.888861	0.374607	-0.263809
692	-119.199804	-1.491897	20.974621	-0.358355	-0.927184	-0.109142	-0.291350	-0.000000	0.956617	-0.886959	0.374607	-0.270135
693	-119.291295	-1.723074	20.954351	-0.357568	-0.927184	-0.111692	-0.298157	-0.000000	0.954517	-0.885013	0.374607	-0.276446
694	-119.382639	-1.954252	20.933430	-0.356764	-0.927184	-0.114236	-0.304949	-0.000000	0.952369	-0.883021	0.374607	-0.282744
695	-119.473832	-2.185429	20.911859	-0.355941	-0.927184	-0.116775	-0.311726	-0.000000	0.950172	-0.880984	0.374607	-0.289027
696	-119.564870	-2.416606	20.889638	-0.355100	-0.927184	-0.119307	-0.318487	-0.000000	0.947927	-0.878903	0.374607	-0.295296
697	-119.655746	-2.647784	20.866770	-0.354241	-0.927184	-0.121834	-0.325231	-0.000000	0.945634	-0.876777	0.374607	-0.301549
698	-119.746457	-2.878961	20.843255	-0.353364	-0.927184	-0.124354	-0.331960	-0.000000	0.943294	-0.874607	0.374607	-0.307788
699	-119.836999	-3.110138	20.819094	-0.352469	-0.927184	-0.126868	-0.338671	-0.000000	0.940905	-0.872392	0.374607	-0.314010
700	-119.927366	-3.341315	20.794289	-0.351556	-0.927184	-0.129376	-0.345365	-0.000000	0.938468	-0.870133	0.374607	-0.320217
701	-120.017554	-3.572493	20.768841	-0.350626	-0.927184	-0.131877	-0.352042	-0.000000	0.935984	-0.867830	0.374607	-0.326407
702	-120.107559	-3.803670	20.742751	-0.349678	-0.927184	-0.134372	-0.358700	-0.000000	0.933453	-0.865482	0.374607	-0.332581
703	-120.197375	-4.034847	20.716021	-0.348711	-0.927184	-0.136859	-0.365341	-0.000000	0.930874	-0.863091	0.374607	-0.338738
704	-120.286999	-4.266025	20.688651	-0.347728	-0.927184	-0.139340	-0.371963	-0.000000	0.928248	-0.860656	0.374607	-0.344878
705	-120.376425	-4.497202	20.660644	-0.346726	-0.927184	-0.141813	-0.378566	-0.000000	0.925574	-0.858177	0.374607	-0.351000
706	-120.465650	-4.728379	20.632000	-0.345707	-0.927184	-0.144280	-0.385150	-0.000000	0.922854	-0.855655	0.374607	-0.357105
707	-120.554668	-4.959557	20.602721	-0.344671	-0.927184	-0.146739	-0.391715	-0.000000	0.920087	-0.853090	0.374607	-0.363191
708	-120.643475	-5.190734	20.572809	-0.343617	-0.927184	-0.149190	-0.398259	-0.000000	0.917273	-0.850481	0.374607	-0.369259
709	-120.732068	-5.421911	20.542265	-0.342545	-0.927184	-0.151635	-0.404783	-0.000000	0.914413	-0.847829	0.374607	-0.375309
710	-120.820440	-5.653088	20.511091	-0.341456	-0.927184	-0.154071	-0.411287	-0.000000	0.911506	-0.845134	0.374607	-0.381339
711	-120.908588	-5.884266	20.479288	-0.340350	-0.927184	-0.156499	-0.417770	-0.000000	0.908553	-0.842396	0.374607	-0.387350
712	-120.996507	-6.115443	20.446858	-0.339226	-0.927184	-0.158920	-0.424232	-0.000000	0.905554	-0.839615	0.374607	-0.393341
713	-121.084193	-6.346620	20.413802	-0.338086	-0.927184	-0.161333	-0.430672	-0.000000	0.902509	-0.836791	0.374607	-0.399312
714	-121.171641	-6.577798	20.380123	-0.336928	-0.927184	-0.163737	-0.437090	-0.000000	0.899418	-0.833926	0.374607	-0.405263
715	-121.258847	-6.808975	20.345821	-0.335753	-0.927184	-0.166133	-0.443486	-0.000000	0.896281	-0.831017	0.374607	-0.411193
716	-121.345807	-7.040152	20.310899	-0.334561	-0.927184	-0.168520	-0.449860	-0.000000	0.893099	-0.828067	0.374607	-0.417103
717	-121.432515	-7.271330	20.275359	-0.333352	-0.927184	-0.170900	-0.456211	-0.000000	0.889872	-0.825075	0.374607	-0.422991
718	-121.518969	-7.502507	20.239202	-0.332126	-0.927184	-0.173270	-0.462538	-0.000000	0.886599	-0.822041	0.374607	-0.428858
719	-121.605162	-7.733684	20.202429	-0.330883	-0.927184	-0.175631	-0.468842	-0.000000	0.883282	-0.818965	0.374607	-0.434703
720	-121.691091	-7.964861	20.165044	-0.329624	-0.927184	-0.177984	-0.475123	-0.000000	0.879919	-0.815847	0.374607	-0.440526
721	-121.776752	-8.196039	20.127047	-0.328347	-0.927184	-0.180328	-0.481379	-0.000000	0.876513	-0.812688	0.374607	-0.446327
722	-121.862140	-8.427216	20.088442	-0.327054	-0.927184	-0.182662	-0.487611	-0.000000	0.873061	-0.809488	0.374607	-0.452105
723	-121.947251	-8.658393	20.049229	-0.325745	-0.927184	-0.184987	-0.493818	-0.000000	0.869565	-0.806247	0.374607	-0.457860
724	-122.032080	-8.889571	20.009410	-0.324419	-0.927184	-0.187303	-0.500000	-0.000000	0.866025	-0.802965	0.374607	-0.463592
725	-122.114532	-9.125187	19.961807	-0.328053	-0.925477	-0.189401	-0.500000	-0.000000	0.866025	-0.801487	0.378803	-0.462739
726	-122.197907	-9.360370	19.913670	-0.331680	-0.923752	-0.191496	-0.500000	-0.000000	0.866025	-0.799993	0.382991	-0.461876
727	-122.282205	-9.595115	19.865001	-0.335300	-0.922008	-0.193586	-0.500000	-0.000000	0.866025	-0.798482	0.387172	-0.461004
728	-122.367422	-9.829416	19.815800	-0.338914	-0.920244	-0.195672	-0.500000	-0.000000	0.866025	-0.796955	0.391344	-0.460122
729	-122.453558	-10.063269	19.766070	-0.342521	-0.918462	-0.197754	-0.500000	-0.000000	0.866025	-0.795412	0.395509	-0.459231
730	-122.540610	-10.296668	19.715810	-0.346120	-0.916661	-0.199833	-0.500000	-0.000000	0.866025	-0.793852	0.399665	-0.458331
731	-122.628577	-10.529611	19.665023	-0.349713	-0.914841	-0.201907	-0.500000	-0.000000	0.866025	-0.792276	0.403813	-0.457421
732	-122.717456	-10.762090	19.613708	-0.353298	-0.913003	-0.203977	-0.500000	-0.000000	0.866025	-0.790684	0.407953	-0.456501
733	-122.807247	-10.994103	19.561867	-0.356876	-0.911145	-0.206042	-0.500000	-0.000000	0.866025	-0.789075	0.412085	-0.455573
734	-122.897947	-11.225643	19.509501	-0.360447	-0.909269	-0.208104	-0.500000	-0.000000	0.866025	-0.787450	0.416208	-0.454635
735	-122.989555	-11.456707	19.456612	-0.364010	-0.907375	-0.210161	-0.500000	-0.000000	0.866025	-0.785810	0.420323	-0.453687
736	-123.082068	-11.687289	19.403199	-0.367566	-0.905461	-0.212214	-0.500000	-0.000000	0.866025	-0.784153	0.424429	-0.452731
737	-123.175485	-11.917385	19.349265	-0.371114	-0.903530	-0.214263	-0.500000	-0.000000	0.866025	-0.782480	0.428526	-0.451765
738	-123.269803	-12.146990	19.294810	-0.374655	-0.901579	-0.216307	-0.500000	-0.000000	0.866025	-0.780790	0.432614	-0.450790
739	-123.365021	-12.376099	19.239836	-0.378188	-0.899610	-0.218347	-0.500000	-0.000000	0.866025	-0.779085	0.436694	-0.449805
740	-123.461137	-12.604707	19.184344	-0.381713	-0.897623	-0.220382	-0.500000	-0.000000	0.866025	-0.777364	0.440765	-0.448811
741	-123.558149	-12.832811	19.128334	-0.385231	-0.895617	-0.222413	-0.500000	-0.000000	0.866025	-0.775627	0.444826	-0.447808
742	-123.656054	-13.060405	19.071808	-0.388740	-0.893593	-0.224439	-0.500000	-0.000000	0.866025	-0.773874	0.448879	-0.446796
743	-123.754852	-13.287484	19.014767	-0.392242	-0.891550	-0.226461	-0.500000	-0.000000	0.866025	-0.772105	0.452922	-0.445775
744	-123.854539	-13.514045	18.957213	-0.395735	-0.889489	-0.228478	-0.500000	-0.000000	0.866025	-0.770320	0.456956	-0.444745
745	-123.955114	-13.740081	18.899146	-0.399221	-0.887410	-0.230490	-0.500000	-0.000000	0.866025	-0.768520	0.460980	-0.443705
746	-124.056575	-13.965589	18.840568	-0.402698	-0.885313	-0.232498	-0.500000	-0.000000	0.866025	-0.766704	0.464995	-0.442657
747	-124.158919	-14.190565	18.781479	-0.406167	-0.883198	-0.234500	-0.500000	-0.000000	0.866025	-0.764872	0.469001	-0.441599
748	-124.262145	-14.415002	18.721882	-0.409627	-0.881064	-0.236498	-0.500000	-0.000000	0.866025	-0.763024	0.472997	-0.440532
749	-124.366250	-14.638897	18.661776	-0.413080	-0.878912	-0.238492	-0.500000	-0.000000	0.866025	-0.761161	0.476983	-0.439456
750	-124.471233	-14.862246	18.601165	-0.416523	-0.876743	-0.240480	-0.500000	-0.000000	0.866025	-0.759282	0.480960	-0.438371
751	-124.577090	-15.085043	18.540048	-0.419958	-0.874555	-0.242463	-0.500000	-0.000000	0.866025	-0.757387	0.484926	-0.437278
752	-124.683821	-15.307284	18.478427	-0.423385	-0.872349	-0.244441	-0.500000	-0.000000	0.866025	-0.755477	0.488883	-0.436175
753	-124.791422	-15.528965	18.416303	-0.426803	-0.870126	-0.246415	-0.500000	-0.000000	0.866025	-0.753551	0.492829	-0.435063
754	-124.899892	-15.750080	18.353678	-0.430212	-0.867885	-0.248383	-0.500000	-0.000000	0.866025	-0.751610	0.496766	-0.433942
755	-125.009228	-15.970626	18.290553	-0.433612	-0.865625	-0.250346	-0.500000	-0.000000	0.866025	-0.749654	0.500692	-0.432813
756	-125.119429	-16.190597	18.226929	-0.437003	-0.863348	-0.252304	-0.500000	-0.000000	0.866025	-0.747682	0.504608	-0.431674
757	-125.230491	-16.409990	18.162807	-0.440386	-0.861054	-0.254257	-0.500000	-0.000000	0.866025	-0.745694	0.508514	-0.430527
758	-125.342412	-16.628800	18.098189	-0.443759	-0.858742	-0.256205	-0.500000	-0.000000	0.866025	-0.743692	0.512409	-0.429371
759	-125.455191	-16.847022	18.033076	-0.447123	-0.856412	-0.258147	-0.500000	-0.000000	0.866025	-0.741674	0.516294	-0.428206
760	-125.568825	-17.064652	17.967470	-0.450479	-0.854064	-0.260084	-0.500000	-0.000000	0.866025	-0.739641	0.520168	-0.427032
761	-125.683311	-17.281686	17.901371	-0.453824	-0.851699	-0.262016	-0.500000	-0.000000	0.866025	-0.737593	0.524031	-0.425850
762	-125.798648	-17.498118	17.834781	-0.457161	-0.849316	-0.263942	-0.500000	-0.000000	0.866025	-0.735530	0.527884	-0.424658
763	-125.914832	-17.713945	17.767702	-0.460488	-0.846917	-0.265863	-0.500000	-0.000000	0.866025	-0.733451	0.531726	-0.423458
764	-126.031862	-17.929162	17.700135	-0.463806	-0.844499	-0.267778	-0.500000	-0.000000	0.866025	-0.731358	0.535557	-0.422250
765	-126.149735	-18.143764	17.632081	-0.467114	-0.842065	-0.269688	-0.500000	-0.000000	0.866025	-0.729249	0.539377	-0.421032
766	-126.268449	-18.357748	17.563542	-0.470413	-0.839613	-0.271593	-0.500000	-0.000000	0.866025	-0.727126	0.543186	-0.419806
767	-126.388001	-18.571109	17.494518	-0.473702	-0.837143	-0.273492	-0.500000	-0.000000	0.866025	-0.724988	0.546983	-0.418572
768	-126.508388	-18.783842	17.425012	-0.476981	-0.834657	-0.275385	-0.500000	-0.000000	0.866025	-0.722834	0.550770	-0.417329
769	-126.629609	-18.995943	17.355025	-0.480250	-0.832154	-0.277273	-0.500000	-0.000000	0.866025	-0.720666	0.554545	-0.416077
770	-126.751661	-19.207408	17.284559	-0.483510	-0.829633	-0.279154	-0.500000	-0.000000	0.866025	-0.718483	0.558309	-0.414817
771	-126.874541	-19.418232	17.213614	-0.486759	-0.827096	-0.281031	-0.500000	-0.000000	0.866025	-0.716286	0.562061	-0.413548
772	-126.998247	-19.628412	17.142192	-0.489999	-0.824541	-0.282901	-0.500000	-0.000000	0.866025	-0.714073	0.565802	-0.412271
773	-127.122776	-19.837942	17.070295	-0.493229	-0.821970	-0.284766	-0.500000	-0.000000	0.866025	-0.711847	0.569531	-0.410985
774	-127.248126	-20.046819	16.997924	-0.496448	-0.819381	-0.286624	-0.500000	-0.000000	0.866025	-0.709605	0.573249	-0.409691
775	-127.374294	-20.255038	16.925081	-0.499657	-0.816776	-0.288477	-0.500000	-0.000000	0.866025	-0.707349	0.576955	-0.408388
776	-127.501278	-20.462595	16.851767	-0.502857	-0.814154	-0.290324	-0.500000	-0.000000	0.866025	-0.705078	0.580649	-0.407077
777	-127.629074	-20.669485	16.777984	-0.506045	-0.811516	-0.292165	-0.500000	-0.000000	0.866025	-0.702793	0.584331	-0.405758
778	-127.757681	-20.875705	16.703733	-0.509224	-0.808860	-0.294000	-0.500000	-0.000000	0.866025	-0.700494	0.588001	-0.404430
779	-127.887096	-21.081251	16.629015	-0.512392	-0.806188	-0.295829	-0.500000	-0.000000	0.866025	-0.698180	0.591659	-0.403094
780	-128.017315	-21.286117	16.553833	-0.515549	-0.803500	-0.297652	-0.500000	-0.000000	0.866025	-0.695851	0.595305	-0.401750
781	-128.148337	-21.490300	16.478187	-0.518696	-0.800795	-0.299469	-0.500000	-0.000000	0.866025	-0.693509	0.598938	-0.400398
782	-128.280159	-21.693795	16.402080	-0.521832	-0.798074	-0.301280	-0.500000	-0.000000	0.866025	-0.691152	0.602560	-0.399037
783	-128.412777	-21.896599	16.325513	-0.524957	-0.795336	-0.303084	-0.500000	-0.000000	0.866025	-0.688781	0.606169	-0.397668
784	-128.546190	-22.098707	16.248487	-0.528072	-0.792582	-0.304883	-0.500000	-0.000000	0.866025	-0.686396	0.609765	-0.396291
785	-128.680394	-22.300116	16.171004	-0.531176	-0.789812	-0.306675	-0.500000	-0.000000	0.866025	-0.683997	0.613349	-0.394906
786	-128.815387	-22.500820	16.093066	-0.534269	-0.787025	-0.308460	-0.500000	-0.000000	0.866025	-0.681584	0.616921	-0.393513
787	-128.951166	-22.700816	16.014674	-0.537351	-0.784223	-0.310240	-0.500000	-0.000000	0.866025	-0.679157	0.620479	-0.392111
788	-129.087728	-22.900100	15.935830	-0.540422	-0.781404	-0.312013	-0.500000	-0.000000	0.866025	-0.676716	0.624025	-0.390702
789	-129.225070	-23.098667	15.856535	-0.543482	-0.778569	-0.313779	-0.500000	-0.000000	0.866025	-0.674261	0.627559	-0.389285
790	-129.363190	-23.296514	15.776792	-0.546530	-0.775719	-0.315539	-0.500000	-0.000000	0.866025	-0.671792	0.631079	-0.387859
791	-129.502085	-23.493637	15.696601	-0.549568	-0.772852	-0.317293	-0.500000	-0.000000	0.866025	-0.669309	0.634586	-0.386426
792	-129.641752	-23.690031	15.615964	-0.552594	-0.769969	-0.319040	-0.500000	-0.000000	0.866025	-0.666813	0.638081	-0.384985
793	-129.782187	-23.885692	15.534884	-0.555609	-0.767071	-0.320781	-0.500000	-0.000000	0.866025	-0.664303	0.641562	-0.383536
794	-129.923389	-24.080617	15.453361	-0.558613	-0.764157	-0.322515	-0.500000	-0.000000	0.866025	-0.661779	0.645030	-0.382079
795	-130.065354	-24.274802	15.371397	-0.561605	-0.761227	-0.324243	-0.500000	-0.000000	0.866025	-0.659242	0.648485	-0.380614
796	-130.208080	-24.468241	15.288995	-0.564585	-0.758282	-0.325963	-0.500000	-0.000000	0.866025	-0.656691	0.651927	-0.379141
797	-130.351562	-24.660933	15.206155	-0.567554	-0.755321	-0.327677	-0.500000	-0.000000	0.866025	-0.654127	0.655355	-0.377661
798	-130.495799	-24.852871	15.122879	-0.570511	-0.752345	-0.329385	-0.500000	-0.000000	0.866025	-0.651550	0.658770	-0.376172
799	-130.640788	-25.044054	15.039170	-0.573457	-0.749353	-0.331085	-0.500000	-0.000000	0.866025	-0.648959	0.662171	-0.374676
800	-130.786525	-25.234476	14.955029	-0.576391	-0.746346	-0.332779	-0.500000	-0.000000	0.866025	-0.646354	0.665559	-0.373173
801	-130.933008	-25.424134	14.870457	-0.579313	-0.743323	-0.334466	-0.500000	-0.000000	0.866025	-0.643737	0.668933	-0.371662
802	-131.080233	-25.613023	14.785456	-0.582223	-0.740285	-0.336146	-0.500000	-0.000000	0.866025	-0.641106	0.672293	-0.370143
803	-131.228198	-25.801141	14.700029	-0.585121	-0.737232	-0.337820	-0.500000	-0.000000	0.866025	-0.638462	0.675639	-0.368616
804	-131.376899	-25.988483	14.614176	-0.588007	-0.734164	-0.339486	-0.500000	-0.000000	0.866025	-0.635805	0.678972	-0.367082
805	-131.526334	-26.175045	14.527900	-0.590881	-0.731081	-0.341145	-0.500000	-0.000000	0.866025	-0.633135	0.682291	-0.365541
806	-131.676499	-26.360823	14.441202	-0.593743	-0.727983	-0.342798	-0.500000	-0.000000	0.866025	-0.630452	0.685595	-0.363991
807	-131.827391	-26.545814	14.354085	-0.596593	-0.724870	-0.344443	-0.500000	-0.000000	0.866025	-0.627756	0.688886	-0.362435
808	-131.979007	-26.730014	14.266549	-0.599430	-0.721742	-0.346081	-0.500000	-0.000000	0.866025	-0.625047	0.692162	-0.360871
809	-132.131345	-26.913419	14.178597	-0.602255	-0.718599	-0.347712	-0.500000	-0.000000	0.866025	-0.622325	0.695425	-0.359299
810	-132.284400	-27.096025	14.090230	-0.605068	-0.715441	-0.349336	-0.500000	-0.000000	0.866025	-0.619590	0.698673	-0.357721
811	-132.438170	-27.277829	14.001451	-0.607869	-0.712269	-0.350953	-0.500000	-0.000000	0.866025	-0.616843	0.701906	-0.356135
812	-132.592652	-27.458827	13.912261	-0.610657	-0.709082	-0.352563	-0.500000	-0.000000	0.866025	-0.614083	0.705126	-0.354541
813	-132.747842	-27.639015	13.822662	-0.613432	-0.705881	-0.354165	-0.500000	-0.000000	0.866025	-0.611311	0.708330	-0.352941
814	-132.903738	-27.818389	13.732656	-0.616195	-0.702665	-0.355760	-0.500000	-0.000000	0.866025	-0.608526	0.711521	-0.351333
815	-133.060335	-27.996946	13.642244	-0.618945	-0.699435	-0.357348	-0.500000	-0.000000	0.866025	-0.605728	0.714696	-0.349717
816	-133.217632	-28.174682	13.551429	-0.621683	-0.696190	-0.358929	-0.500000	-0.000000	0.866025	-0.602918	0.717857	-0.348095
817	-133.375624	-28.351593	13.460212	-0.624407	-0.692931	-0.360502	-0.500000	-0.000000	0.866025	-0.600096	0.721004	-0.346466
818	-133.534308	-28.527676	13.368596	-0.627119	-0.689658	-0.362068	-0.500000	-0.000000	0.866025	-0.597261	0.724135	-0.344829
819	-133.693682	-28.702928	13.276581	-0.629818	-0.686371	-0.363626	-0.500000	-0.000000	0.866025	-0.594415	0.727252	-0.343185
820	-133.853741	-28.877344	13.184171	-0.632505	-0.683069	-0.365177	-0.500000	-0.000000	0.866025	-0.591556	0.730353	-0.341535
821	-134.014483	-29.050921	13.091366	-0.635178	-0.679754	-0.366720	-0.500000	-0.000000	0.866025	-0.588684	0.733440	-0.339877
822	-134.175905	-29.223655	12.998170	-0.637838	-0.676425	-0.368256	-0.500000	-0.000000	0.866025	-0.585801	0.736512	-0.338212
823	-134.338002	-29.395543	12.904583	-0.640485	-0.673081	-0.369784	-0.500000	-0.000000	0.866025	-0.582906	0.739568	-0.336541
824	-134.500772	-29.566582	12.810607	-0.643119	-0.669724	-0.371305	-0.500000	-0.000000	0.866025	-0.579998	0.742610	-0.334862
825	-134.664211	-29.736767	12.716246	-0.645740	-0.666354	-0.372818	-0.500000	-0.000000	0.866025	-0.577079	0.745636	-0.333177
826	-134.828317	-29.906096	12.621500	-0.648347	-0.662969	-0.374323	-0.500000	-0.000000	0.866025	-0.574148	0.748647	-0.331485
827	-134.993084	-30.074565	12.526371	-0.650941	-0.659571	-0.375821	-0.500000	-0.000000	0.866025	-0.571205	0.751642	-0.329786
828	-135.158511	-30.242170	12.430861	-0.653522	-0.656160	-0.377311	-0.500000	-0.000000	0.866025	-0.568251	0.754622	-0.328080
829	-135.324594	-30.408909	12.334973	-0.656089	-0.652735	-0.378793	-0.500000	-0.000000	0.866025	-0.565285	0.757587	-0.326367
830	-135.491329	-30.574776	12.238709	-0.658643	-0.649296	-0.380268	-0.500000	-0.000000	0.866025	-0.562307	0.760536	-0.324648
831	-135.658714	-30.739770	12.142069	-0.661184	-0.645844	-0.381735	-0.500000	-0.000000	0.866025	-0.559318	0.763469	-0.322922
832	-135.826743	-30.903887	12.045057	-0.663711	-0.642379	-0.383193	-0.500000	-0.000000	0.866025	-0.556317	0.766387	-0.321190
833	-135.995415	-31.067123	11.947675	-0.666224	-0.638901	-0.384644	-0.500000	-0.000000	0.866025	-0.553305	0.769289	-0.319451
834	-136.164726	-31.229475	11.849923	-0.668723	-0.635410	-0.386088	-0.500000	-0.000000	0.866025	-0.550281	0.772175	-0.317705
835	-136.334672	-31.390940	11.751805	-0.671209	-0.631905	-0.387523	-0.500000	-0.000000	0.866025	-0.547246	0.775046	-0.315953
836	-136.505249	-31.551515	11.653322	-0.673681	-0.628388	-0.388950	-0.500000	-0.000000	0.866025	-0.544200	0.777900	-0.314194
837	-136.676454	-31.711195	11.554477	-0.676139	-0.624858	-0.390369	-0.500000	-0.000000	0.866025	-0.541143	0.780739	-0.312429
838	-136.848285	-31.869979	11.455270	-0.678584	-0.621315	-0.391781	-0.500000	-0.000000	0.866025	-0.538074	0.783561	-0.310657
839	-137.020736	-32.027861	11.355706	-0.681014	-0.617759	-0.393184	-0.500000	-0.000000	0.866025	-0.534995	0.786367	-0.308880
840	-137.193805	-32.184841	11.255784	-0.683431	-0.614191	-0.394579	-0.500000	-0.000000	0.866025	-0.531905	0.789158	-0.307095
841	-137.367488	-32.340913	11.155508	-0.685833	-0.610610	-0.395966	-0.500000	-0.000000	0.866025	-0.528803	0.791932	-0.305305
842	-137.541781	-32.496076	11.054880	-0.688221	-0.607016	-0.397345	-0.500000	-0.000000	0.866025	-0.525691	0.794690	-0.303508
843	-137.716682	-32.650325	10.953901	-0.690596	-0.603410	-0.398716	-0.500000	-0.000000	0.866025	-0.522568	0.797431	-0.301705
844	-137.892185	-32.803657	10.852574	-0.692956	-0.599791	-0.400078	-0.500000	-0.000000	0.866025	-0.519435	0.800156	-0.299896
845	-138.068289	-32.956070	10.750901	-0.695302	-0.596161	-0.401433	-0.500000	-0.000000	0.866025	-0.516290	0.802865	-0.298080
846	-138.244988	-33.107561	10.648883	-0.697633	-0.592518	-0.402779	-0.500000	-0.000000	0.866025	-0.513135	0.805557	-0.296259
847	-138.422280	-33.258126	10.546524	-0.699950	-0.588863	-0.404117	-0.500000	-0.000000	0.866025	-0.509970	0.808233	-0.294431
848	-138.600161	-33.407761	10.443824	-0.702253	-0.585195	-0.405446	-0.500000	-0.000000	0.866025	-0.506794	0.810892	-0.292598
849	-138.778627	-33.556465	10.340787	-0.704542	-0.581516	-0.406767	-0.500000	-0.000000	0.866025	-0.503608	0.813535	-0.290758
850	-138.957675	-33.704234	10.237413	-0.706816	-0.577825	-0.408080	-0.500000	-0.000000	0.866025	-0.500411	0.816161	-0.288913
851	-139.137300	-33.851064	10.133707	-0.709075	-0.574122	-0.409385	-0.500000	-0.000000	0.866025	-0.497204	0.818770	-0.287061
852	-139.317500	-33.996954	10.029668	-0.711320	-0.570407	-0.410681	-0.500000	-0.000000	0.866025	-0.493987	0.821362	-0.285204
853	-139.498270	-34.141900	9.925301	-0.713551	-0.566681	-0.411969	-0.500000	-0.000000	0.866025	-0.490760	0.823937	-0.283340
854	-139.679607	-34.285898	9.820606	-0.715767	-0.562943	-0.413248	-0.500000	-0.000000	0.866025	-0.487523	0.826496	-0.281471
855	-139.861507	-34.428947	9.715586	-0.717968	-0.559193	-0.414519	-0.500000	-0.000000	0.866025	-0.484275	0.829038	-0.279596
856	-140.043966	-34.571043	9.610243	-0.720154	-0.555432	-0.415781	-0.500000	-0.000000	0.866025	-0.481018	0.831562	-0.277716
857	-140.226980	-34.712182	9.504579	-0.722325	-0.551659	-0.417035	-0.500000	-0.000000	0.866025	-0.477751	0.834070	-0.275830
858	-140.410547	-34.852364	9.398597	-0.724482	-0.547875	-0.418280	-0.500000	-0.000000	0.866025	-0.474474	0.836560	-0.273938
859	-140.594662	-34.991583	9.292299	-0.726624	-0.544080	-0.419517	-0.500000	-0.000000	0.866025	-0.471187	0.839033	-0.272040
860	-140.779320	-35.129838	9.185686	-0.728751	-0.540274	-0.420745	-0.500000	-0.000000	0.866025	-0.467891	0.841489	-0.270137
861	-140.964520	-35.267126	9.078761	-0.730863	-0.536457	-0.421964	-0.500000	-0.000000	0.866025	-0.464585	0.843928	-0.268228
862	-141.150256	-35.403444	8.971526	-0.732960	-0.532628	-0.423175	-0.500000	-0.000000	0.866025	-0.461270	0.846349	-0.266314
863	-141.336525	-35.538788	8.863984	-0.735042	-0.528789	-0.424377	-0.500000	-0.000000	0.866025	-0.457945	0.848753	-0.264394
864	-141.523322	-35.673157	8.756136	-0.737109	-0.524939	-0.425570	-0.500000	-0.000000	0.866025	-0.454610	0.851140	-0.262469
865	-141.710646	-35.806548	8.647985	-0.739161	-0.521078	-0.426755	-0.500000	-0.000000	0.866025	-0.451267	0.853509	-0.260539
866	-141.898490	-35.938957	8.539533	-0.741197	-0.517206	-0.427930	-0.500000	-0.000000	0.866025	-0.447914	0.855861	-0.258603
867	-142.086852	-36.070383	8.430782	-0.743219	-0.513324	-0.429097	-0.500000	-0.000000	0.866025	-0.444552	0.858195	-0.256662
868	-142.275728	-36.200822	8.321735	-0.745225	-0.509431	-0.430256	-0.500000	-0.000000	0.866025	-0.441180	0.860511	-0.254716
869	-142.465113	-36.330271	8.212393	-0.747216	-0.505528	-0.431405	-0.500000	-0.000000	0.866025	-0.437800	0.862810	-0.252764
870	-142.655004	-36.458729	8.102759	-0.749191	-0.501614	-0.432546	-0.500000	-0.000000	0.866025	-0.434411	0.865091	-0.250807
871	-142.845398	-36.586192	7.992836	-0.751151	-0.497691	-0.433677	-0.500000	-0.000000	0.866025	-0.431013	0.867355	-0.248845
872	-143.036289	-36.712658	7.882624	-0.753096	-0.493757	-0.434800	-0.500000	-0.000000	0.866025	-0.427606	0.869600	-0.246878
873	-143.227674	-36.838124	7.772128	-0.755025	-0.489812	-0.435914	-0.500000	-0.000000	0.866025	-0.424190	0.871828	-0.244906
874	-143.419550	-36.962588	7.661348	-0.756939	-0.485858	-0.437019	-0.500000	-0.000000	0.866025	-0.420765	0.874038	-0.242929
875	-143.611912	-37.086047	7.550288	-0.758837	-0.481894	-0.438115	-0.500000	-0.000000	0.866025	-0.417332	0.876230	-0.240947
876	-143.804757	-37.208499	7.438949	-0.760720	-0.477920	-0.439202	-0.500000	-0.000000	0.866025	-0.413891	0.878404	-0.238960
877	-143.998079	-37.329940	7.327335	-0.762587	-0.473936	-0.440280	-0.500000	-0.000000	0.866025	-0.410440	0.880559	-0.236968
878	-144.191877	-37.450369	7.215446	-0.764438	-0.469942	-0.441349	-0.500000	-0.000000	0.866025	-0.406982	0.882697	-0.234971
879	-144.386144	-37.569783	7.103285	-0.766274	-0.465939	-0.442408	-0.500000	-0.000000	0.866025	-0.403515	0.884817	-0.232969
880	-144.580878	-37.688180	6.990855	-0.768094	-0.461926	-0.443459	-0.500000	-0.000000	0.866025	-0.400040	0.886919	-0.230963
881	-144.776075	-37.805557	6.878159	-0.769898	-0.457904	-0.444501	-0.500000	-0.000000	0.866025	-0.396556	0.889002	-0.228952
882	-144.971730	-37.921912	6.765197	-0.771687	-0.453872	-0.445534	-0.500000	-0.000000	0.866025	-0.393064	0.891067	-0.226936
883	-145.167839	-38.037242	6.651973	-0.773459	-0.449831	-0.446557	-0.500000	-0.000000	0.866025	-0.389565	0.893114	-0.224915
884	-145.364399	-38.151546	6.538489	-0.775216	-0.445780	-0.447571	-0.500000	-0.000000	0.866025	-0.386057	0.895142	-0.222890
885	-145.561406	-38.264820	6.424748	-0.776957	-0.441721	-0.448576	-0.500000	-0.000000	0.866025	-0.382542	0.897152	-0.220861
886	-145.758854	-38.377062	6.310751	-0.778682	-0.437653	-0.449572	-0.500000	-0.000000	0.866025	-0.379018	0.899144	-0.218826
887	-145.956741	-38.488270	6.196500	-0.780391	-0.433575	-0.450559	-0.500000	-0.000000	0.866025	-0.375487	0.901117	-0.216788
888	-146.155063	-38.598442	6.082000	-0.782084	-0.429489	-0.451536	-0.500000	-0.000000	0.866025	-0.371948	0.903072	-0.214744
889	-146.353814	-38.707576	5.967251	-0.783760	-0.425393	-0.452504	-0.500000	-0.000000	0.866025	-0.368402	0.905008	-0.212697
890	-146.552991	-38.815669	5.852255	-0.785421	-0.421290	-0.453463	-0.500000	-0.000000	0.866025	-0.364847	0.906926	-0.210645
891	-146.752591	-38.922719	5.737017	-0.787066	-0.417177	-0.454413	-0.500000	-0.000000	0.866025	-0.361286	0.908825	-0.208589
892	-146.952608	-39.028724	5.621536	-0.788694	-0.413056	-0.455353	-0.500000	-0.000000	0.866025	-0.357717	0.910706	-0.206528
893	-147.153039	-39.133682	5.505817	-0.790307	-0.408926	-0.456284	-0.500000	-0.000000	0.866025	-0.354141	0.912567	-0.204463
894	-147.353880	-39.237590	5.389862	-0.791903	-0.404788	-0.457205	-0.500000	-0.000000	0.866025	-0.350557	0.914410	-0.202394
895	-147.555127	-39.340447	5.273672	-0.793482	-0.400642	-0.458117	-0.500000	-0.000000	0.866025	-0.346966	0.916235	-0.200321
896	-147.756774	-39.442250	5.157251	-0.795046	-0.396488	-0.459020	-0.500000	-0.000000	0.866025	-0.343368	0.918040	-0.198244
897	-147.958820	-39.542997	5.040600	-0.796593	-0.392325	-0.459913	-0.500000	-0.000000	0.866025	-0.339763	0.919827	-0.196162
898	-148.161258	-39.642686	4.923722	-0.798124	-0.388154	-0.460797	-0.500000	-0.000000	0.866025	-0.336151	0.921594	-0.194077
899	-148.364085	-39.741315	4.806620	-0.799639	-0.383975	-0.461672	-0.500000	-0.000000	0.866025	-0.332533	0.923343	-0.191988
900	-148.567297	-39.838883	4.689295	-0.801137	-0.379789	-0.462537	-0.500000	-0.000000	0.866025	-0.328907	0.925073	-0.189894
901	-148.770890	-39.935386	4.571751	-0.802619	-0.375595	-0.463392	-0.500000	-0.000000	0.866025	-0.325274	0.926784	-0.187797
902	-148.974860	-40.030824	4.453989	-0.804084	-0.371393	-0.464238	-0.500000	-0.000000	0.866025	-0.321635	0.928476	-0.185696
903	-149.179201	-40.125194	4.336012	-0.805532	-0.367183	-0.465074	-0.500000	-0.000000	0.866025	-0.317990	0.930149	-0.183591
904	-149.383911	-40.218494	4.217823	-0.806965	-0.362966	-0.465901	-0.500000	-0.000000	0.866025	-0.314338	0.931802	-0.181483
905	-149.588984	-40.310722	4.099424	-0.808380	-0.358741	-0.466719	-0.500000	-0.000000	0.866025	-0.310679	0.933437	-0.179371
906	-149.794418	-40.401877	3.980817	-0.809779	-0.354509	-0.467526	-0.500000	-0.000000	0.866025	-0.307014	0.935053	-0.177255
907	-150.000207	-40.491956	3.862005	-0.811162	-0.350270	-0.468324	-0.500000	-0.000000	0.866025	-0.303343	0.936649	-0.175135
908	-150.206347	-40.580958	3.742990	-0.812527	-0.346023	-0.469113	-0.500000	-0.000000	0.866025	-0.299665	0.938226	-0.173012
909	-150.412834	-40.668880	3.623774	-0.813877	-0.341770	-0.469892	-0.500000	-0.000000	0.866025	-0.295981	0.939784	-0.170885
910	-150.619664	-40.755722	3.504361	-0.815209	-0.337509	-0.470661	-0.500000	-0.000000	0.866025	-0.292292	0.941322	-0.168755
911	-150.826832	-40.841481	3.384752	-0.816525	-0.333242	-0.471421	-0.500000	-0.000000	0.866025	-0.288596	0.942841	-0.166621
912	-151.034335	-40.926155	3.264950	-0.817824	-0.328967	-0.472171	-0.500000	-0.000000	0.866025	-0.284894	0.944341	-0.164484
913	-151.242168	-41.009744	3.144958	-0.819106	-0.324686	-0.472911	-0.500000	-0.000000	0.866025	-0.281187	0.945822	-0.162343
914	-151.450327	-41.092244	3.024778	-0.820371	-0.320398	-0.473641	-0.500000	-0.000000	0.866025	-0.277473	0.947283	-0.160199
915	-151.658807	-41.173655	2.904412	-0.821620	-0.316104	-0.474362	-0.500000	-0.000000	0.866025	-0.273754	0.948725	-0.158052
916	-151.867604	-41.253974	2.783862	-0.822851	-0.311803	-0.475073	-0.500000	-0.000000	0.866025	-0.270030	0.950147	-0.155902
917	-152.076714	-41.333200	2.663132	-0.824066	-0.307496	-0.475775	-0.500000	-0.000000	0.866025	-0.266299	0.951549	-0.153748
918	-152.286133	-41.411332	2.542224	-0.825264	-0.303183	-0.476466	-0.500000	-0.000000	0.866025	-0.262564	0.952932	-0.151591
919	-152.495857	-41.488368	2.421141	-0.826445	-0.298863	-0.477148	-0.500000	-0.000000	0.866025	-0.258823	0.954296	-0.149431
920	-152.705880	-41.564305	2.299883	-0.827609	-0.294537	-0.477820	-0.500000	-0.000000	0.866025	-0.255076	0.955640	-0.147268
921	-152.916199	-41.639144	2.178456	-0.828756	-0.290205	-0.478482	-0.500000	-0.000000	0.866025	-0.251325	0.956965	-0.145102
922	-153.126810	-41.712882	2.056860	-0.829886	-0.285867	-0.479135	-0.500000	-0.000000	0.866025	-0.247568	0.958269	-0.142934
923	-153.337707	-41.785517	1.935098	-0.830998	-0.281523	-0.479777	-0.500000	-0.000000	0.866025	-0.243806	0.959554	-0.140762
924	-153.548888	-41.857048	1.813173	-0.832094	-0.277174	-0.480410	-0.500000	-0.000000	0.866025	-0.240040	0.960820	-0.138587
925	-153.760347	-41.927474	1.691087	-0.833173	-0.272819	-0.481033	-0.500000	-0.000000	0.866025	-0.236268	0.962065	-0.136409
926	-153.972080	-41.996793	1.568843	-0.834235	-0.268458	-0.481646	-0.500000	-0.000000	0.866025	-0.232491	0.963291	-0.134229
927	-154.184082	-42.065004	1.446443	-0.835279	-0.264092	-0.482249	-0.500000	-0.000000	0.866025	-0.228710	0.964498	-0.132046
928	-154.396351	-42.132106	1.323890	-0.836307	-0.259720	-0.482842	-0.500000	-0.000000	0.866025	-0.224924	0.965684	-0.129860
929	-154.608880	-42.198096	1.201186	-0.837317	-0.255343	-0.483425	-0.500000	-0.000000	0.866025	-0.221133	0.966851	-0.127671
930	-154.821666	-42.262974	1.078334	-0.838310	-0.250960	-0.483999	-0.500000	-0.000000	0.866025	-0.217338	0.967997	-0.125480
931	-155.034704	-42.326739	0.955336	-0.839286	-0.246573	-0.484562	-0.500000	-0.000000	0.866025	-0.213538	0.969124	-0.123286
932	-155.247990	-42.389388	0.832195	-0.840245	-0.242180	-0.485116	-0.500000	-0.000000	0.866025	-0.209734	0.970231	-0.121090
933	-155.461520	-42.450922	0.708914	-0.841186	-0.237783	-0.485659	-0.500000	-0.000000	0.866025	-0.205926	0.971318	-0.118891
934	-155.675289	-42.511337	0.585494	-0.842111	-0.233381	-0.486193	-0.500000	-0.000000	0.866025	-0.202114	0.972385	-0.116690
935	-155.889293	-42.570634	0.461939	-0.843017	-0.228973	-0.486716	-0.500000	-0.000000	0.866025	-0.198297	0.973433	-0.114487
936	-156.103527	-42.628811	0.338251	-0.843907	-0.224562	-0.487230	-0.500000	-0.000000	0.866025	-0.194476	0.974460	-0.112281
937	-156.317987	-42.685867	0.214432	-0.844779	-0.220145	-0.487734	-0.500000	-0.000000	0.866025	-0.190651	0.975467	-0.110073
938	-156.532669	-42.741800	0.090486	-0.845634	-0.215724	-0.488227	-0.500000	-0.000000	0.866025	-0.186823	0.976454	-0.107862
939	-156.747569	-42.796610	-0.033587	-0.846472	-0.211299	-0.488711	-0.500000	-0.000000	0.866025	-0.182990	0.977422	-0.105649
940	-156.962680	-42.850296	-0.157781	-0.847292	-0.206869	-0.489184	-0.500000	-0.000000	0.866025	-0.179154	0.978369	-0.103435
941	-157.178001	-42.902855	-0.282097	-0.848095	-0.202435	-0.489648	-0.500000	-0.000000	0.866025	-0.175314	0.979296	-0.101218
942	-157.393525	-42.954288	-0.406530	-0.848880	-0.197997	-0.490101	-0.500000	-0.000000	0.866025	-0.171470	0.980203	-0.098998
943	-157.609249	-43.004593	-0.531078	-0.849648	-0.193555	-0.490545	-0.500000	-0.000000	0.866025	-0.167623	0.981089	-0.096777
944	-157.825168	-43.053769	-0.655739	-0.850399	-0.189109	-0.490978	-0.500000	-0.000000	0.866025	-0.163773	0.981956	-0.094554
945	-158.041278	-43.101815	-0.780510	-0.851132	-0.184658	-0.491401	-0.500000	-0.000000	0.866025	-0.159919	0.982803	-0.092329
946	-158.257574	-43.148730	-0.905388	-0.851848	-0.180205	-0.491815	-0.500000	-0.000000	0.866025	-0.156062	0.983629	-0.090102
947	-158.474051	-43.194514	-1.030372	-0.852546	-0.175747	-0.492218	-0.500000	-0.000000	0.866025	-0.152201	0.984435	-0.087874
948	-158.690707	-43.239165	-1.155458	-0.853227	-0.171286	-0.492611	-0.500000	-0.000000	0.866025	-0.148338	0.985221	-0.085643
949	-158.907535	-43.282682	-1.280644	-0.853890	-0.166821	-0.492994	-0.500000	-0.000000	0.866025	-0.144471	0.985987	-0.083411
950	-159.124531	-43.325064	-1.405927	-0.854536	-0.162353	-0.493366	-0.500000	-0.000000	0.866025	-0.140602	0.986733	-0.081177
951	-159.341692	-43.366311	-1.531304	-0.855164	-0.157882	-0.493729	-0.500000	-0.000000	0.866025	-0.136730	0.987458	-0.078941
952	-159.559012	-43.406421	-1.656774	-0.855774	-0.153407	-0.494082	-0.500000	-0.000000	0.866025	-0.132854	0.988163	-0.076704
953	-159.776488	-43.445395	-1.782334	-0.856367	-0.148929	-0.494424	-0.500000	-0.000000	0.866025	-0.128977	0.988848	-0.074465
954	-159.994114	-43.483230	-1.907980	-0.856943	-0.144448	-0.494756	-0.500000	-0.000000	0.866025	-0.125096	0.989512	-0.072224
955	-160.211886	-43.519927	-2.033711	-0.857501	-0.139965	-0.495078	-0.500000	-0.000000	0.866025	-0.121213	0.990156	-0.069982
956	-160.429800	-43.555485	-2.159524	-0.858041	-0.135478	-0.495390	-0.500000	-0.000000	0.866025	-0.117327	0.990780	-0.067739
957	-160.647851	-43.589902	-2.285416	-0.858564	-0.130988	-0.495692	-0.500000	-0.000000	0.866025	-0.113439	0.991384	-0.065494
958	-160.866035	-43.623178	-2.411384	-0.859069	-0.126496	-0.495984	-0.500000	-0.000000	0.866025	-0.109549	0.991967	-0.063248
959	-161.084347	-43.655313	-2.537427	-0.859556	-0.122002	-0.496265	-0.500000	-0.000000	0.866025	-0.105656	0.992530	-0.061001
960	-161.302783	-43.686305	-2.663541	-0.860026	-0.117504	-0.496536	-0.500000	-0.000000	0.866025	-0.101762	0.993072	-0.058752
961	-161.521339	-43.716155	-2.789724	-0.860478	-0.113005	-0.496797	-0.500000	-0.000000	0.866025	-0.097865	0.993594	-0.056502
962	-161.740009	-43.744861	-2.915973	-0.860913	-0.108503	-0.497048	-0.500000	-0.000000	0.866025	-0.093966	0.994096	-0.054251
963	-161.958790	-43.772423	-3.042287	-0.861329	-0.103998	-0.497289	-0.500000	-0.000000	0.866025	-0.090065	0.994577	-0.051999
964	-162.177676	-43.798841	-3.168661	-0.861728	-0.099492	-0.497519	-0.500000	-0.000000	0.866025	-0.086163	0.995038	-0.049746
965	-162.396664	-43.824113	-3.295094	-0.862110	-0.094984	-0.497739	-0.500000	-0.000000	0.866025	-0.082258	0.995479	-0.047492
966	-162.615749	-43.848239	-3.421582	-0.862474	-0.090473	-0.497949	-0.500000	-0.000000	0.866025	-0.078352	0.995899	-0.045237
967	-162.834926	-43.871220	-3.548124	-0.862820	-0.085961	-0.498149	-0.500000	-0.000000	0.866025	-0.074445	0.996298	-0.042981
968	-163.054192	-43.893053	-3.674717	-0.863148	-0.081447	-0.498339	-0.500000	-0.000000	0.866025	-0.070535	0.996678	-0.040724
969	-163.273540	-43.913740	-3.801358	-0.863459	-0.076932	-0.498518	-0.500000	-0.000000	0.866025	-0.066625	0.997036	-0.038466
970	-163.492968	-43.933279	-3.928044	-0.863752	-0.072414	-0.498687	-0.500000	-0.000000	0.866025	-0.062713	0.997375	-0.036207
971	-163.712469	-43.951670	-4.054774	-0.864027	-0.067896	-0.498846	-0.500000	-0.000000	0.866025	-0.058799	0.997692	-0.033948
972	-163.932041	-43.968913	-4.181544	-0.864284	-0.063376	-0.498995	-0.500000	-0.000000	0.866025	-0.054885	0.997990	-0.031688
973	-164.151678	-43.985007	-4.308351	-0.864524	-0.058854	-0.499133	-0.500000	-0.000000	0.866025	-0.050969	0.998267	-0.029427
974	-164.371376	-43.999952	-4.435194	-0.864746	-0.054332	-0.499261	-0.500000	-0.000000	0.866025	-0.047053	0.998523	-0.027166
975	-164.591131	-44.013748	-4.562069	-0.864951	-0.049808	-0.499379	-0.500000	-0.000000	0.866025	-0.043135	0.998759	-0.024904
976	-164.810937	-44.026394	-4.688974	-0.865137	-0.045283	-0.499487	-0.500000	-0.000000	0.866025	-0.039216	0.998974	-0.022642
977	-165.030791	-44.037890	-4.815907	-0.865306	-0.040757	-0.499585	-0.500000	-0.000000	0.866025	-0.035297	0.999169	-0.020379
978	-165.250687	-44.048236	-4.942864	-0.865457	-0.036231	-0.499672	-0.500000	-0.000000	0.866025	-0.031377	0.999343	-0.018115
979	-165.470622	-44.057432	-5.069844	-0.865590	-0.031704	-0.499749	-0.500000	-0.000000	0.866025	-0.027456	0.999497	-0.015852
980	-165.690590	-44.065478	-5.196843	-0.865706	-0.027176	-0.499815	-0.500000	-0.000000	0.866025	-0.023535	0.999631	-0.013588
981	-165.910588	-44.072372	-5.323858	-0.865803	-0.022647	-0.499872	-0.500000	-0.000000	0.866025	-0.019613	0.999744	-0.011324
982	-166.130611	-44.078116	-5.450889	-0.865883	-0.018118	-0.499918	-0.500000	-0.000000	0.866025	-0.015691	0.999836	-0.009059
983	-166.350654	-44.082709	-5.577930	-0.865945	-0.013589	-0.499954	-0.500000	-0.000000	0.866025	-0.011769	0.999908	-0.006795
984	-166.570713	-44.086152	-5.704981	-0.865990	-0.009060	-0.499979	-0.500000	-0.000000	0.866025	-0.007846	0.999959	-0.004530
985	-166.790783	-44.088442	-5.832039	-0.866017	-0.004530	-0.499995	-0.500000	-0.000000	0.866025	-0.003923	0.999990	-0.002265
986	-167.010859	-44.089582	-5.959100	-0.866025	-0.000000	-0.500000	-0.500000	-0.000000	0.866025	-0.000000	1.000000	0.000000
987	-167.225329	-44.089582	-6.082924	-0.870123	-0.000000	-0.492834	-0.492834	-0.000000	0.870123	-0.000000	1.000000	0.000000
988	-167.440813	-44.089582	-6.204974	-0.874162	-0.000000	-0.485635	-0.485635	-0.000000	0.874162	-0.000000	1.000000	0.000000
989	-167.657298	-44.089582	-6.325240	-0.878141	-0.000000	-0.478402	-0.478402	-0.000000	0.878141	-0.000000	1.000000	0.000000
990	-167.874768	-44.089582	-6.443715	-0.882060	-0.000000	-0.471137	-0.471137	-0.000000	0.882060	-0.000000	1.000000	0.000000
991	-168.093208	-44.089582	-6.560392	-0.885919	-0.000000	-0.463839	-0.463839	-0.000000	0.885919	-0.000000	1.000000	0.000000
992	-168.312604	-44.089582	-6.675260	-0.889718	-0.000000	-0.456510	-0.456510	-0.000000	0.889718	-0.000000	1.000000	0.000000
993	-168.532941	-44.089582	-6.788314	-0.893456	-0.000000	-0.449150	-0.449150	-0.000000	0.893456	-0.000000	1.000000	0.000000
994	-168.754204	-44.089582	-6.899546	-0.897133	-0.000000	-0.441760	-0.441760	-0.000000	0.897133	-0.000000	1.000000	0.000000
995	-168.976377	-44.089582	-7.008947	-0.900749	-0.000000	-0.434339	-0.434339	-0.000000	0.900749	-0.000000	1.000000	0.000000
996	-169.199446	-44.089582	-7.116510	-0.904304	-0.000000	-0.426889	-0.426889	-0.000000	0.904304	-0.000000	1.000000	0.000000
997	-169.423395	-44.089582	-7.222228	-0.907797	-0.000000	-0.419409	-0.419409	-0.000000	0.907797	-0.000000	1.000000	0.000000
998	-169.648210	-44.089582	-7.326094	-0.911228	-0.000000	-0.411901	-0.411901	-0.000000	0.911228	-0.000000	1.000000	0.000000
999	-169.873874	-44.089582	-7.428100	-0.914598	-0.000000	-0.404365	-0.404365	-0.000000	0.914598	-0.000000	1.000000	0.000000
1000	-170.100372	-44.089582	-7.528241	-0.917904	-0.000000	-0.396802	-0.396802	-0.000000	0.917904	-0.000000	1.000000	0.000000
1001	-170.327689	-44.089582	-7.626508	-0.921149	-0.000000	-0.389211	-0.389211	-0.000000	0.921149	-0.000000	1.000000	0.000000
1002	-170.555810	-44.089582	-7.722895	-0.924330	-0.000000	-0.381594	-0.381594	-0.000000	0.924330	-0.000000	1.000000	0.000000
1003	-170.784719	-44.089582	-7.817396	-0.927449	-0.000000	-0.373950	-0.373950	-0.000000	0.927449	-0.000000	1.000000	0.000000
1004	-171.014399	-44.089582	-7.910004	-0.930504	-0.000000	-0.366282	-0.366282	-0.000000	0.930504	-0.000000	1.000000	0.000000
1005	-171.244837	-44.089582	-8.000713	-0.933496	-0.000000	-0.358588	-0.358588	-0.000000	0.933496	-0.000000	1.000000	0.000000
1006	-171.476015	-44.089582	-8.089517	-0.936424	-0.000000	-0.350870	-0.350870	-0.000000	0.936424	-0.000000	1.000000	0.000000
1007	-171.707919	-44.089582	-8.176409	-0.939289	-0.000000	-0.343128	-0.343128	-0.000000	0.939289	-0.000000	1.000000	0.000000
1008	-171.940532	-44.089582	-8.261384	-0.942089	-0.000000	-0.335363	-0.335363	-0.000000	0.942089	-0.000000	1.000000	0.000000
1009	-172.173839	-44.089582	-8.344436	-0.944825	-0.000000	-0.327574	-0.327574	-0.000000	0.944825	-0.000000	1.000000	0.000000
1010	-172.407823	-44.089582	-8.425559	-0.947497	-0.000000	-0.319764	-0.319764	-0.000000	0.947497	-0.000000	1.000000	0.000000
1011	-172.642469	-44.089582	-8.504748	-0.950105	-0.000000	-0.311932	-0.311932	-0.000000	0.950105	-0.000000	1.000000	0.000000
1012	-172.877760	-44.089582	-8.581997	-0.952647	-0.000000	-0.304078	-0.304078	-0.000000	0.952647	-0.000000	1.000000	0.000000
1013	-173.113681	-44.089582	-8.657302	-0.955125	-0.000000	-0.296204	-0.296204	-0.000000	0.955125	-0.000000	1.000000	0.000000
1014	-173.350216	-44.089582	-8.730656	-0.957537	-0.000000	-0.288309	-0.288309	-0.000000	0.957537	-0.000000	1.000000	0.000000
1015	-173.587348	-44.089582	-8.802055	-0.959885	-0.000000	-0.280395	-0.280395	-0.000000	0.959885	-0.000000	1.000000	0.000000
1016	-173.825062	-44.089582	-8.871494	-0.962167	-0.000000	-0.272462	-0.272462	-0.000000	0.962167	-0.000000	1.000000	0.000000
1017	-174.063341	-44.089582	-8.938969	-0.964383	-0.000000	-0.264510	-0.264510	-0.000000	0.964383	-0.000000	1.000000	0.000000
1018	-174.302168	-44.089582	-9.004475	-0.966534	-0.000000	-0.256540	-0.256540	-0.000000	0.966534	-0.000000	1.000000	0.000000
1019	-174.541529	-44.089582	-9.068006	-0.968618	-0.000000	-0.248553	-0.248553	-0.000000	0.968618	-0.000000	1.000000	0.000000
1020	-174.781405	-44.089582	-9.129560	-0.970637	-0.000000	-0.240549	-0.240549	-0.000000	0.970637	-0.000000	1.000000	0.000000
1021	-175.021781	-44.089582	-9.189131	-0.972590	-0.000000	-0.232528	-0.232528	-0.000000	0.972590	-0.000000	1.000000	0.000000
1022	-175.262641	-44.089582	-9.246716	-0.974476	-0.000000	-0.224491	-0.224491	-0.000000	0.974476	-0.000000	1.000000	0.000000
1023	-175.503968	-44.089582	-9.302311	-0.976296	-0.000000	-0.216440	-0.216440	-0.000000	0.976296	-0.000000	1.000000	0.000000
1024	-175.745746	-44.089582	-9.355912	-0.978049	-0.000000	-0.208373	-0.208373	-0.000000	0.978049	-0.000000	1.000000	0.000000
1025	-175.987958	-44.089582	-9.407515	-0.979736	-0.000000	-0.200292	-0.200292	-0.000000	0.979736	-0.000000	1.000000	0.000000
1026	-176.230588	-44.089582	-9.457117	-0.981356	-0.000000	-0.192198	-0.192198	-0.000000	0.981356	-0.000000	1.000000	0.000000
1027	-176.473619	-44.089582	-9.504715	-0.982909	-0.000000	-0.184090	-0.184090	-0.000000	0.982909	-0.000000	1.000000	0.000000
1028	-176.717035	-44.089582	-9.550304	-0.984395	-0.000000	-0.175970	-0.175970	-0.000000	0.984395	-0.000000	1.000000	0.000000
1029	-176.960818	-44.089582	-9.593883	-0.985815	-0.000000	-0.167838	-0.167838	-0.000000	0.985815	-0.000000	1.000000	0.000000
1030	-177.204953	-44.089582	-9.635448	-0.987166	-0.000000	-0.159695	-0.159695	-0.000000	0.987166	-0.000000	1.000000	0.000000
1031	-177.449423	-44.089582	-9.674996	-0.988451	-0.000000	-0.151541	-0.151541	-0.000000	0.988451	-0.000000	1.000000	0.000000
1032	-177.694211	-44.089582	-9.712525	-0.989668	-0.000000	-0.143376	-0.143376	-0.000000	0.989668	-0.000000	1.000000	0.000000
1033	-177.939301	-44.089582	-9.748032	-0.990818	-0.000000	-0.135201	-0.135201	-0.000000	0.990818	-0.000000	1.000000	0.000000
1034	-178.184675	-44.089582	-9.781514	-0.991900	-0.000000	-0.127018	-0.127018	-0.000000	0.991900	-0.000000	1.000000	0.000000
1035	-178.430317	-44.089582	-9.812970	-0.992915	-0.000000	-0.118826	-0.118826	-0.000000	0.992915	-0.000000	1.000000	0.000000
1036	-178.676211	-44.089582	-9.842397	-0.993862	-0.000000	-0.110625	-0.110625	-0.000000	0.993862	-0.000000	1.000000	0.000000
1037	-178.922339	-44.089582	-9.869793	-0.994742	-0.000000	-0.102417	-0.102417	-0.000000	0.994742	-0.000000	1.000000	0.000000
1038	-179.168685	-44.089582	-9.895156	-0.995553	-0.000000	-0.094202	-0.094202	-0.000000	0.995553	-0.000000	1.000000	0.000000
1039	-179.415231	-44.089582	-9.918485	-0.996297	-0.000000	-0.085981	-0.085981	-0.000000	0.996297	-0.000000	1.000000	0.000000
1040	-179.661962	-44.089582	-9.939778	-0.996973	-0.000000	-0.077754	-0.077754	-0.000000	0.996973	-0.000000	1.000000	0.000000
1041	-179.908861	-44.089582	-9.959034	-0.997580	-0.000000	-0.069521	-0.069521	-0.000000	0.997580	-0.000000	1.000000	0.000000
1042	-180.155909	-44.089582	-9.976250	-0.998120	-0.000000	-0.061284	-0.061284	-0.000000	0.998120	-0.000000	1.000000	0.000000
1043	-180.403092	-44.089582	-9.991427	-0.998592	-0.000000	-0.053043	-0.053043	-0.000000	0.998592	-0.000000	1.000000	0.000000
1044	-180.650392	-44.089582	-10.004563	-0.998996	-0.000000	-0.044798	-0.044798	-0.000000	0.998996	-0.000000	1.000000	0.000000
1045	-180.897791	-44.089582	-10.015657	-0.999332	-0.000000	-0.036549	-0.036549	-0.000000	0.999332	-0.000000	1.000000	0.000000
1046	-181.145274	-44.089582	-10.024709	-0.999600	-0.000000	-0.028299	-0.028299	-0.000000	0.999600	-0.000000	1.000000	0.000000
1047	-181.392822	-44.089582	-10.031717	-0.999799	-0.000000	-0.020046	-0.020046	-0.000000	0.999799	-0.000000	1.000000	0.000000
1048	-181.640421	-44.089582	-10.036681	-0.999930	-0.000000	-0.011792	-0.011792	-0.000000	0.999930	-0.000000	1.000000	0.000000
1049	-181.888052	-44.089582	-10.039602	-0.999994	-0.000000	-0.003538	-0.003538	-0.000000	0.999994	-0.000000	1.000000	0.000000
1050	-182.135698	-44.089582	-10.040478	-0.999989	-0.000000	0.004717	0.004717	-0.000000	0.999989	-0.000000	1.000000	0.000000
1051	-182.383343	-44.089582	-10.039309	-0.999916	-0.000000	0.012972	0.012972	-0.000000	0.999916	-0.000000	1.000000	0.000000
1052	-182.630971	-44.089582	-10.036097	-0.999775	-0.000000	0.021225	0.021225	-0.000000	0.999775	-0.000000	1.000000	0.000000
1053	-182.878563	-44.089582	-10.030841	-0.999565	-0.000000	0.029478	0.029478	-0.000000	0.999565	-0.000000	1.000000	0.000000
1054	-183.126103	-44.089582	-10.023541	-0.999288	-0.000000	0.037728	0.037728	-0.000000	0.999288	-0.000000	1.000000	0.000000
1055	-183.373575	-44.089582	-10.014197	-0.998943	-0.000000	0.045976	0.045976	-0.000000	0.998943	-0.000000	1.000000	0.000000
1056	-183.620961	-44.089582	-10.002812	-0.998529	-0.000000	0.054220	0.054220	-0.000000	0.998529	-0.000000	1.000000	0.000000
1057	-183.868245	-44.089582	-9.989384	-0.998047	-0.000000	0.062461	0.062461	-0.000000	0.998047	-0.000000	1.000000	0.000000
1058	-184.115410	-44.089582	-9.973916	-0.997498	-0.000000	0.070698	0.070698	-0.000000	0.997498	-0.000000	1.000000	0.000000
1059	-184.362438	-44.089582	-9.956408	-0.996880	-0.000000	0.078929	0.078929	-0.000000	0.996880	-0.000000	1.000000	0.000000
1060	-184.609314	-44.089582	-9.936861	-0.996195	-0.000000	0.087156	0.087156	-0.000000	0.996195	-0.000000	1.000000	0.000000
1061	-184.856019	-44.089582	-9.915277	-0.996880	-0.000000	0.078929	0.078929	-0.000000	0.996880	-0.000000	1.000000	0.000000
1062	-185.102895	-44.089582	-9.895730	-0.997498	-0.000000	0.070698	0.070698	-0.000000	0.997498	-0.000000	1.000000	0.000000
1063	-185.349923	-44.089582	-9.878222	-0.998047	-0.000000	0.062461	0.062461	-0.000000	0.998047	-0.000000	1.000000	0.000000
1064	-185.597088	-44.089582	-9.862754	-0.998529	-0.000000	0.054220	0.054220	-0.000000	0.998529	-0.000000	1.000000	0.000000
1065	-185.844371	-44.089582	-9.849326	-0.998943	-0.000000	0.045976	0.045976	-0.000000	0.998943	-0.000000	1.000000	0.000000
1066	-186.091758	-44.089582	-9.837941	-0.999288	-0.000000	0.037728	0.037728	-0.000000	0.999288	-0.000000	1.000000	0.000000
1067	-186.339229	-44.089582	-9.828597	-0.999565	-0.000000	0.029478	0.029478	-0.000000	0.999565	-0.000000	1.000000	0.000000
1068	-186.586770	-44.089582	-9.821297	-0.999775	-0.000000	0.021225	0.021225	-0.000000	0.999775	-0.000000	1.000000	0.000000
1069	-186.834362	-44.089582	-9.816041	-0.999916	-0.000000	0.012972	0.012972	-0.000000	0.999916	-0.000000	1.000000	0.000000
1070	-187.081989	-44.089582	-9.812828	-0.999989	-0.000000	0.004717	0.004717	-0.000000	0.999989	-0.000000	1.000000	0.000000
1071	-187.329635	-44.089582	-9.811660	-0.999994	-0.000000	-0.003538	-0.003538	-0.000000	0.999994	-0.000000	1.000000	0.000000
1072	-187.577281	-44.089582	-9.812536	-0.999930	-0.000000	-0.011792	-0.011792	-0.000000	0.999930	-0.000000	1.000000	0.000000
1073	-187.824912	-44.089582	-9.815457	-0.999799	-0.000000	-0.020046	-0.020046	-0.000000	0.999799	-0.000000	1.000000	0.000000
1074	-188.072510	-44.089582	-9.820421	-0.999600	-0.000000	-0.028299	-0.028299	-0.000000	0.999600	-0.000000	1.000000	0.000000
1075	-188.320059	-44.089582	-9.827429	-0.999332	-0.000000	-0.036549	-0.036549	-0.000000	0.999332	-0.000000	1.000000	0.000000
1076	-188.567542	-44.089582	-9.836481	-0.998996	-0.000000	-0.044798	-0.044798	-0.000000	0.998996	-0.000000	1.000000	0.000000
1077	-188.814941	-44.089582	-9.847575	-0.998592	-0.000000	-0.053043	-0.053043	-0.000000	0.998592	-0.000000	1.000000	0.000000
1078	-189.062241	-44.089582	-9.860711	-0.998120	-0.000000	-0.061284	-0.061284	-0.000000	0.998120	-0.000000	1.000000	0.000000
1079	-189.309423	-44.089582	-9.875887	-0.997580	-0.000000	-0.069521	-0.069521	-0.000000	0.997580	-0.000000	1.000000	0.000000
1080	-189.556472	-44.089582	-9.893104	-0.996973	-0.000000	-0.077754	-0.077754	-0.000000	0.996973	-0.000000	1.000000	0.000000
1081	-189.803370	-44.089582	-9.912360	-0.996297	-0.000000	-0.085981	-0.085981	-0.000000	0.996297	-0.000000	1.000000	0.000000
1082	-190.050101	-44.089582	-9.933653	-0.995553	-0.000000	-0.094202	-0.094202	-0.000000	0.995553	-0.000000	1.000000	0.000000
1083	-190.296648	-44.089582	-9.956982	-0.994742	-0.000000	-0.102417	-0.102417	-0.000000	0.994742	-0.000000	1.000000	0.000000
1084	-190.542994	-44.089582	-9.982345	-0.993862	-0.000000	-0.110625	-0.110625	-0.000000	0.993862	-0.000000	1.000000	0.000000
1085	-190.789122	-44.089582	-10.009741	-0.992915	-0.000000	-0.118826	-0.118826	-0.000000	0.992915	-0.000000	1.000000	0.000000
1086	-191.035016	-44.089582	-10.039168	-0.991900	-0.000000	-0.127018	-0.127018	-0.000000	0.991900	-0.000000	1.000000	0.000000
1087	-191.280658	-44.089582	-10.070624	-0.990818	-0.000000	-0.135201	-0.135201	-0.000000	0.990818	-0.000000	1.000000	0.000000
1088	-191.526032	-44.089582	-10.104106	-0.989668	-0.000000	-0.143376	-0.143376	-0.000000	0.989668	-0.000000	1.000000	0.000000
1089	-191.771122	-44.089582	-10.139613	-0.988451	-0.000000	-0.151541	-0.151541	-0.000000	0.988451	-0.000000	1.000000	0.000000
1090	-192.015910	-44.089582	-10.177142	-0.987166	-0.000000	-0.159695	-0.159695	-0.000000	0.987166	-0.000000	1.000000	0.000000
1091	-192.260379	-44.089582	-10.216690	-0.985815	-0.000000	-0.167838	-0.167838	-0.000000	0.985815	-0.000000	1.000000	0.000000
1092	-192.504514	-44.089582	-10.258255	-0.984395	-0.000000	-0.175970	-0.175970	-0.000000	0.984395	-0.000000	1.000000	0.000000
1093	-192.748298	-44.089582	-10.301834	-0.982909	-0.000000	-0.184090	-0.184090	-0.000000	0.982909	-0.000000	1.000000	0.000000
1094	-192.991714	-44.089582	-10.347423	-0.981356	-0.000000	-0.192198	-0.192198	-0.000000	0.981356	-0.000000	1.000000	0.000000
1095	-193.234745	-44.089582	-10.395021	-0.979736	-0.000000	-0.200292	-0.200292	-0.000000	0.979736	-0.000000	1.000000	0.000000
1096	-193.477374	-44.089582	-10.444623	-0.978049	-0.000000	-0.208373	-0.208373	-0.000000	0.978049	-0.000000	1.000000	0.000000
1097	-193.719586	-44.089582	-10.496226	-0.976296	-0.000000	-0.216440	-0.216440	-0.000000	0.976296	-0.000000	1.000000	0.000000
1098	-193.961364	-44.089582	-10.549827	-0.974476	-0.000000	-0.224491	-0.224491	-0.000000	0.974476	-0.000000	1.000000	0.000000
1099	-194.202691	-44.089582	-10.605422	-0.972590	-0.000000	-0.232528	-0.232528	-0.000000	0.972590	-0.000000	1.000000	0.000000
1100	-194.443551	-44.089582	-10.663007	-0.970637	-0.000000	-0.240549	-0.240549	-0.000000	0.970637	-0.000000	1.000000	0.000000
1101	-194.683928	-44.089582	-10.722578	-0.968618	-0.000000	-0.248553	-0.248553	-0.000000	0.968618	-0.000000	1.000000	0.000000
1102	-194.923804	-44.089582	-10.784132	-0.966534	-0.000000	-0.256540	-0.256540	-0.000000	0.966534	-0.000000	1.000000	0.000000
1103	-195.163164	-44.089582	-10.847663	-0.964383	-0.000000	-0.264510	-0.264510	-0.000000	0.964383	-0.000000	1.000000	0.000000
1104	-195.401992	-44.089582	-10.913169	-0.962167	-0.000000	-0.272462	-0.272462	-0.000000	0.962167	-0.000000	1.000000	0.000000
1105	-195.640271	-44.089582	-10.980643	-0.959885	-0.000000	-0.280395	-0.280395	-0.000000	0.959885	-0.000000	1.000000	0.000000
1106	-195.877984	-44.089582	-11.050083	-0.957537	-0.000000	-0.288309	-0.288309	-0.000000	0.957537	-0.000000	1.000000	0.000000
1107	-196.115117	-44.089582	-11.121482	-0.955125	-0.000000	-0.296204	-0.296204	-0.000000	0.955125	-0.000000	1.000000	0.000000
1108	-196.351651	-44.089582	-11.194836	-0.952647	-0.000000	-0.304078	-0.304078	-0.000000	0.952647	-0.000000	1.000000	0.000000
1109	-196.587573	-44.089582	-11.270140	-0.950105	-0.000000	-0.311932	-0.311932	-0.000000	0.950105	-0.000000	1.000000	0.000000
1110	-196.822864	-44.089582	-11.347390	-0.947497	-0.000000	-0.319764	-0.319764	-0.000000	0.947497	-0.000000	1.000000	0.000000
1111	-197.057510	-44.089582	-11.426579	-0.944825	-0.000000	-0.327574	-0.327574	-0.000000	0.944825	-0.000000	1.000000	0.000000
1112	-197.291494	-44.089582	-11.507702	-0.942089	-0.000000	-0.335363	-0.335363	-0.000000	0.942089	-0.000000	1.000000	0.000000
1113	-197.524801	-44.089582	-11.590754	-0.939289	-0.000000	-0.343128	-0.343128	-0.000000	0.939289	-0.000000	1.000000	0.000000
1114	-197.757414	-44.089582	-11.675729	-0.936424	-0.000000	-0.350870	-0.350870	-0.000000	0.936424	-0.000000	1.000000	0.000000
1115	-197.989317	-44.089582	-11.762621	-0.933496	-0.000000	-0.358588	-0.358588	-0.000000	0.933496	-0.000000	1.000000	0.000000
1116	-198.220496	-44.089582	-11.851425	-0.930504	-0.000000	-0.366282	-0.366282	-0.000000	0.930504	-0.000000	1.000000	0.000000
1117	-198.450933	-44.089582	-11.942134	-0.927449	-0.000000	-0.373950	-0.373950	-0.000000	0.927449	-0.000000	1.000000	0.000000
1118	-198.680614	-44.089582	-12.034742	-0.924330	-0.000000	-0.381594	-0.381594	-0.000000	0.924330	-0.000000	1.000000	0.000000
1119	-198.909523	-44.089582	-12.129243	-0.921149	-0.000000	-0.389211	-0.389211	-0.000000	0.921149	-0.000000	1.000000	0.000000
1120	-199.137644	-44.089582	-12.225630	-0.917904	-0.000000	-0.396802	-0.396802	-0.000000	0.917904	-0.000000	1.000000	0.000000
1121	-199.364961	-44.089582	-12.323897	-0.914598	-0.000000	-0.404365	-0.404365	-0.000000	0.914598	-0.000000	1.000000	0.000000
1122	-199.591459	-44.089582	-12.424037	-0.911228	-0.000000	-0.411901	-0.411901	-0.000000	0.911228	-0.000000	1.000000	0.000000
1123	-199.817123	-44.089582	-12.526044	-0.907797	-0.000000	-0.419409	-0.419409	-0.000000	0.907797	-0.000000	1.000000	0.000000
1124	-200.041937	-44.089582	-12.629910	-0.904304	-0.000000	-0.426889	-0.426889	-0.000000	0.904304	-0.000000	1.000000	0.000000
1125	-200.265886	-44.089582	-12.735628	-0.900749	-0.000000	-0.434339	-0.434339	-0.000000	0.900749	-0.000000	1.000000	0.000000
1126	-200.488955	-44.089582	-12.843191	-0.897133	-0.000000	-0.441760	-0.441760	-0.000000	0.897133	-0.000000	1.000000	0.000000
1127	-200.711129	-44.089582	-12.952592	-0.893456	-0.000000	-0.449150	-0.449150	-0.000000	0.893456	-0.000000	1.000000	0.000000
1128	-200.932391	-44.089582	-13.063823	-0.889718	-0.000000	-0.456510	-0.456510	-0.000000	0.889718	-0.000000	1.000000	0.000000
1129	-201.152728	-44.089582	-13.176877	-0.885919	-0.000000	-0.463839	-0.463839	-0.000000	0.885919	-0.000000	1.000000	0.000000
1130	-201.372125	-44.089582	-13.291746	-0.882060	-0.000000	-0.471137	-0.471137	-0.000000	0.882060	-0.000000	1.000000	0.000000
1131	-201.590565	-44.089582	-13.408422	-0.878141	-0.000000	-0.478402	-0.478402	-0.000000	0.878141	-0.000000	1.000000	0.000000
1132	-201.808035	-44.089582	-13.526898	-0.874162	-0.000000	-0.485635	-0.485635	-0.000000	0.874162	-0.000000	1.000000	0.000000
1133	-202.024520	-44.089582	-13.647164	-0.870123	-0.000000	-0.492834	-0.492834	-0.000000	0.870123	-0.000000	1.000000	0.000000
1134	-202.240004	-44.089582	-13.769214	-0.866025	-0.000000	-0.500000	-0.500000	-0.000000	0.866025	-0.000000	1.000000	0.000000
1135	-202.492482	-44.087227	-13.831909	-0.866025	-0.000000	-0.500000	-0.498929	0.065403	0.864171	0.032702	0.997859	-0.056641
1136	-202.744806	-44.080172	-13.894871	-0.866025	-0.000000	-0.500000	-0.495722	0.130526	0.858616	0.065263	0.991445	-0.113039
1137	-202.996823	-44.068446	-13.958365	-0.866025	-0.000000	-0.500000	-0.490393	0.195090	0.849385	0.097545	0.980785	-0.168953
1138	-203.248380	-44.052101	-14.022655	-0.866025	-0.000000	-0.500000	-0.482963	0.258819	0.836516	0.129410	0.965926	-0.224144
1139	-203.499327	-44.031205	-14.088001	-0.866025	-0.000000	-0.500000	-0.473465	0.321439	0.820066	0.160720	0.946930	-0.278375
1140	-203.749518	-44.005850	-14.154659	-0.866025	-0.000000	-0.500000	-0.461940	0.382683	0.800103	0.191342	0.923880	-0.331414
1141	-203.998807	-43.976142	-14.222877	-0.866025	-0.000000	-0.500000	-0.448436	0.442289	0.776715	0.221144	0.896873	-0.383033
1142	-204.247055	-43.942210	-14.292900	-0.866025	-0.000000	-0.500000	-0.433013	0.500000	0.750000	0.250000	0.866025	-0.433013
1143	-204.494125	-43.904199	-14.364962	-0.866025	-0.000000	-0.500000	-0.415735	0.555570	0.720074	0.277785	0.831470	-0.481138
1144	-204.739886	-43.862271	-14.439290	-0.866025	-0.000000	-0.500000	-0.396677	0.608761	0.687064	0.304381	0.793353	-0.527203
1145	-204.984214	-43.816606	-14.516102	-0.866025	-0.000000	-0.500000	-0.375920	0.659346	0.651112	0.329673	0.751840	-0.571010
1146	-205.226989	-43.767400	-14.595604	-0.866025	-0.000000	-0.500000	-0.353553	0.707107	0.612372	0.353553	0.707107	-0.612372
1147	-205.468098	-43.714863	-14.677990	-0.866025	-0.000000	-0.500000	-0.329673	0.751840	0.571010	0.375920	0.659346	-0.651112
1148	-205.707437	-43.659220	-14.763443	-0.866025	-0.000000	-0.500000	-0.304381	0.793353	0.527203	0.396677	0.608761	-0.687064
1149	-205.944907	-43.600710	-14.852132	-0.866025	-0.000000	-0.500000	-0.277785	0.831470	0.481138	0.415735	0.555570	-0.720074
1150	-206.180419	-43.539582	-14.944214	-0.866025	-0.000000	-0.500000	-0.250000	0.866025	0.433013	0.433013	0.500000	-0.750000
1151	-206.413892	-43.476100	-15.039828	-0.866025	-0.000000	-0.500000	-0.221144	0.896873	0.383033	0.448436	0.442289	-0.776715
1152	-206.645252	-43.410534	-15.139100	-0.866025	-0.000000	-0.500000	-0.191342	0.923880	0.331414	0.461940	0.382683	-0.800103
1153	-206.874436	-43.343166	-15.242141	-0.866025	-0.000000	-0.500000	-0.160720	0.946930	0.278375	0.473465	0.321439	-0.820066
1154	-207.101390	-43.274283	-15.349046	-0.866025	-0.000000	-0.500000	-0.129410	0.965926	0.224144	0.482963	0.258819	-0.836516
1155	-207.326069	-43.204182	-15.459890	-0.866025	-0.000000	-0.500000	-0.097545	0.980785	0.168953	0.490393	0.195090	-0.849385
1156	-207.548438	-43.133161	-15.574735	-0.866025	-0.000000	-0.500000	-0.065263	0.991445	0.113039	0.495722	0.130526	-0.858616
1157	-207.768472	-43.061526	-15.693625	-0.866025	-0.000000	-0.500000	-0.032702	0.997859	0.056641	0.498929	0.065403	-0.864171
1158	-207.986156	-42.989582	-15.816586	-0.866025	-0.000000	-0.500000	-0.000000	1.000000	-0.000000	0.500000	0.000000	-0.866025
1159	-208.201485	-42.917639	-15.943625	-0.866025	-0.000000	-0.500000	0.032702	0.997859	-0.056641	0.498929	-0.065403	-0.864171
1160	-208.414464	-42.846004	-16.074735	-0.866025	-0.000000	-0.500000	0.065263	0.991445	-0.113039	0.495722	-0.130526	-0.858616
1161	-208.625107	-42.774983	-16.209890	-0.866025	-0.000000	-0.500000	0.097545	0.980785	-0.168953	0.490393	-0.195090	-0.849385
1162	-208.833441	-42.704881	-16.349046	-0.866025	-0.000000	-0.500000	0.129410	0.965926	-0.224144	0.482963	-0.258819	-0.836516
1163	-209.039500	-42.635999	-16.492141	-0.866025	-0.000000	-0.500000	0.160720	0.946930	-0.278375	0.473465	-0.321439	-0.820066
1164	-209.243328	-42.568631	-16.639100	-0.866025	-0.000000	-0.500000	0.191342	0.923880	-0.331414	0.461940	-0.382683	-0.800103
1165	-209.444981	-42.503065	-16.789828	-0.866025	-0.000000	-0.500000	0.221144	0.896873	-0.383033	0.448436	-0.442289	-0.776715
1166	-209.644521	-42.439582	-16.944214	-0.866025	-0.000000	-0.500000	0.250000	0.866025	-0.433013	0.433013	-0.500000	-0.750000
1167	-209.842022	-42.378455	-17.102132	-0.866025	-0.000000	-0.500000	0.277785	0.831470	-0.481138	0.415735	-0.555570	-0.720074
1168	-210.037564	-42.319945	-17.263443	-0.866025	-0.000000	-0.500000	0.304381	0.793353	-0.527203	0.396677	-0.608761	-0.687064
1169	-210.231238	-42.264302	-17.427990	-0.866025	-0.000000	-0.500000	0.329673	0.751840	-0.571010	0.375920	-0.659346	-0.651112
1170	-210.423141	-42.211765	-17.595604	-0.866025	-0.000000	-0.500000	0.353553	0.707107	-0.612372	0.353553	-0.707107	-0.612372
1171	-210.613379	-42.162559	-17.766102	-0.866025	-0.000000	-0.500000	0.375920	0.659346	-0.651112	0.329673	-0.751840	-0.571010
1172	-210.802064	-42.116894	-17.939290	-0.866025	-0.000000	-0.500000	0.396677	0.608761	-0.687064	0.304381	-0.793353	-0.527203
1173	-210.989315	-42.074966	-18.114962	-0.866025	-0.000000	-0.500000	0.415735	0.555570	-0.720074	0.277785	-0.831470	-0.481138
1174	-211.175258	-42.036954	-18.292900	-0.866025	-0.000000	-0.500000	0.433013	0.500000	-0.750000	0.250000	-0.866025	-0.433013
1175	-211.360023	-42.003022	-18.472877	-0.866025	-0.000000	-0.500000	0.448436	0.442289	-0.776715	0.221144	-0.896873	-0.383033
1176	-211.543746	-41.973315	-18.654659	-0.866025	-0.000000	-0.500000	0.461940	0.382683	-0.800103	0.191342	-0.923880	-0.331414
1177	-211.726569	-41.947959	-18.838001	-0.866025	-0.000000	-0.500000	0.473465	0.321439	-0.820066	0.160720	-0.946930	-0.278375
1178	-211.908634	-41.927064	-19.022655	-0.866025	-0.000000	-0.500000	0.482963	0.258819	-0.836516	0.129410	-0.965926	-0.224144
1179	-212.090089	-41.910719	-19.208365	-0.866025	-0.000000	-0.500000	0.490393	0.195090	-0.849385	0.097545	-0.980785	-0.168953
1180	-212.271085	-41.898993	-19.394871	-0.866025	-0.000000	-0.500000	0.495722	0.130526	-0.858616	0.065263	-0.991445	-0.113039
1181	-212.451774	-41.891938	-19.581909	-0.866025	-0.000000	-0.500000	0.498929	0.065403	-0.864171	0.032702	-0.997859	-0.056641
1182	-212.632309	-41.889582	-19.769214	-0.866025	-0.000000	-0.500000	0.500000	0.000000	-0.866025	0.000000	-1.000000	0.000000
1183	-212.836361	-41.889668	-19.887023	-0.865958	0.012466	-0.499961	0.500000	0.000000	-0.866025	-0.010796	-0.999922	-0.006233
1184	-213.040399	-41.886816	-20.004825	-0.865756	0.024931	-0.499845	0.500000	0.000000	-0.866025	-0.021591	-0.999689	-0.012465
1185	-213.244390	-41.881027	-20.122599	-0.865420	0.037391	-0.499650	0.500000	0.000000	-0.866025	-0.032382	-0.999301	-0.018696
1186	-213.448303	-41.872303	-20.240328	-0.864949	0.049846	-0.499378	0.500000	0.000000	-0.866025	-0.043168	-0.998757	-0.024923
1187	-213.652106	-41.860643	-20.357994	-0.864344	0.062293	-0.499029	0.500000	0.000000	-0.866025	-0.053947	-0.998058	-0.031146
1188	-213.855767	-41.846051	-20.475578	-0.863604	0.074730	-0.498602	0.500000	0.000000	-0.866025	-0.064718	-0.997204	-0.037365
1189	-214.059255	-41.828529	-20.593061	-0.862730	0.087156	-0.498097	0.500000	0.000000	-0.866025	-0.075479	-0.996195	-0.043578
1190	-214.262537	-41.808078	-20.710427	-0.861722	0.099568	-0.497515	0.500000	0.000000	-0.866025	-0.086228	-0.995031	-0.049784
1191	-214.465584	-41.784703	-20.827655	-0.860580	0.111964	-0.496856	0.500000	0.000000	-0.866025	-0.096964	-0.993712	-0.055982
1192	-214.668362	-41.758407	-20.944729	-0.859304	0.124344	-0.496120	0.500000	0.000000	-0.866025	-0.107685	-0.992239	-0.062172
1193	-214.870840	-41.729194	-21.061630	-0.857895	0.136704	-0.495306	0.500000	0.000000	-0.866025	-0.118389	-0.990612	-0.068352
1194	-215.072987	-41.697068	-21.178340	-0.856353	0.149042	-0.494415	0.500000	0.000000	-0.866025	-0.129074	-0.988831	-0.074521
1195	-215.274772	-41.662036	-21.294840	-0.854677	0.161358	-0.493448	0.500000	0.000000	-0.866025	-0.139740	-0.986896	-0.080679
1196	-215.476163	-41.624101	-21.411113	-0.852869	0.173648	-0.492404	0.500000	0.000000	-0.866025	-0.150384	-0.984808	-0.086824
1197	-215.677128	-41.583270	-21.527141	-0.850928	0.185912	-0.491283	0.500000	0.000000	-0.866025	-0.161004	-0.982566	-0.092956
1198	-215.877637	-41.539550	-21.642905	-0.848854	0.198146	-0.490086	0.500000	0.000000	-0.866025	-0.171600	-0.980172	-0.099073
1199	-216.077659	-41.492946	-21.758387	-0.846649	0.210350	-0.488813	0.500000	0.000000	-0.866025	-0.182168	-0.977626	-0.105175
1200	-216.277162	-41.443467	-21.873570	-0.844312	0.222521	-0.487464	0.500000	0.000000	-0.866025	-0.192709	-0.974928	-0.111260
1201	-216.476115	-41.391120	-21.988436	-0.841844	0.234657	-0.486039	0.500000	0.000000	-0.866025	-0.203219	-0.972078	-0.117329
1202	-216.674487	-41.335913	-22.102967	-0.839246	0.246757	-0.484539	0.500000	0.000000	-0.866025	-0.213698	-0.969077	-0.123379
1203	-216.872249	-41.277855	-22.217144	-0.836516	0.258819	-0.482963	0.500000	0.000000	-0.866025	-0.224144	-0.965926	-0.129410
1204	-217.069368	-41.216955	-22.330951	-0.833657	0.270840	-0.481312	0.500000	0.000000	-0.866025	-0.234555	-0.962624	-0.135420
1205	-217.265814	-41.153222	-22.444369	-0.830668	0.282820	-0.479587	0.500000	0.000000	-0.866025	-0.244929	-0.959173	-0.141410
1206	-217.461557	-41.086666	-22.557381	-0.827550	0.294755	-0.477786	0.500000	0.000000	-0.866025	-0.255265	-0.955573	-0.147378
1207	-217.656566	-41.017297	-22.669970	-0.824304	0.306645	-0.475912	0.500000	0.000000	-0.866025	-0.265562	-0.951824	-0.153322
1208	-217.850811	-40.945127	-22.782117	-0.820929	0.318487	-0.473964	0.500000	0.000000	-0.866025	-0.275818	-0.947927	-0.159243
1209	-218.044261	-40.870167	-22.893806	-0.817427	0.330279	-0.471942	0.500000	0.000000	-0.866025	-0.286030	-0.943883	-0.165140
1210	-218.236888	-40.792427	-23.005019	-0.813798	0.342020	-0.469846	0.500000	0.000000	-0.866025	-0.296198	-0.939693	-0.171010
1211	-218.428660	-40.711921	-23.115738	-0.810042	0.353708	-0.467678	0.500000	0.000000	-0.866025	-0.306320	-0.935356	-0.176854
1212	-218.619548	-40.628660	-23.225948	-0.806160	0.365341	-0.465437	0.500000	0.000000	-0.866025	-0.316395	-0.930874	-0.182671
1213	-218.809522	-40.542658	-23.335630	-0.802153	0.376917	-0.463123	0.500000	0.000000	-0.866025	-0.326420	-0.926247	-0.188459
1214	-218.998554	-40.453928	-23.444767	-0.798022	0.388435	-0.460738	0.500000	0.000000	-0.866025	-0.336394	-0.921476	-0.194217
1215	-219.186612	-40.362484	-23.553342	-0.793766	0.399892	-0.458281	0.500000	0.000000	-0.866025	-0.346317	-0.916562	-0.199946
1216	-219.373669	-40.268340	-23.661340	-0.789387	0.411287	-0.455753	0.500000	0.000000	-0.866025	-0.356185	-0.911506	-0.205644
1217	-219.559694	-40.171510	-23.768742	-0.784886	0.422618	-0.453154	0.500000	0.000000	-0.866025	-0.365998	-0.906308	-0.211309
1218	-219.744660	-40.072010	-23.875532	-0.780262	0.433884	-0.450484	0.500000	0.000000	-0.866025	-0.375754	-0.900969	-0.216942
1219	-219.928538	-39.969856	-23.981693	-0.775517	0.445082	-0.447745	0.500000	0.000000	-0.866025	-0.385452	-0.895490	-0.222541
1220	-220.111298	-39.865062	-24.087210	-0.770652	0.456211	-0.444936	0.500000	0.000000	-0.866025	-0.395090	-0.889872	-0.228105
1221	-220.292912	-39.757646	-24.192065	-0.765666	0.467269	-0.442058	0.500000	0.000000	-0.866025	-0.404667	-0.884115	-0.233634
1222	-220.473353	-39.647624	-24.296243	-0.760562	0.478254	-0.439111	0.500000	0.000000	-0.866025	-0.414180	-0.878222	-0.239127
1223	-220.652592	-39.535013	-24.399726	-0.755340	0.489165	-0.436096	0.500000	0.000000	-0.866025	-0.423629	-0.872191	-0.244583
1224	-220.830601	-39.419830	-24.502500	-0.750000	0.500000	-0.433013	0.500000	0.000000	-0.866025	-0.433013	-0.866025	-0.250000
1225	-221.007353	-39.302094	-24.604548	-0.744544	0.510757	-0.429862	0.500000	0.000000	-0.866025	-0.442329	-0.859725	-0.255379
1226	-221.182820	-39.181823	-24.705854	-0.738972	0.521435	-0.426645	0.500000	0.000000	-0.866025	-0.451576	-0.853291	-0.260718
1227	-221.356975	-39.059036	-24.806402	-0.733285	0.532032	-0.423362	0.500000	0.000000	-0.866025	-0.460753	-0.846724	-0.266016
1228	-221.529791	-38.933751	-24.906177	-0.727484	0.542546	-0.420013	0.500000	0.000000	-0.866025	-0.469859	-0.840026	-0.271273
1229	-221.701240	-38.805988	-25.005164	-0.721570	0.552976	-0.416599	0.500000	0.000000	-0.866025	-0.478891	-0.833197	-0.276488
1230	-221.871298	-38.675767	-25.103346	-0.715544	0.563320	-0.413119	0.500000	0.000000	-0.866025	-0.487849	-0.826239	-0.281660
1231	-222.039936	-38.543109	-25.200709	-0.709406	0.573576	-0.409576	0.500000	0.000000	-0.866025	-0.496732	-0.819152	-0.286788
1232	-222.207128	-38.408033	-25.297238	-0.703159	0.583744	-0.405969	0.500000	0.000000	-0.866025	-0.505537	-0.811938	-0.291872
1233	-222.372850	-38.270560	-25.392917	-0.696802	0.593820	-0.402299	0.500000	0.000000	-0.866025	-0.514263	-0.804598	-0.296910
1234	-222.537074	-38.130713	-25.487732	-0.690337	0.603804	-0.398566	0.500000	0.000000	-0.866025	-0.522910	-0.797133	-0.301902
1235	-222.699776	-37.988513	-25.581668	-0.683765	0.613695	-0.394772	0.500000	0.000000	-0.866025	-0.531475	-0.789543	-0.306847
1236	-222.860930	-37.843982	-25.674711	-0.677086	0.623490	-0.390916	0.500000	0.000000	-0.866025	-0.539958	-0.781831	-0.311745
1237	-223.020511	-37.697142	-25.766845	-0.670302	0.633188	-0.386999	0.500000	0.000000	-0.866025	-0.548357	-0.773998	-0.316594
1238	-223.178494	-37.548017	-25.858056	-0.663414	0.642788	-0.383022	0.500000	0.000000	-0.866025	-0.556670	-0.766044	-0.321394
1239	-223.334855	-37.396629	-25.948332	-0.656423	0.652287	-0.378986	0.500000	0.000000	-0.866025	-0.564897	-0.757972	-0.326144
1240	-223.489569	-37.243002	-26.037656	-0.649330	0.661686	-0.374891	0.500000	0.000000	-0.866025	-0.573037	-0.749781	-0.330843
1241	-223.642613	-37.087160	-26.126016	-0.642135	0.670981	-0.370737	0.500000	0.000000	-0.866025	-0.581087	-0.741474	-0.335491
1242	-223.793963	-36.929127	-26.213398	-0.634842	0.680173	-0.366526	0.500000	0.000000	-0.866025	-0.589047	-0.733052	-0.340086
1243	-223.943594	-36.768927	-26.299787	-0.627449	0.689258	-0.362258	0.500000	0.000000	-0.866025	-0.596915	-0.724516	-0.344629
1244	-224.091485	-36.606586	-26.385172	-0.619959	0.698237	-0.357933	0.500000	0.000000	-0.866025	-0.604691	-0.715867	-0.349118
1245	-224.237611	-36.442129	-26.469538	-0.612372	0.707107	-0.353553	0.500000	0.000000	-0.866025	-0.612372	-0.707107	-0.353553
1246	-224.381951	-36.275581	-26.552872	-0.604691	0.715867	-0.349118	0.500000	0.000000	-0.866025	-0.619959	-0.698237	-0.357933
1247	-224.524481	-36.106968	-26.635162	-0.596915	0.724516	-0.344629	0.500000	0.000000	-0.866025	-0.627449	-0.689258	-0.362258
1248	-224.665179	-35.936317	-26.716395	-0.589047	0.733052	-0.340086	0.500000	0.000000	-0.866025	-0.634842	-0.680173	-0.366526
1249	-224.804025	-35.763653	-26.796557	-0.581087	0.741474	-0.335491	0.500000	0.000000	-0.866025	-0.642135	-0.670981	-0.370737
1250	-224.940995	-35.589005	-26.875637	-0.573037	0.749781	-0.330843	0.500000	0.000000	-0.866025	-0.649330	-0.661686	-0.374891
1251	-225.076070	-35.412398	-26.953622	-0.564897	0.757972	-0.326144	0.500000	0.000000	-0.866025	-0.656423	-0.652287	-0.378986
1252	-225.209227	-35.233861	-27.030501	-0.556670	0.766044	-0.321394	0.500000	0.000000	-0.866025	-0.663414	-0.642788	-0.383022
1253	-225.340446	-35.053420	-27.106260	-0.548357	0.773998	-0.316594	0.500000	0.000000	-0.866025	-0.670302	-0.633188	-0.386999
1254	-225.469707	-34.871105	-27.180889	-0.539958	0.781831	-0.311745	0.500000	0.000000	-0.866025	-0.677086	-0.623490	-0.390916
1255	-225.596990	-34.686944	-27.254376	-0.531475	0.789543	-0.306847	0.500000	0.000000	-0.866025	-0.683765	-0.613695	-0.394772
1256	-225.722274	-34.500964	-27.326709	-0.522910	0.797133	-0.301902	0.500000	0.000000	-0.866025	-0.690337	-0.603804	-0.398566
1257	-225.845541	-34.313195	-27.397877	-0.514263	0.804598	-0.296910	0.500000	0.000000	-0.866025	-0.696802	-0.593820	-0.402299
1258	-225.966771	-34.123667	-27.467869	-0.505537	0.811938	-0.291872	0.500000	0.000000	-0.866025	-0.703159	-0.583744	-0.405969
1259	-226.085946	-33.932408	-27.536675	-0.496732	0.819152	-0.286788	0.500000	0.000000	-0.866025	-0.709406	-0.573576	-0.409576
1260	-226.203046	-33.739449	-27.604283	-0.487849	0.826239	-0.281660	0.500000	0.000000	-0.866025	-0.715544	-0.563320	-0.413119
1261	-226.318055	-33.544819	-27.670683	-0.478891	0.833197	-0.276488	0.500000	0.000000	-0.866025	-0.721570	-0.552976	-0.416599
1262	-226.430953	-33.348548	-27.735864	-0.469859	0.840026	-0.271273	0.500000	0.000000	-0.866025	-0.727484	-0.542546	-0.420013
1263	-226.541723	-33.150668	-27.799818	-0.460753	0.846724	-0.266016	0.500000	0.000000	-0.866025	-0.733285	-0.532032	-0.423362
1264	-226.650348	-32.951208	-27.862532	-0.451576	0.853291	-0.260718	0.500000	0.000000	-0.866025	-0.738972	-0.521435	-0.426645
1265	-226.756812	-32.750201	-27.923999	-0.442329	0.859725	-0.255379	0.500000	0.000000	-0.866025	-0.744544	-0.510757	-0.429862
1266	-226.861097	-32.547676	-27.984208	-0.433013	0.866025	-0.250000	0.500000	0.000000	-0.866025	-0.750000	-0.500000	-0.433013
1267	-226.963187	-32.343666	-28.043150	-0.423629	0.872191	-0.244583	0.500000	0.000000	-0.866025	-0.755340	-0.489165	-0.436096
1268	-227.063067	-32.138202	-28.100816	-0.414180	0.878222	-0.239127	0.500000	0.000000	-0.866025	-0.760562	-0.478254	-0.439111
1269	-227.160721	-31.931317	-28.157196	-0.404667	0.884115	-0.233634	0.500000	0.000000	-0.866025	-0.765666	-0.467269	-0.442058
1270	-227.256134	-31.723042	-28.212283	-0.395090	0.889872	-0.228105	0.500000	0.000000	-0.866025	-0.770652	-0.456211	-0.444936
1271	-227.349291	-31.513409	-28.266067	-0.385452	0.895490	-0.222541	0.500000	0.000000	-0.866025	-0.775517	-0.445082	-0.447745
1272	-227.440177	-31.302452	-28.318540	-0.375754	0.900969	-0.216942	0.500000	0.000000	-0.866025	-0.780262	-0.433884	-0.450484
1273	-227.528779	-31.090203	-28.369695	-0.365998	0.906308	-0.211309	0.500000	0.000000	-0.866025	-0.784886	-0.422618	-0.453154
1274	-227.615083	-30.876695	-28.419522	-0.356185	0.911506	-0.205644	0.500000	0.000000	-0.866025	-0.789387	-0.411287	-0.455753
1275	-227.699074	-30.661962	-28.468015	-0.346317	0.916562	-0.199946	0.500000	0.000000	-0.866025	-0.793766	-0.399892	-0.458281
1276	-227.780741	-30.446036	-28.515165	-0.336394	0.921476	-0.194217	0.500000	0.000000	-0.866025	-0.798022	-0.388435	-0.460738
1277	-227.860071	-30.228951	-28.560966	-0.326420	0.926247	-0.188459	0.500000	0.000000	-0.866025	-0.802153	-0.376917	-0.463123
1278	-227.937050	-30.010741	-28.605410	-0.316395	0.930874	-0.182671	0.500000	0.000000	-0.866025	-0.806160	-0.365341	-0.465437
1279	-228.011668	-29.791440	-28.648491	-0.306320	0.935356	-0.176854	0.500000	0.000000	-0.866025	-0.810042	-0.353708	-0.467678
1280	-228.083912	-29.571082	-28.690201	-0.296198	0.939693	-0.171010	0.500000	0.000000	-0.866025	-0.813798	-0.342020	-0.469846
1281	-228.153772	-29.349701	-28.730535	-0.286030	0.943883	-0.165140	0.500000	0.000000	-0.866025	-0.817427	-0.330279	-0.471942
1282	-228.221236	-29.127331	-28.769485	-0.275818	0.947927	-0.159243	0.500000	0.000000	-0.866025	-0.820929	-0.318487	-0.473964
1283	-228.286295	-28.904008	-28.807046	-0.265562	0.951824	-0.153322	0.500000	0.000000	-0.866025	-0.824304	-0.306645	-0.475912
1284	-228.348937	-28.679766	-28.843213	-0.255265	0.955573	-0.147378	0.500000	0.000000	-0.866025	-0.827550	-0.294755	-0.477786
1285	-228.409153	-28.454639	-28.877979	-0.244929	0.959173	-0.141410	0.500000	0.000000	-0.866025	-0.830668	-0.282820	-0.479587
1286	-228.466934	-28.228663	-28.911339	-0.234555	0.962624	-0.135420	0.500000	0.000000	-0.866025	-0.833657	-0.270840	-0.481312
1287	-228.522271	-28.001873	-28.943288	-0.224144	0.965926	-0.129410	0.500000	0.000000	-0.866025	-0.836516	-0.258819	-0.482963
1288	-228.575155	-27.774304	-28.973820	-0.213698	0.969077	-0.123379	0.500000	0.000000	-0.866025	-0.839246	-0.246757	-0.484539
1289	-228.625579	-27.545991	-29.002932	-0.203219	0.972078	-0.117329	0.500000	0.000000	-0.866025	-0.841844	-0.234657	-0.486039
1290	-228.673533	-27.316970	-29.030619	-0.192709	0.974928	-0.111260	0.500000	0.000000	-0.866025	-0.844312	-0.222521	-0.487464
1291	-228.719011	-27.087277	-29.056876	-0.182168	0.977626	-0.105175	0.500000	0.000000	-0.866025	-0.846649	-0.210350	-0.488813
1292	-228.762006	-26.856947	-29.081699	-0.171600	0.980172	-0.099073	0.500000	0.000000	-0.866025	-0.848854	-0.198146	-0.490086
1293	-228.802511	-26.626016	-29.105084	-0.161004	0.982566	-0.092956	0.500000	0.000000	-0.866025	-0.850928	-0.185912	-0.491283
1294	-228.840520	-26.394519	-29.127028	-0.150384	0.984808	-0.086824	0.500000	0.000000	-0.866025	-0.852869	-0.173648	-0.492404
1295	-228.876026	-26.162494	-29.147528	-0.139740	0.986896	-0.080679	0.500000	0.000000	-0.866025	-0.854677	-0.161358	-0.493448
1296	-228.909024	-25.929976	-29.166580	-0.129074	0.988831	-0.074521	0.500000	0.000000	-0.866025	-0.856353	-0.149042	-0.494415
1297	-228.939510	-25.697000	-29.184181	-0.118389	0.990612	-0.068352	0.500000	0.000000	-0.866025	-0.857895	-0.136704	-0.495306
1298	-228.967478	-25.463604	-29.200328	-0.107685	0.992239	-0.062172	0.500000	0.000000	-0.866025	-0.859304	-0.124344	-0.496120
1299	-228.992924	-25.229823	-29.215019	-0.096964	0.993712	-0.055982	0.500000	0.000000	-0.866025	-0.860580	-0.111964	-0.496856
1300	-229.015844	-24.995695	-29.228252	-0.086228	0.995031	-0.049784	0.500000	0.000000	-0.866025	-0.861722	-0.099568	-0.497515
1301	-229.036235	-24.761254	-29.240025	-0.075479	0.996195	-0.043578	0.500000	0.000000	-0.866025	-0.862730	-0.087156	-0.498097
1302	-229.054093	-24.526539	-29.250335	-0.064718	0.997204	-0.037365	0.500000	0.000000	-0.866025	-0.863604	-0.074730	-0.498602
1303	-229.069416	-24.291584	-29.259182	-0.053947	0.998058	-0.031146	0.500000	0.000000	-0.866025	-0.864344	-0.062293	-0.499029
1304	-229.082201	-24.056427	-29.266563	-0.043168	0.998757	-0.024923	0.500000	0.000000	-0.866025	-0.864949	-0.049846	-0.499378
1305	-229.092446	-23.821104	-29.272478	-0.032382	0.999301	-0.018696	0.500000	0.000000	-0.866025	-0.865420	-0.037391	-0.499650
1306	-229.100150	-23.585653	-29.276926	-0.021591	0.999689	-0.012465	0.500000	0.000000	-0.866025	-0.865756	-0.024931	-0.499845
1307	-229.105311	-23.350108	-29.279906	-0.010796	0.999922	-0.006233	0.500000	0.000000	-0.866025	-0.865958	-0.012466	-0.499961
1308	-229.107929	-23.114508	-29.281417	-0.000000	1.000000	0.000000	0.500000	0.000000	-0.866025	-0.866025	-0.000000	-0.500000
1309	-229.108003	-22.878888	-29.281460	0.010796	0.999922	0.006233	0.500000	0.000000	-0.866025	-0.865958	0.012466	-0.499961
1310	-229.105533	-22.643285	-29.280034	0.021591	0.999689	0.012465	0.500000	0.000000	-0.866025	-0.865756	0.024931	-0.499845
1311	-229.100520	-22.407737	-29.277140	0.032382	0.999301	0.018696	0.500000	0.000000	-0.866025	-0.865420	0.037391	-0.499650
1312	-229.092964	-22.172278	-29.272777	0.043168	0.998757	0.024923	0.500000	0.000000	-0.866025	-0.864949	0.049846	-0.499378
1313	-229.082867	-21.936947	-29.266948	0.053947	0.998058	0.031146	0.500000	0.000000	-0.866025	-0.864344	0.062293	-0.499029
1314	-229.070230	-21.701780	-29.259652	0.064718	0.997204	0.037365	0.500000	0.000000	-0.866025	-0.863604	0.074730	-0.498602
1315	-229.055055	-21.466812	-29.250890	0.075479	0.996195	0.043578	0.500000	0.000000	-0.866025	-0.862730	0.087156	-0.498097
1316	-229.037344	-21.232082	-29.240665	0.086228	0.995031	0.049784	0.500000	0.000000	-0.866025	-0.861722	0.099568	-0.497515
1317	-229.017101	-20.997624	-29.228978	0.096964	0.993712	0.055982	0.500000	0.000000	-0.866025	-0.860580	0.111964	-0.496856
1318	-228.994327	-20.763476	-29.215829	0.107685	0.992239	0.062172	0.500000	0.000000	-0.866025	-0.859304	0.124344	-0.496120
1319	-228.969028	-20.529675	-29.201223	0.118389	0.990612	0.068352	0.500000	0.000000	-0.866025	-0.857895	0.136704	-0.495306
1320	-228.941207	-20.296255	-29.185160	0.129074	0.988831	0.074521	0.500000	0.000000	-0.866025	-0.856353	0.149042	-0.494415
1321	-228.910868	-20.063254	-29.167644	0.139740	0.986896	0.080679	0.500000	0.000000	-0.866025	-0.854677	0.161358	-0.493448
1322	-228.878015	-19.830708	-29.148677	0.150384	0.984808	0.086824	0.500000	0.000000	-0.866025	-0.852869	0.173648	-0.492404
1323	-228.842655	-19.598653	-29.128261	0.161004	0.982566	0.092956	0.500000	0.000000	-0.866025	-0.850928	0.185912	-0.491283
1324	-228.804792	-19.367125	-29.106401	0.171600	0.980172	0.099073	0.500000	0.000000	-0.866025	-0.848854	0.198146	-0.490086
1325	-228.764432	-19.136160	-29.083099	0.182168	0.977626	0.105175	0.500000	0.000000	-0.866025	-0.846649	0.210350	-0.488813
1326	-228.721582	-18.905794	-29.058360	0.192709	0.974928	0.111260	0.500000	0.000000	-0.866025	-0.844312	0.222521	-0.487464
1327	-228.676248	-18.676063	-29.032186	0.203219	0.972078	0.117329	0.500000	0.000000	-0.866025	-0.841844	0.234657	-0.486039
1328	-228.628437	-18.447002	-29.004583	0.213698	0.969077	0.123379	0.500000	0.000000	-0.866025	-0.839246	0.246757	-0.484539
1329	-228.578158	-18.218647	-28.975554	0.224144	0.965926	0.129410	0.500000	0.000000	-0.866025	-0.836516	0.258819	-0.482963
1330	-228.525416	-17.991034	-28.945104	0.234555	0.962624	0.135420	0.500000	0.000000	-0.866025	-0.833657	0.270840	-0.481312
1331	-228.470222	-17.764197	-28.913237	0.244929	0.959173	0.141410	0.500000	0.000000	-0.866025	-0.830668	0.282820	-0.479587
1332	-228.412583	-17.538173	-28.879959	0.255265	0.955573	0.147378	0.500000	0.000000	-0.866025	-0.827550	0.294755	-0.477786
1333	-228.352508	-17.312996	-28.845275	0.265562	0.951824	0.153322	0.500000	0.000000	-0.866025	-0.824304	0.306645	-0.475912
1334	-228.290007	-17.088701	-28.809190	0.275818	0.947927	0.159243	0.500000	0.000000	-0.866025	-0.820929	0.318487	-0.473964
1335	-228.225089	-16.865323	-28.771709	0.286030	0.943883	0.165140	0.500000	0.000000	-0.866025	-0.817427	0.330279	-0.471942
1336	-228.157764	-16.642897	-28.732840	0.296198	0.939693	0.171010	0.500000	0.000000	-0.866025	-0.813798	0.342020	-0.469846
1337	-228.088044	-16.421458	-28.692586	0.306320	0.935356	0.176854	0.500000	0.000000	-0.866025	-0.810042	0.353708	-0.467678
1338	-228.015938	-16.201039	-28.650956	0.316395	0.930874	0.182671	0.500000	0.000000	-0.866025	-0.806160	0.365341	-0.465437
1339	-227.941458	-15.981676	-28.607955	0.326420	0.926247	0.188459	0.500000	0.000000	-0.866025	-0.802153	0.376917	-0.463123
1340	-227.864616	-15.763401	-28.563590	0.336394	0.921476	0.194217	0.500000	0.000000	-0.866025	-0.798022	0.388435	-0.460738
1341	-227.785423	-15.546250	-28.517868	0.346317	0.916562	0.199946	0.500000	0.000000	-0.866025	-0.793766	0.399892	-0.458281
1342	-227.703891	-15.330256	-28.470796	0.356185	0.911506	0.205644	0.500000	0.000000	-0.866025	-0.789387	0.411287	-0.455753
1343	-227.620035	-15.115452	-28.422381	0.365998	0.906308	0.211309	0.500000	0.000000	-0.866025	-0.784886	0.422618	-0.453154
1344	-227.533865	-14.901872	-28.372631	0.375754	0.900969	0.216942	0.500000	0.000000	-0.866025	-0.780262	0.433884	-0.450484
1345	-227.445397	-14.689548	-28.321554	0.385452	0.895490	0.222541	0.500000	0.000000	-0.866025	-0.775517	0.445082	-0.447745
1346	-227.354643	-14.478515	-28.269157	0.395090	0.889872	0.228105	0.500000	0.000000	-0.866025	-0.770652	0.456211	-0.444936
1347	-227.261618	-14.268805	-28.215449	0.404667	0.884115	0.233634	0.500000	0.000000	-0.866025	-0.765666	0.467269	-0.442058
1348	-227.166336	-14.060450	-28.160438	0.414180	0.878222	0.239127	0.500000	0.000000	-0.866025	-0.760562	0.478254	-0.439111
1349	-227.068812	-13.853482	-28.104132	0.423629	0.872191	0.244583	0.500000	0.000000	-0.866025	-0.755340	0.489165	-0.436096
1350	-226.969061	-13.647935	-28.046541	0.433013	0.866025	0.250000	0.500000	0.000000	-0.866025	-0.750000	0.500000	-0.433013
1351	-226.867099	-13.443840	-27.987673	0.442329	0.859725	0.255379	0.500000	0.000000	-0.866025	-0.744544	0.510757	-0.429862
1352	-226.762941	-13.241228	-27.927538	0.451576	0.853291	0.260718	0.500000	0.000000	-0.866025	-0.738972	0.521435	-0.426645
1353	-226.656604	-13.040131	-27.866144	0.460753	0.846724	0.266016	0.500000	0.000000	-0.866025	-0.733285	0.532032	-0.423362
1354	-226.548104	-12.840581	-27.803502	0.469859	0.840026	0.271273	0.500000	0.000000	-0.866025	-0.727484	0.542546	-0.420013
1355	-226.437458	-12.642607	-27.739620	0.478891	0.833197	0.276488	0.500000	0.000000	-0.866025	-0.721570	0.552976	-0.416599
1356	-226.324683	-12.446242	-27.674510	0.487849	0.826239	0.281660	0.500000	0.000000	-0.866025	-0.715544	0.563320	-0.413119
1357	-226.209797	-12.251516	-27.608180	0.496732	0.819152	0.286788	0.500000	0.000000	-0.866025	-0.709406	0.573576	-0.409576
1358	-226.092818	-12.058459	-27.540642	0.505537	0.811938	0.291872	0.500000	0.000000	-0.866025	-0.703159	0.583744	-0.405969
1359	-225.973764	-11.867100	-27.471906	0.514263	0.804598	0.296910	0.500000	0.000000	-0.866025	-0.696802	0.593820	-0.402299
1360	-225.852653	-11.677470	-27.401983	0.522910	0.797133	0.301902	0.500000	0.000000	-0.866025	-0.690337	0.603804	-0.398566
1361	-225.729504	-11.489598	-27.330883	0.531475	0.789543	0.306847	0.500000	0.000000	-0.866025	-0.683765	0.613695	-0.394772
1362	-225.604336	-11.303514	-27.258617	0.539958	0.781831	0.311745	0.500000	0.000000	-0.866025	-0.677086	0.623490	-0.390916
1363	-225.477169	-11.119245	-27.185197	0.548357	0.773998	0.316594	0.500000	0.000000	-0.866025	-0.670302	0.633188	-0.386999
1364	-225.348023	-10.936822	-27.110635	0.556670	0.766044	0.321394	0.500000	0.000000	-0.866025	-0.663414	0.642788	-0.383022
1365	-225.216917	-10.756272	-27.034941	0.564897	0.757972	0.326144	0.500000	0.000000	-0.866025	-0.656423	0.652287	-0.378986
1366	-225.083872	-10.577623	-26.958127	0.573037	0.749781	0.330843	0.500000	0.000000	-0.866025	-0.649330	0.661686	-0.374891
1367	-224.948909	-10.400903	-26.880206	0.581087	0.741474	0.335491	0.500000	0.000000	-0.866025	-0.642135	0.670981	-0.370737
1368	-224.812048	-10.226140	-26.801189	0.589047	0.733052	0.340086	0.500000	0.000000	-0.866025	-0.634842	0.680173	-0.366526
1369	-224.673311	-10.053360	-26.721090	0.596915	0.724516	0.344629	0.500000	0.000000	-0.866025	-0.627449	0.689258	-0.362258
1370	-224.532720	-9.882591	-26.639919	0.604691	0.715867	0.349118	0.500000	0.000000	-0.866025	-0.619959	0.698237	-0.357933
1371	-224.390296	-9.713859	-26.557690	0.612372	0.707107	0.353553	0.500000	0.000000	-0.866025	-0.612372	0.707107	-0.353553
1372	-224.246061	-9.547190	-26.474417	0.619959	0.698237	0.357933	0.500000	0.000000	-0.866025	-0.604691	0.715867	-0.349118
1373	-224.100038	-9.382610	-26.390110	0.627449	0.689258	0.362258	0.500000	0.000000	-0.866025	-0.596915	0.724516	-0.344629
1374	-223.952250	-9.220146	-26.304784	0.634842	0.680173	0.366526	0.500000	0.000000	-0.866025	-0.589047	0.733052	-0.340086
1375	-223.802719	-9.059821	-26.218453	0.642135	0.670981	0.370737	0.500000	0.000000	-0.866025	-0.581087	0.741474	-0.335491
1376	-223.651469	-8.901661	-26.131128	0.649330	0.661686	0.374891	0.500000	0.000000	-0.866025	-0.573037	0.749781	-0.330843
1377	-223.498523	-8.745690	-26.042825	0.656423	0.652287	0.378986	0.500000	0.000000	-0.866025	-0.564897	0.757972	-0.326144
1378	-223.343905	-8.591934	-25.953556	0.663414	0.642788	0.383022	0.500000	0.000000	-0.866025	-0.556670	0.766044	-0.321394
1379	-223.187639	-8.440415	-25.863336	0.670302	0.633188	0.386999	0.500000	0.000000	-0.866025	-0.548357	0.773998	-0.316594
1380	-223.029749	-8.291157	-25.772179	0.677086	0.623490	0.390916	0.500000	0.000000	-0.866025	-0.539958	0.781831	-0.311745
1381	-222.870261	-8.144184	-25.680098	0.683765	0.613695	0.394772	0.500000	0.000000	-0.866025	-0.531475	0.789543	-0.306847
1382	-222.709198	-7.999518	-25.587108	0.690337	0.603804	0.398566	0.500000	0.000000	-0.866025	-0.522910	0.797133	-0.301902
1383	-222.546585	-7.857181	-25.493224	0.696802	0.593820	0.402299	0.500000	0.000000	-0.866025	-0.514263	0.804598	-0.296910
1384	-222.382449	-7.717197	-25.398460	0.703159	0.583744	0.405969	0.500000	0.000000	-0.866025	-0.505537	0.811938	-0.291872
1385	-222.216814	-7.579586	-25.302830	0.709406	0.573576	0.409576	0.500000	0.000000	-0.866025	-0.496732	0.819152	-0.286788
1386	-222.049706	-7.444370	-25.206350	0.715544	0.563320	0.413119	0.500000	0.000000	-0.866025	-0.487849	0.826239	-0.281660
1387	-221.881151	-7.311570	-25.109035	0.721570	0.552976	0.416599	0.500000	0.000000	-0.866025	-0.478891	0.833197	-0.276488
1388	-221.711176	-7.181206	-25.010900	0.727484	0.542546	0.420013	0.500000	0.000000	-0.866025	-0.469859	0.840026	-0.271273
1389	-221.539807	-7.053300	-24.911960	0.733285	0.532032	0.423362	0.500000	0.000000	-0.866025	-0.460753	0.846724	-0.266016
1390	-221.367070	-6.927870	-24.812230	0.738972	0.521435	0.426645	0.500000	0.000000	-0.866025	-0.451576	0.853291	-0.260718
1391	-221.192992	-6.804937	-24.711726	0.744544	0.510757	0.429862	0.500000	0.000000	-0.866025	-0.442329	0.859725	-0.255379
1392	-221.017601	-6.684519	-24.610464	0.750000	0.500000	0.433013	0.500000	0.000000	-0.866025	-0.433013	0.866025	-0.250000
1393	-220.840923	-6.566635	-24.508459	0.755340	0.489165	0.436096	0.500000	0.000000	-0.866025	-0.423629	0.872191	-0.244583
1394	-220.662986	-6.451303	-24.405727	0.760562	0.478254	0.439111	0.500000	0.000000	-0.866025	-0.414180	0.878222	-0.239127
1395	-220.483818	-6.338542	-24.302284	0.765666	0.467269	0.442058	0.500000	0.000000	-0.866025	-0.404667	0.884115	-0.233634
1396	-220.303446	-6.228369	-24.198147	0.770652	0.456211	0.444936	0.500000	0.000000	-0.866025	-0.395090	0.889872	-0.228105
1397	-220.121899	-6.120800	-24.093331	0.775517	0.445082	0.447745	0.500000	0.000000	-0.866025	-0.385452	0.895490	-0.222541
1398	-219.939205	-6.015854	-23.987852	0.780262	0.433884	0.450484	0.500000	0.000000	-0.866025	-0.375754	0.900969	-0.216942
1399	-219.755392	-5.913545	-23.881728	0.784886	0.422618	0.453154	0.500000	0.000000	-0.866025	-0.365998	0.906308	-0.211309
1400	-219.570489	-5.813891	-23.774974	0.789387	0.411287	0.455753	0.500000	0.000000	-0.866025	-0.356185	0.911506	-0.205644
1401	-219.384524	-5.716905	-23.667607	0.793766	0.399892	0.458281	0.500000	0.000000	-0.866025	-0.346317	0.916562	-0.199946
1402	-219.197526	-5.622604	-23.559644	0.798022	0.388435	0.460738	0.500000	0.000000	-0.866025	-0.336394	0.921476	-0.194217
1403	-219.009526	-5.531003	-23.451101	0.802153	0.376917	0.463123	0.500000	0.000000	-0.866025	-0.326420	0.926247	-0.188459
1404	-218.820550	-5.442114	-23.341996	0.806160	0.365341	0.465437	0.500000	0.000000	-0.866025	-0.316395	0.930874	-0.182671
1405	-218.630630	-5.355953	-23.232346	0.810042	0.353708	0.467678	0.500000	0.000000	-0.866025	-0.306320	0.935356	-0.176854
1406	-218.439794	-5.272533	-23.122167	0.813798	0.342020	0.469846	0.500000	0.000000	-0.866025	-0.296198	0.939693	-0.171010
1407	-218.248073	-5.191866	-23.011476	0.817427	0.330279	0.471942	0.500000	0.000000	-0.866025	-0.286030	0.943883	-0.165140
1408	-218.055495	-5.113965	-22.900292	0.820929	0.318487	0.473964	0.500000	0.000000	-0.866025	-0.275818	0.947927	-0.159243
1409	-217.862092	-5.038842	-22.788630	0.824304	0.306645	0.475912	0.500000	0.000000	-0.866025	-0.265562	0.951824	-0.153322
1410	-217.667892	-4.966509	-22.676509	0.827550	0.294755	0.477786	0.500000	0.000000	-0.866025	-0.255265	0.955573	-0.147378
1411	-217.472926	-4.896977	-22.563946	0.830668	0.282820	0.479587	0.500000	0.000000	-0.866025	-0.244929	0.959173	-0.141410
1412	-217.277226	-4.830257	-22.450958	0.833657	0.270840	0.481312	0.500000	0.000000	-0.866025	-0.234555	0.962624	-0.135420
1413	-217.080819	-4.766359	-22.337562	0.836516	0.258819	0.482963	0.500000	0.000000	-0.866025	-0.224144	0.965926	-0.129410
1414	-216.883739	-4.705294	-22.223778	0.839246	0.246757	0.484539	0.500000	0.000000	-0.866025	-0.213698	0.969077	-0.123379
1415	-216.686014	-4.647070	-22.109622	0.841844	0.234657	0.486039	0.500000	0.000000	-0.866025	-0.203219	0.972078	-0.117329
1416	-216.487676	-4.591697	-21.995111	0.844312	0.222521	0.487464	0.500000	0.000000	-0.866025	-0.192709	0.974928	-0.111260
1417	-216.288756	-4.539184	-21.880264	0.846649	0.210350	0.488813	0.500000	0.000000	-0.866025	-0.182168	0.977626	-0.105175
1418	-216.089284	-4.489537	-21.765099	0.848854	0.198146	0.490086	0.500000	0.000000	-0.866025	-0.171600	0.980172	-0.099073
1419	-215.889292	-4.442766	-21.649634	0.850928	0.185912	0.491283	0.500000	0.000000	-0.866025	-0.161004	0.982566	-0.092956
1420	-215.688811	-4.398878	-21.533886	0.852869	0.173648	0.492404	0.500000	0.000000	-0.866025	-0.150384	0.984808	-0.086824
1421	-215.487871	-4.357879	-21.417873	0.854677	0.161358	0.493448	0.500000	0.000000	-0.866025	-0.139740	0.986896	-0.080679
1422	-215.286504	-4.319775	-21.301614	0.856353	0.149042	0.494415	0.500000	0.000000	-0.866025	-0.129074	0.988831	-0.074521
1423	-215.084741	-4.284574	-21.185126	0.857895	0.136704	0.495306	0.500000	0.000000	-0.866025	-0.118389	0.990612	-0.068352
1424	-214.882614	-4.252279	-21.068428	0.859304	0.124344	0.496120	0.500000	0.000000	-0.866025	-0.107685	0.992239	-0.062172
1425	-214.680154	-4.222896	-20.951538	0.860580	0.111964	0.496856	0.500000	0.000000	-0.866025	-0.096964	0.993712	-0.055982
1426	-214.477393	-4.196430	-20.834473	0.861722	0.099568	0.497515	0.500000	0.000000	-0.866025	-0.086228	0.995031	-0.049784
1427	-214.274362	-4.172885	-20.717253	0.862730	0.087156	0.498097	0.500000	0.000000	-0.866025	-0.075479	0.996195	-0.043578
1428	-214.071092	-4.152264	-20.599895	0.863604	0.074730	0.498602	0.500000	0.000000	-0.866025	-0.064718	0.997204	-0.037365
1429	-213.867615	-4.134571	-20.482418	0.864344	0.062293	0.499029	0.500000	0.000000	-0.866025	-0.053947	0.998058	-0.031146
1430	-213.663963	-4.119808	-20.364840	0.864949	0.049846	0.499378	0.500000	0.000000	-0.866025	-0.043168	0.998757	-0.024923
1431	-213.460168	-4.107978	-20.247178	0.865420	0.037391	0.499650	0.500000	0.000000	-0.866025	-0.032382	0.999301	-0.018696
1432	-213.256261	-4.099083	-20.129452	0.865756	0.024931	0.499845	0.500000	0.000000	-0.866025	-0.021591	0.999689	-0.012465
1433	-213.052273	-4.093123	-20.011680	0.865958	0.012466	0.499961	0.500000	0.000000	-0.866025	-0.010796	0.999922	-0.006233
1434	-212.848237	-4.090100	-19.893880	0.866025	-0.000000	0.500000	0.500000	0.000000	-0.866025	0.000000	1.000000	0.000000
1435	-212.631731	-4.090100	-19.768880	0.866025	-0.000000	0.500000	0.500000	0.000000	-0.866025	0.000000	1.000000	0.000000
1436	-212.415225	-4.090100	-19.643880	0.866025	-0.000000	0.500000	0.500000	0.000000	-0.866025	0.000000	1.000000	0.000000
1437	-212.198718	-4.090100	-19.518880	0.866025	-0.000000	0.500000	0.500000	0.000000	-0.866025	0.000000	1.000000	0.000000
1438	-211.982212	-4.090100	-19.393880	0.866025	-0.000000	0.500000	0.500000	0.000000	-0.866025	0.000000	1.000000	0.000000
1439	-211.765705	-4.090100	-19.268880	0.866025	-0.000000	0.500000	0.500000	0.000000	-0.866025	0.000000	1.000000	0.000000
1440	-211.549199	-4.090100	-19.143880	0.866025	-0.000000	0.500000	0.500000	0.000000	-0.866025	0.000000	1.000000	0.000000
1441	-211.332693	-4.090100	-19.018880	0.866025	-0.000000	0.500000	0.500000	0.000000	-0.866025	0.000000	1.000000	0.000000
1442	-211.116186	-4.090100	-18.893880	0.866025	-0.000000	0.500000	0.500000	0.000000	-0.866025	0.000000	1.000000	0.000000
1443	-210.899680	-4.090100	-18.768880	0.866025	-0.000000	0.500000	0.500000	0.000000	-0.866025	0.000000	1.000000	0.000000
1444	-210.683174	-4.090100	-18.643880	0.866025	-0.000000	0.500000	0.500000	0.000000	-0.866025	0.000000	1.000000	0.000000
1445	-210.466667	-4.090100	-18.518880	0.866025	-0.000000	0.500000	0.500000	0.000000	-0.866025	0.000000	1.000000	0.000000
1446	-210.250161	-4.090100	-18.393880	0.866025	-0.000000	0.500000	0.500000	0.000000	-0.866025	0.000000	1.000000	0.000000
1447	-210.033655	-4.090100	-18.268880	0.866025	-0.000000	0.500000	0.500000	0.000000	-0.866025	0.000000	1.000000	0.000000
1448	-209.817148	-4.090100	-18.143880	0.866025	-0.000000	0.500000	0.500000	0.000000	-0.866025	0.000000	1.000000	0.000000
1449	-209.600642	-4.090100	-18.018880	0.866025	-0.000000	0.500000	0.500000	0.000000	-0.866025	0.000000	1.000000	0.000000
1450	-209.384136	-4.090100	-17.893880	0.866025	-0.000000	0.500000	0.500000	0.000000	-0.866025	0.000000	1.000000	0.000000
1451	-209.167629	-4.090100	-17.768880	0.866025	-0.000000	0.500000	0.500000	0.000000	-0.866025	0.000000	1.000000	0.000000
1452	-208.951123	-4.090100	-17.643880	0.866025	-0.000000	0.500000	0.500000	0.000000	-0.866025	0.000000	1.000000	0.000000
1453	-208.734617	-4.090100	-17.518880	0.866025	-0.000000	0.500000	0.500000	0.000000	-0.866025	0.000000	1.000000	0.000000
1454	-208.518110	-4.090100	-17.393880	0.866025	-0.000000	0.500000	0.500000	0.000000	-0.866025	0.000000	1.000000	0.000000
1455	-208.301604	-4.090100	-17.268880	0.866025	-0.000000	0.500000	0.500000	0.000000	-0.866025	0.000000	1.000000	0.000000
1456	-208.085097	-4.090100	-17.143880	0.866025	-0.000000	0.500000	0.500000	0.000000	-0.866025	0.000000	1.000000	0.000000
1457	-207.868591	-4.090100	-17.018880	0.866025	-0.000000	0.500000	0.500000	0.000000	-0.866025	0.000000	1.000000	0.000000
1458	-207.652085	-4.090100	-16.893880	0.866025	-0.000000	0.500000	0.500000	0.000000	-0.866025	0.000000	1.000000	0.000000
1459	-207.435578	-4.090100	-16.768880	0.866025	-0.000000	0.500000	0.500000	0.000000	-0.866025	0.000000	1.000000	0.000000
1460	-207.219072	-4.090100	-16.643880	0.866025	-0.000000	0.500000	0.500000	0.000000	-0.866025	0.000000	1.000000	0.000000
1461	-207.002566	-4.090100	-16.518880	0.866025	-0.000000	0.500000	0.500000	0.000000	-0.866025	0.000000	1.000000	0.000000
1462	-206.786059	-4.090100	-16.393880	0.866025	-0.000000	0.500000	0.500000	0.000000	-0.866025	0.000000	1.000000	0.000000
1463	-206.569553	-4.090100	-16.268880	0.866025	-0.000000	0.500000	0.500000	0.000000	-0.866025	0.000000	1.000000	0.000000
1464	-206.353047	-4.090100	-16.143880	0.866025	-0.000000	0.500000	0.500000	0.000000	-0.866025	0.000000	1.000000	0.000000
1465	-206.136540	-4.090100	-16.018880	0.866025	-0.000000	0.500000	0.500000	0.000000	-0.866025	0.000000	1.000000	0.000000
1466	-205.920034	-4.090100	-15.893880	0.866025	-0.000000	0.500000	0.500000	0.000000	-0.866025	0.000000	1.000000	0.000000
1467	-205.703528	-4.090100	-15.768880	0.866025	-0.000000	0.500000	0.500000	0.000000	-0.866025	0.000000	1.000000	0.000000
1468	-205.487021	-4.090100	-15.643880	0.866025	-0.000000	0.500000	0.500000	0.000000	-0.866025	0.000000	1.000000	0.000000
1469	-205.270515	-4.090100	-15.518880	0.866025	-0.000000	0.500000	0.500000	0.000000	-0.866025	0.000000	1.000000	0.000000
1470	-205.054009	-4.090100	-15.393880	0.866025	-0.000000	0.500000	0.500000	0.000000	-0.866025	0.000000	1.000000	0.000000
1471	-204.837502	-4.090100	-15.268880	0.866025	-0.000000	0.500000	0.500000	0.000000	-0.866025	0.000000	1.000000	0.000000
1472	-204.620996	-4.090100	-15.143880	0.866025	-0.000000	0.500000	0.500000	0.000000	-0.866025	0.000000	1.000000	0.000000
1473	-204.404490	-4.090100	-15.018880	0.866025	-0.000000	0.500000	0.500000	0.000000	-0.866025	0.000000	1.000000	0.000000
1474	-204.187983	-4.090100	-14.893880	0.866025	-0.000000	0.500000	0.500000	0.000000	-0.866025	0.000000	1.000000	0.000000
1475	-203.936732	-4.088695	-14.812133	0.865995	0.008311	0.499983	0.499020	0.049844	-0.865156	-0.032112	0.998722	0.039017
1476	-203.685587	-4.082410	-14.730288	0.865699	0.016611	0.500290	0.496440	0.099559	-0.862343	-0.064133	0.994893	0.077942
1477	-203.434706	-4.071260	-14.648154	0.865136	0.024879	0.500920	0.492268	0.149018	-0.857593	-0.095982	0.988521	0.116674
1478	-203.184244	-4.055270	-14.565543	0.864308	0.033094	0.501873	0.486513	0.198095	-0.850919	-0.127578	0.979624	0.155114
1479	-202.934355	-4.034478	-14.482265	0.863218	0.041234	0.503144	0.479191	0.246663	-0.842338	-0.158840	0.968224	0.193165
1480	-202.685194	-4.008935	-14.398135	0.861868	0.049280	0.504732	0.470321	0.294600	-0.831871	-0.189689	0.954349	0.230729
1481	-202.436911	-3.978704	-14.312968	0.860262	0.057210	0.506633	0.459924	0.341782	-0.819545	-0.220044	0.938036	0.267710
1482	-202.189656	-3.943859	-14.226582	0.858403	0.065004	0.508840	0.448028	0.388089	-0.805393	-0.249829	0.919327	0.304013
1483	-201.943576	-3.904487	-14.138798	0.856297	0.072642	0.511349	0.434663	0.433403	-0.789449	-0.278967	0.898268	0.339547
1484	-201.698813	-3.860685	-14.049442	0.853949	0.080105	0.514153	0.419863	0.477607	-0.771755	-0.307385	0.874914	0.374219
1485	-201.455509	-3.812564	-13.958342	0.851365	0.087374	0.517246	0.403666	0.520590	-0.752356	-0.335009	0.849325	0.407942
1486	-201.213800	-3.760244	-13.865331	0.848551	0.094429	0.520618	0.386113	0.562240	-0.731302	-0.361769	0.821565	0.440629
1487	-200.973818	-3.703855	-13.770249	0.845516	0.101254	0.524262	0.367250	0.602453	-0.708646	-0.387597	0.791706	0.472197
1488	-200.735691	-3.643539	-13.672938	0.842265	0.107830	0.528169	0.347124	0.641124	-0.684446	-0.412426	0.759824	0.502565
1489	-200.499543	-3.579448	-13.573248	0.838808	0.114142	0.532327	0.325786	0.678155	-0.658764	-0.436193	0.726001	0.531656
1490	-200.265492	-3.511742	-13.471034	0.835154	0.120171	0.536728	0.303292	0.713451	-0.631665	-0.458837	0.690323	0.559395
1491	-200.033650	-3.440593	-13.366158	0.831312	0.125905	0.541358	0.279699	0.746923	-0.603220	-0.480301	0.652881	0.585711
1492	-199.804125	-3.366180	-13.258488	0.827291	0.131326	0.546207	0.255066	0.778485	-0.573500	-0.500530	0.613771	0.610537
1493	-199.577019	-3.288690	-13.147901	0.823103	0.136423	0.551263	0.229458	0.808056	-0.542582	-0.519471	0.573092	0.633810
1494	-199.352426	-3.208318	-13.034279	0.818757	0.141181	0.556511	0.202939	0.835560	-0.510544	-0.537078	0.530949	0.655470
1495	-199.130434	-3.125267	-12.917513	0.814265	0.145589	0.561940	0.175578	0.860928	-0.477468	-0.553303	0.487450	0.675461
1496	-198.911127	-3.039748	-12.797503	0.809639	0.149635	0.567534	0.147443	0.884094	-0.443440	-0.568107	0.442705	0.693734
1497	-198.694579	-2.951975	-12.674155	0.804889	0.153309	0.573280	0.118608	0.904999	-0.408545	-0.581451	0.396829	0.710240
1498	-198.480858	-2.862171	-12.547386	0.800029	0.156602	0.579163	0.089145	0.923590	-0.372873	-0.593302	0.349939	0.724938
1499	-198.270026	-2.770562	-12.417119	0.795070	0.159505	0.585168	0.059130	0.939819	-0.336516	-0.603628	0.302155	0.737791
1500	-198.062136	-2.677381	-12.283289	0.790026	0.162011	0.591279	0.028640	0.953646	-0.299565	-0.612404	0.253599	0.748765
1501	-197.857233	-2.582862	-12.145838	0.784909	0.164113	0.597482	-0.002248	0.965034	-0.262116	-0.619607	0.204394	0.757833
1502	-197.655357	-2.487244	-12.004718	0.779732	0.165806	0.603760	-0.033454	0.973954	-0.224265	-0.625218	0.154668	0.764970
1503	-197.456537	-2.390770	-11.859890	0.774509	0.167086	0.610097	-0.064899	0.980384	-0.186107	-0.629224	0.104547	0.770160
1504	-197.260798	-2.293682	-11.711324	0.769253	0.167949	0.616476	-0.096502	0.984307	-0.147740	-0.631615	0.054158	0.773389
1505	-197.068153	-2.196228	-11.559001	0.763977	0.168393	0.622883	-0.128183	0.985713	-0.109263	-0.632383	0.003631	0.774648
1506	-196.878610	-2.098652	-11.402911	0.758695	0.168417	0.629299	-0.159861	0.984599	-0.070773	-0.631527	-0.046905	0.773934
1507	-196.692167	-2.001202	-11.243053	0.753420	0.168022	0.635710	-0.191455	0.980968	-0.032370	-0.629049	-0.097321	0.771249
1508	-196.508817	-1.904125	-11.079436	0.748166	0.167207	0.642097	-0.222883	0.974828	0.005849	-0.624956	-0.147489	0.766601
1509	-196.328543	-1.807665	-10.912080	0.742946	0.165975	0.648447	-0.254067	0.966195	0.043786	-0.619258	-0.197279	0.760000
1510	-196.151319	-1.712066	-10.741011	0.737774	0.164330	0.654740	-0.284925	0.955092	0.081345	-0.611970	-0.246566	0.751464
1511	-195.977114	-1.617571	-10.566268	0.732662	0.162275	0.660963	-0.315379	0.941547	0.118429	-0.603110	-0.295222	0.741014
1512	-195.805888	-1.524419	-10.387898	0.727625	0.159816	0.667099	-0.345352	0.925594	0.154943	-0.592701	-0.343125	0.728678
1513	-195.637592	-1.432843	-10.205958	0.722674	0.156959	0.673132	-0.374767	0.907275	0.190794	-0.580769	-0.390150	0.714486
1514	-195.472172	-1.343077	-10.020513	0.717822	0.153711	0.679047	-0.403549	0.886635	0.225891	-0.567345	-0.436178	0.698476
1515	-195.309565	-1.255347	-9.831637	0.713082	0.150080	0.684828	-0.431623	0.863728	0.260144	-0.552463	-0.481092	0.680687
1516	-195.149702	-1.169874	-9.639413	0.708466	0.146077	0.690462	-0.458919	0.838613	0.293465	-0.536162	-0.524776	0.661166
1517	-194.992506	-1.086875	-9.443934	0.703985	0.141710	0.695933	-0.485367	0.811353	0.325770	-0.518482	-0.567120	0.639962
1518	-194.837893	-1.006558	-9.245299	0.699652	0.136992	0.701228	-0.510898	0.782018	0.356975	-0.499470	-0.608014	0.617129
1519	-194.685773	-0.929126	-9.043617	0.695477	0.131934	0.706333	-0.535449	0.750683	0.387001	-0.479173	-0.647355	0.592727
1520	-194.536050	-0.854775	-8.839003	0.691470	0.126550	0.711234	-0.558955	0.717428	0.415771	-0.457644	-0.685041	0.566816
1521	-194.388621	-0.783693	-8.631582	0.687643	0.120852	0.715920	-0.581358	0.682339	0.443212	-0.434937	-0.720978	0.539464
1522	-194.243378	-0.716057	-8.421483	0.684004	0.114856	0.720379	-0.602599	0.645504	0.469254	-0.411111	-0.755071	0.510739
1523	-194.100206	-0.652039	-8.208844	0.680564	0.108576	0.724599	-0.622625	0.607018	0.493829	-0.386227	-0.787236	0.480717
1524	-193.958987	-0.591799	-7.993809	0.677331	0.102030	0.728569	-0.641384	0.566979	0.516876	-0.360347	-0.817389	0.449473
1525	-193.819596	-0.535489	-7.776528	0.674312	0.095233	0.732280	-0.658828	0.525490	0.538335	-0.333539	-0.845453	0.417087
1526	-193.681903	-0.483250	-7.557157	0.671517	0.088203	0.735721	-0.674914	0.482657	0.558152	-0.305870	-0.871357	0.383642
1527	-193.545776	-0.435213	-7.335857	0.668952	0.080958	0.738884	-0.689599	0.438588	0.576276	-0.277411	-0.895034	0.349223
1528	-193.411078	-0.391498	-7.112795	0.666623	0.073517	0.741761	-0.702846	0.393397	0.592660	-0.248236	-0.916425	0.313919
1529	-193.277666	-0.352215	-6.888140	0.664537	0.065898	0.744344	-0.714622	0.347199	0.607263	-0.218418	-0.935473	0.277819
1530	-193.145398	-0.317460	-6.662067	0.662699	0.058121	0.746627	-0.724895	0.300113	0.620048	-0.188035	-0.952132	0.241016
1531	-193.014125	-0.287321	-6.434755	0.661113	0.050206	0.748605	-0.733641	0.252257	0.630981	-0.157162	-0.966357	0.203604
1532	-192.883698	-0.261871	-6.206385	0.659784	0.042173	0.750271	-0.740837	0.203756	0.640035	-0.125880	-0.978113	0.165678
1533	-192.753965	-0.241173	-5.977141	0.658715	0.034042	0.751622	-0.746464	0.154732	0.647186	-0.094268	-0.987370	0.127335
1534	-192.624773	-0.225278	-5.747210	0.657909	0.025835	0.752654	-0.750507	0.105311	0.652417	-0.062407	-0.994104	0.088674
1535	-192.495966	-0.214224	-5.516779	0.657367	0.017572	0.753365	-0.752958	0.055619	0.655714	-0.030379	-0.998297	0.049793
1536	-192.367388	-0.208035	-5.286038	0.657092	0.009275	0.753753	-0.753808	0.005783	0.657069	0.001735	-0.999940	0.010791
1537	-192.238883	-0.206726	-5.055178	0.657084	0.000964	0.753817	-0.753057	-0.044069	0.656478	0.033853	-0.999028	-0.028232
1538	-192.110294	-0.210298	-4.824389	0.657343	-0.007339	0.753556	-0.750706	-0.093811	0.653942	0.065892	-0.995563	-0.067175
1539	-191.981464	-0.218737	-4.593860	0.657868	-0.015613	0.752972	-0.746760	-0.143314	0.649469	0.097771	-0.989554	-0.105941
1540	-191.852237	-0.232021	-4.363783	0.658657	-0.023837	0.752065	-0.741231	-0.192453	0.643069	0.129408	-0.981017	-0.144429
1541	-191.722458	-0.250113	-4.134345	0.659710	-0.031989	0.750839	-0.734132	-0.241102	0.634759	0.160723	-0.969973	-0.182542
1542	-191.591974	-0.272964	-3.905733	0.661023	-0.040049	0.749296	-0.725482	-0.289136	0.624561	0.191635	-0.956450	-0.220181
1543	-191.460633	-0.300513	-3.678131	0.662593	-0.047997	0.747440	-0.715302	-0.336434	0.612499	0.222066	-0.940483	-0.257251
1544	-191.328285	-0.332687	-3.451723	0.664416	-0.055812	0.745276	-0.703619	-0.382873	0.598606	0.251937	-0.922113	-0.293657
1545	-191.194783	-0.369401	-3.226688	0.666487	-0.063474	0.742810	-0.690462	-0.428336	0.582916	0.281173	-0.901387	-0.329306
1546	-191.059984	-0.410560	-3.003200	0.668800	-0.070963	0.740047	-0.675865	-0.472706	0.565469	0.309698	-0.878358	-0.364107
1547	-190.923746	-0.456054	-2.781431	0.671351	-0.078260	0.736996	-0.659865	-0.515870	0.546311	0.337440	-0.853085	-0.397971
1548	-190.785933	-0.505766	-2.561549	0.674133	-0.085348	0.733663	-0.642504	-0.557718	0.525490	0.364327	-0.825631	-0.430812
1549	-190.646411	-0.559565	-2.343717	0.677137	-0.092207	0.730057	-0.623825	-0.598142	0.503060	0.390292	-0.796068	-0.462545
1550	-190.505052	-0.617313	-2.128091	0.680357	-0.098820	0.726188	-0.603876	-0.637040	0.479077	0.415268	-0.764471	-0.493089
1551	-190.361732	-0.678857	-1.914823	0.683785	-0.105170	0.722064	-0.582708	-0.674311	0.453603	0.439191	-0.730920	-0.522367
1552	-190.216331	-0.744040	-1.704058	0.687412	-0.111241	0.717698	-0.560376	-0.709862	0.426703	0.462000	-0.695501	-0.550304
1553	-190.068737	-0.812691	-1.495937	0.691228	-0.117017	0.713100	-0.536936	-0.743600	0.398446	0.483636	-0.658306	-0.576827
1554	-189.918841	-0.884633	-1.290590	0.695223	-0.122484	0.708281	-0.512449	-0.775440	0.368903	0.504044	-0.619428	-0.601871
1555	-189.766540	-0.959678	-1.088144	0.699388	-0.127628	0.703254	-0.486976	-0.805300	0.338152	0.523173	-0.578967	-0.625369
1556	-189.611740	-1.037634	-0.888716	0.703712	-0.132435	0.698033	-0.460583	-0.833104	0.306269	0.540973	-0.537028	-0.647263
1557	-189.454349	-1.118298	-0.692417	0.708184	-0.136894	0.692629	-0.433338	-0.858781	0.273337	0.557399	-0.493715	-0.667497
1558	-189.294287	-1.201462	-0.499348	0.712792	-0.140993	0.687058	-0.405310	-0.882266	0.239439	0.572408	-0.449142	-0.686018
1559	-189.131475	-1.286909	-0.309605	0.717525	-0.144721	0.681333	-0.376570	-0.903498	0.204663	0.585963	-0.403420	-0.702780
1560	-188.965845	-1.374420	-0.123271	0.722370	-0.148068	0.675468	-0.347192	-0.922423	0.169097	0.598029	-0.356668	-0.717739
1561	-188.797335	-1.463769	0.059576	0.727315	-0.151028	0.669480	-0.317252	-0.938993	0.132832	0.608575	-0.309004	-0.730857
1562	-188.625890	-1.554724	0.238868	0.732348	-0.153591	0.663382	-0.286825	-0.953165	0.095960	0.617574	-0.260551	-0.742102
1563	-188.451464	-1.647050	0.414547	0.737455	-0.155751	0.657192	-0.255989	-0.964903	0.058577	0.625003	-0.211432	-0.751444
1564	-188.274016	-1.740509	0.586563	0.742624	-0.157502	0.650924	-0.224823	-0.974178	0.020777	0.630844	-0.161772	-0.758859
1565	-188.093516	-1.834859	0.754876	0.747842	-0.158842	0.644595	-0.193408	-0.980965	-0.017344	0.635080	-0.111699	-0.764328
1566	-187.909938	-1.929858	0.919455	0.753094	-0.159764	0.638220	-0.161822	-0.985247	-0.055686	0.637701	-0.061341	-0.767837
1567	-187.723267	-2.025259	1.080279	0.758368	-0.160269	0.631817	-0.130147	-0.987014	-0.094154	0.638702	-0.010826	-0.769378
1568	-187.533495	-2.120816	1.237337	0.763650	-0.160353	0.625400	-0.098464	-0.986260	-0.132647	0.638078	0.039717	-0.768947
1569	-187.340622	-2.216283	1.390626	0.768927	-0.160017	0.618988	-0.066854	-0.982988	-0.171069	0.635832	0.090158	-0.766544
1570	-187.144654	-2.311413	1.540155	0.774184	-0.159263	0.612596	-0.035397	-0.977206	-0.209321	0.631970	0.140369	-0.762175
1571	-186.945609	-2.405960	1.685940	0.779410	-0.158091	0.606240	-0.004173	-0.968929	-0.247304	0.626500	0.190221	-0.755853
1572	-186.743508	-2.499680	1.828009	0.784590	-0.156504	0.599938	0.026736	-0.958178	-0.284923	0.619438	0.239588	-0.747592
1573	-186.538384	-2.592331	1.966398	0.789711	-0.154508	0.593704	0.057254	-0.944980	-0.322080	0.610802	0.288342	-0.737415
1574	-186.330275	-2.683674	2.101153	0.794760	-0.152106	0.587554	0.087300	-0.929369	-0.358682	0.600612	0.336359	-0.725346
1575	-186.119227	-2.773473	2.232328	0.799724	-0.149305	0.581506	0.116799	-0.911385	-0.394633	0.588896	0.383517	-0.711418
1576	-185.905296	-2.861495	2.359989	0.804591	-0.146112	0.575573	0.145676	-0.891074	-0.429844	0.575684	0.429696	-0.695665
1577	-185.688542	-2.947514	2.484207	0.809348	-0.142536	0.569772	0.173856	-0.868488	-0.464223	0.561008	0.474776	-0.678128
1578	-185.469034	-3.031307	2.605066	0.813982	-0.138585	0.564116	0.201268	-0.843684	-0.497682	0.544907	0.518643	-0.658851
1579	-185.246848	-3.112657	2.722655	0.818483	-0.134270	0.558621	0.227841	-0.816727	-0.530137	0.527422	0.561185	-0.637885
1580	-185.022067	-3.191354	2.837074	0.822838	-0.129602	0.553300	0.253507	-0.787684	-0.561505	0.508598	0.602293	-0.615282
1581	-184.794778	-3.267194	2.948429	0.827037	-0.124591	0.548167	0.278202	-0.756631	-0.591704	0.488481	0.641862	-0.591100
1582	-184.565079	-3.339981	3.056837	0.831068	-0.119253	0.543236	0.301861	-0.723645	-0.620659	0.467125	0.679791	-0.565401
1583	-184.333071	-3.409526	3.162418	0.834921	-0.113599	0.538518	0.324425	-0.688813	-0.648294	0.444584	0.715983	-0.538250
1584	-184.098861	-3.475648	3.265302	0.838587	-0.107644	0.534026	0.345836	-0.652222	-0.674540	0.420914	0.750346	-0.509718
1585	-183.862563	-3.538178	3.365627	0.842057	-0.101404	0.529771	0.366039	-0.613966	-0.699329	0.396177	0.782792	-0.479876
1586	-183.624295	-3.596951	3.463534	0.845320	-0.094895	0.525765	0.384982	-0.574143	-0.722598	0.370435	0.813237	-0.448802
1587	-183.384181	-3.651816	3.559174	0.848370	-0.088133	0.522017	0.402617	-0.532855	-0.744288	0.343756	0.841604	-0.416574
1588	-183.142350	-3.702629	3.652701	0.851197	-0.081135	0.518536	0.418900	-0.490207	-0.764343	0.316206	0.867821	-0.383276
1589	-182.898934	-3.749258	3.744276	0.853796	-0.073920	0.515333	0.433787	-0.446309	-0.782711	0.287856	0.891821	-0.348991
1590	-182.654069	-3.791582	3.834064	0.856159	-0.066506	0.512415	0.447242	-0.401271	-0.799347	0.258778	0.913542	-0.313808
1591	-182.407897	-3.829489	3.922235	0.858280	-0.058911	0.509789	0.459230	-0.355210	-0.814207	0.229048	0.932928	-0.277816
1592	-182.160562	-3.862881	4.008963	0.860154	-0.051155	0.507463	0.469721	-0.308243	-0.827254	0.198740	0.949931	-0.241108
1593	-181.912209	-3.891669	4.094426	0.861776	-0.043259	0.505441	0.478686	-0.260490	-0.838453	0.167933	0.964507	-0.203777
1594	-181.662989	-3.915777	4.178805	0.863142	-0.035241	0.503730	0.486105	-0.212073	-0.847778	0.136704	0.976618	-0.165918
1595	-181.413052	-3.935141	4.262284	0.864248	-0.027123	0.502334	0.491957	-0.163116	-0.855203	0.105135	0.986234	-0.127629
1596	-181.162554	-3.949709	4.345048	0.865092	-0.018926	0.501256	0.496228	-0.113744	-0.860709	0.073305	0.993330	-0.089008
1597	-180.911648	-3.959442	4.427286	0.865672	-0.010670	0.500499	0.498906	-0.064083	-0.864283	0.041295	0.997888	-0.050152
1598	-180.660490	-3.964311	4.509187	0.865985	-0.002376	0.500065	0.499986	-0.014260	-0.865916	0.009188	0.999895	-0.011161
1599	-180.409237	-3.964301	4.590941	0.866031	0.005934	0.499955	0.499464	0.035597	-0.865603	-0.022934	0.999349	0.027864
1600	-180.158046	-3.959411	4.672739	0.865811	0.014240	0.500169	0.497341	0.085362	-0.863346	-0.054989	0.996248	0.066826
1601	-179.941593	-3.955851	4.797781	0.865811	0.014240	0.500169	0.497341	0.085362	-0.863346	-0.054989	0.996248	0.066826
1602	-179.725141	-3.952292	4.922824	0.865811	0.014240	0.500169	0.497341	0.085362	-0.863346	-0.054989	0.996248	0.066826
1603	-179.508688	-3.948732	5.047866	0.865811	0.014240	0.500169	0.497341	0.085362	-0.863346	-0.054989	0.996248	0.066826
1604	-179.292235	-3.945172	5.172908	0.865811	0.014240	0.500169	0.497341	0.085362	-0.863346	-0.054989	0.996248	0.066826
1605	-179.075783	-3.941612	5.297950	0.865811	0.014240	0.500169	0.497341	0.085362	-0.863346	-0.054989	0.996248	0.066826
1606	-178.859330	-3.938052	5.422992	0.865811	0.014240	0.500169	0.497341	0.085362	-0.863346	-0.054989	0.996248	0.066826
1607	-178.642877	-3.934492	5.548035	0.865811	0.014240	0.500169	0.497341	0.085362	-0.863346	-0.054989	0.996248	0.066826
1608	-178.426424	-3.930932	5.673077	0.865811	0.014240	0.500169	0.497341	0.085362	-0.863346	-0.054989	0.996248	0.066826
1609	-178.209972	-3.927372	5.798119	0.865811	0.014240	0.500169	0.497341	0.085362	-0.863346	-0.054989	0.996248	0.066826
1610	-177.993519	-3.923812	5.923161	0.865811	0.014240	0.500169	0.497341	0.085362	-0.863346	-0.054989	0.996248	0.066826
1611	-177.777066	-3.920252	6.048204	0.865811	0.014240	0.500169	0.497341	0.085362	-0.863346	-0.054989	0.996248	0.066826
1612	-177.560614	-3.916692	6.173246	0.865811	0.014240	0.500169	0.497341	0.085362	-0.863346	-0.054989	0.996248	0.066826
1613	-177.344161	-3.913132	6.298288	0.865811	0.014240	0.500169	0.497341	0.085362	-0.863346	-0.054989	0.996248	0.066826
1614	-177.127708	-3.909572	6.423330	0.865811	0.014240	0.500169	0.497341	0.085362	-0.863346	-0.054989	0.996248	0.066826
1615	-176.911256	-3.906012	6.548372	0.865811	0.014240	0.500169	0.497341	0.085362	-0.863346	-0.054989	0.996248	0.066826
1616	-176.694803	-3.902452	6.673415	0.865811	0.014240	0.500169	0.497341	0.085362	-0.863346	-0.054989	0.996248	0.066826
1617	-176.478350	-3.898892	6.798457	0.865811	0.014240	0.500169	0.497341	0.085362	-0.863346	-0.054989	0.996248	0.066826
1618	-176.261897	-3.895332	6.923499	0.865811	0.014240	0.500169	0.497341	0.085362	-0.863346	-0.054989	0.996248	0.066826
1619	-176.045445	-3.891773	7.048541	0.865811	0.014240	0.500169	0.497341	0.085362	-0.863346	-0.054989	0.996248	0.066826
1620	-175.828992	-3.888213	7.173584	0.865811	0.014240	0.500169	0.497341	0.085362	-0.863346	-0.054989	0.996248	0.066826
1621	-175.612539	-3.884653	7.298626	0.865811	0.014240	0.500169	0.497341	0.085362	-0.863346	-0.054989	0.996248	0.066826
1622	-175.396087	-3.881093	7.423668	0.865811	0.014240	0.500169	0.497341	0.085362	-0.863346	-0.054989	0.996248	0.066826
1623	-175.179634	-3.877533	7.548710	0.865811	0.014240	0.500169	0.497341	0.085362	-0.863346	-0.054989	0.996248	0.066826
1624	-174.963181	-3.873973	7.673752	0.865811	0.014240	0.500169	0.497341	0.085362	-0.863346	-0.054989	0.996248	0.066826
1625	-174.746729	-3.870413	7.798795	0.865811	0.014240	0.500169	0.497341	0.085362	-0.863346	-0.054989	0.996248	0.066826
1626	-174.530276	-3.866853	7.923837	0.865811	0.014240	0.500169	0.497341	0.085362	-0.863346	-0.054989	0.996248	0.066826
1627	-174.313823	-3.863293	8.048879	0.865811	0.014240	0.500169	0.497341	0.085362	-0.863346	-0.054989	0.996248	0.066826
1628	-174.097370	-3.859733	8.173921	0.865811	0.014240	0.500169	0.497341	0.085362	-0.863346	-0.054989	0.996248	0.066826
1629	-173.880918	-3.856173	8.298963	0.865811	0.014240	0.500169	0.497341	0.085362	-0.863346	-0.054989	0.996248	0.066826
1630	-173.664465	-3.852613	8.424006	0.865811	0.014240	0.500169	0.497341	0.085362	-0.863346	-0.054989	0.996248	0.066826
1631	-173.448012	-3.849053	8.549048	0.865811	0.014240	0.500169	0.497341	0.085362	-0.863346	-0.054989	0.996248	0.066826
1632	-173.231560	-3.845493	8.674090	0.865811	0.014240	0.500169	0.497341	0.085362	-0.863346	-0.054989	0.996248	0.066826
1633	-173.015107	-3.841933	8.799132	0.865811	0.014240	0.500169	0.497341	0.085362	-0.863346	-0.054989	0.996248	0.066826
1634	-172.798654	-3.838373	8.924175	0.865811	0.014240	0.500169	0.497341	0.085362	-0.863346	-0.054989	0.996248	0.066826
1635	-172.582202	-3.834813	9.049217	0.865811	0.014240	0.500169	0.497341	0.085362	-0.863346	-0.054989	0.996248	0.066826
1636	-172.365749	-3.831254	9.174259	0.865811	0.014240	0.500169	0.497341	0.085362	-0.863346	-0.054989	0.996248	0.066826
1637	-172.149296	-3.827694	9.299301	0.865811	0.014240	0.500169	0.497341	0.085362	-0.863346	-0.054989	0.996248	0.066826
1638	-171.932843	-3.824134	9.424343	0.865811	0.014240	0.500169	0.497341	0.085362	-0.863346	-0.054989	0.996248	0.066826
1639	-171.716391	-3.820574	9.549386	0.865811	0.014240	0.500169	0.497341	0.085362	-0.863346	-0.054989	0.996248	0.066826
1640	-171.499938	-3.817014	9.674428	0.865811	0.014240	0.500169	0.497341	0.085362	-0.863346	-0.054989	0.996248	0.066826
1641	-171.249254	-3.805395	9.739984	0.865811	0.014240	0.500169	0.492907	0.147749	-0.857446	-0.086109	0.988922	0.120904
1642	-170.998943	-3.789484	9.806065	0.865811	0.014240	0.500169	0.486527	0.209552	-0.848162	-0.116889	0.977694	0.174504
1643	-170.749140	-3.769328	9.872904	0.865811	0.014240	0.500169	0.478228	0.270529	-0.835531	-0.147208	0.962607	0.227417
1644	-170.499976	-3.744994	9.940730	0.865811	0.014240	0.500169	0.468041	0.330437	-0.819603	-0.176945	0.943721	0.279431
1645	-170.251580	-3.716562	10.009769	0.865811	0.014240	0.500169	0.456007	0.389042	-0.800440	-0.205985	0.921110	0.330343
1646	-170.004078	-3.684132	10.080243	0.865811	0.014240	0.500169	0.442173	0.446111	-0.778118	-0.234211	0.894864	0.379951
1647	-169.757593	-3.647817	10.152365	0.865811	0.014240	0.500169	0.426594	0.501420	-0.752725	-0.261513	0.865087	0.428060
1648	-169.512243	-3.607746	10.226346	0.865811	0.014240	0.500169	0.409332	0.554750	-0.724362	-0.287783	0.831895	0.474480
1649	-169.268143	-3.564064	10.302387	0.865811	0.014240	0.500169	0.390454	0.605890	-0.693140	-0.312918	0.795421	0.519026
1650	-169.025401	-3.516929	10.380681	0.865811	0.014240	0.500169	0.370035	0.654639	-0.659182	-0.336817	0.755807	0.561525
1651	-168.784121	-3.466513	10.461412	0.865811	0.014240	0.500169	0.348156	0.700805	-0.622623	-0.359387	0.713211	0.601807
1652	-168.544401	-3.413001	10.544757	0.865811	0.014240	0.500169	0.324903	0.744205	-0.583607	-0.380539	0.667799	0.639714
1653	-168.306334	-3.356589	10.630878	0.865811	0.014240	0.500169	0.300368	0.784668	-0.542287	-0.400189	0.619752	0.675097
1654	-168.070003	-3.297487	10.719930	0.865811	0.014240	0.500169	0.274647	0.822034	-0.498827	-0.418259	0.569260	0.707815
1655	-167.835489	-3.235914	10.812055	0.865811	0.014240	0.500169	0.247842	0.856156	-0.453399	-0.434679	0.516521	0.737740
1656	-167.602861	-3.172099	10.907382	0.865811	0.014240	0.500169	0.220059	0.886900	-0.406181	-0.449383	0.461743	0.764754
1657	-167.372185	-3.106279	11.006030	0.865811	0.014240	0.500169	0.191408	0.914143	-0.357360	-0.462314	0.405143	0.788749
1658	-167.143515	-3.038700	11.108101	0.865811	0.014240	0.500169	0.162002	0.937778	-0.307129	-0.473421	0.346944	0.809631
1659	-166.916901	-2.969615	11.213688	0.865811	0.014240	0.500169	0.131956	0.957712	-0.255686	-0.482659	0.287376	0.827318
1660	-166.692381	-2.899283	11.322866	0.865811	0.014240	0.500169	0.101389	0.973867	-0.203234	-0.489992	0.226673	0.841741
1661	-166.469989	-2.827966	11.435698	0.865811	0.014240	0.500169	0.070422	0.986178	-0.149979	-0.495391	0.165076	0.852841
1662	-166.249748	-2.755933	11.552232	0.865811	0.014240	0.500169	0.039177	0.994597	-0.096133	-0.498835	0.102828	0.860575
1663	-166.031672	-2.683453	11.672502	0.865811	0.014240	0.500169	0.007778	0.999091	-0.041907	-0.500311	0.040174	0.864913
1664	-165.815768	-2.610800	11.796527	0.865811	0.014240	0.500169	-0.023653	0.999642	0.012484	-0.499812	-0.022639	0.865838
1665	-165.602034	-2.538244	11.924311	0.865811	0.014240	0.500169	-0.054989	0.996248	0.066826	-0.497341	-0.085362	0.863346
1666	-165.390459	-2.466059	12.055843	0.865811	0.014240	0.500169	-0.086109	0.988922	0.120904	-0.492907	-0.147749	0.857446
1667	-165.181024	-2.394515	12.191097	0.865811	0.014240	0.500169	-0.116889	0.977694	0.174504	-0.486527	-0.209552	0.848162
1668	-164.973700	-2.323881	12.330033	0.865811	0.014240	0.500169	-0.147208	0.962607	0.227417	-0.478228	-0.270529	0.835531
1669	-164.768453	-2.254422	12.472597	0.865811	0.014240	0.500169	-0.176945	0.943721	0.279431	-0.468041	-0.330437	0.819603
1670	-164.565238	-2.186396	12.618718	0.865811	0.014240	0.500169	-0.205985	0.921110	0.330343	-0.456007	-0.389042	0.800440
1671	-164.364003	-2.120060	12.768314	0.865811	0.014240	0.500169	-0.234211	0.894864	0.379951	-0.442173	-0.446111	0.778118
1672	-164.164687	-2.055661	12.921289	0.865811	0.014240	0.500169	-0.261513	0.865087	0.428060	-0.426594	-0.501420	0.752725
1673	-163.967222	-1.993438	13.077531	0.865811	0.014240	0.500169	-0.287783	0.831895	0.474480	-0.409332	-0.554750	0.724362
1674	-163.771535	-1.933624	13.236917	0.865811	0.014240	0.500169	-0.312918	0.795421	0.519026	-0.390454	-0.605890	0.693140
1675	-163.577543	-1.876439	13.399313	0.865811	0.014240	0.500169	-0.336817	0.755807	0.561525	-0.370035	-0.654639	0.659182
1676	-163.385157	-1.822097	13.564570	0.865811	0.014240	0.500169	-0.359387	0.713211	0.601807	-0.348156	-0.700805	0.622623
1677	-163.194283	-1.770797	13.732531	0.865811	0.014240	0.500169	-0.380539	0.667799	0.639714	-0.324903	-0.744205	0.583607
1678	-163.004819	-1.722728	13.903024	0.865811	0.014240	0.500169	-0.400189	0.619752	0.675097	-0.300368	-0.784668	0.542287
1679	-162.816659	-1.678065	14.075872	0.865811	0.014240	0.500169	-0.418259	0.569260	0.707815	-0.274647	-0.822034	0.498827
1680	-162.629692	-1.636971	14.250886	0.865811	0.014240	0.500169	-0.434679	0.516521	0.737740	-0.247842	-0.856156	0.453399
1681	-162.443800	-1.599594	14.427868	0.865811	0.014240	0.500169	-0.449383	0.461743	0.764754	-0.220059	-0.886900	0.406181
1682	-162.258864	-1.566067	14.606613	0.865811	0.014240	0.500169	-0.462314	0.405143	0.788749	-0.191408	-0.914143	0.357360
1683	-162.074759	-1.536508	14.786909	0.865811	0.014240	0.500169	-0.473421	0.346944	0.809631	-0.162002	-0.937778	0.307129
1684	-161.891356	-1.511020	14.968539	0.865811	0.014240	0.500169	-0.482659	0.287376	0.827318	-0.131956	-0.957712	0.255686
1685	-161.708527	-1.489690	15.151279	0.865811	0.014240	0.500169	-0.489992	0.226673	0.841741	-0.101389	-0.973867	0.203234
1686	-161.526138	-1.472588	15.334901	0.865811	0.014240	0.500169	-0.495391	0.165076	0.852841	-0.070422	-0.986178	0.149979
1687	-161.344055	-1.459767	15.519174	0.865811	0.014240	0.500169	-0.498835	0.102828	0.860575	-0.039177	-0.994597	0.096133
1688	-161.162141	-1.451263	15.703864	0.865811	0.014240	0.500169	-0.500311	0.040174	0.864913	-0.007778	-0.999091	0.041907
1689	-160.980262	-1.447097	15.888737	0.865811	0.014240	0.500169	-0.499812	-0.022639	0.865838	0.023653	-0.999642	-0.012484
1690	-160.798280	-1.447271	16.073555	0.865811	0.014240	0.500169	-0.497341	-0.085362	0.863346	0.054989	-0.996248	-0.066826
1691	-160.616059	-1.451769	16.258083	0.865811	0.014240	0.500169	-0.492907	-0.147749	0.857446	0.086109	-0.988922	-0.120904
1692	-160.433464	-1.460561	16.442086	0.865811	0.014240	0.500169	-0.486527	-0.209552	0.848162	0.116889	-0.977694	-0.174504
1693	-160.250362	-1.473597	16.625332	0.865811	0.014240	0.500169	-0.478228	-0.270529	0.835531	0.147208	-0.962607	-0.227417
1694	-160.066620	-1.490811	16.807590	0.865811	0.014240	0.500169	-0.468041	-0.330437	0.819603	0.176945	-0.943721	-0.279431
1695	-159.882111	-1.512123	16.988635	0.865811	0.014240	0.500169	-0.456007	-0.389042	0.800440	0.205985	-0.921110	-0.330343
1696	-159.696707	-1.537433	17.168247	0.865811	0.014240	0.500169	-0.442173	-0.446111	0.778118	0.234211	-0.894864	-0.379951
1697	-159.510287	-1.566629	17.346208	0.865811	0.014240	0.500169	-0.426594	-0.501420	0.752725	0.261513	-0.865087	-0.428060
1698	-159.322731	-1.599579	17.522312	0.865811	0.014240	0.500169	-0.409332	-0.554750	0.724362	0.287783	-0.831895	-0.474480
1699	-159.133926	-1.636141	17.696355	0.865811	0.014240	0.500169	-0.390454	-0.605890	0.693140	0.312918	-0.795421	-0.519026
1700	-158.943763	-1.676157	17.868146	0.865811	0.014240	0.500169	-0.370035	-0.654639	0.659182	0.336817	-0.755807	-0.561525
1701	-158.752137	-1.719453	18.037499	0.865811	0.014240	0.500169	-0.348156	-0.700805	0.622623	0.359387	-0.713211	-0.601807
1702	-158.558952	-1.765845	18.204239	0.865811	0.014240	0.500169	-0.324903	-0.744205	0.583607	0.380539	-0.667799	-0.639714
1703	-158.364114	-1.815137	18.368202	0.865811	0.014240	0.500169	-0.300368	-0.784668	0.542287	0.400189	-0.619752	-0.675097
1704	-158.167539	-1.867119	18.529235	0.865811	0.014240	0.500169	-0.274647	-0.822034	0.498827	0.418259	-0.569260	-0.707815
1705	-157.969148	-1.921572	18.687194	0.865811	0.014240	0.500169	-0.247842	-0.856156	0.453399	0.434679	-0.516521	-0.737740
1706	-157.768870	-1.978268	18.841951	0.865811	0.014240	0.500169	-0.220059	-0.886900	0.406181	0.449383	-0.461743	-0.764754
1707	-157.566641	-2.036968	18.993388	0.865811	0.014240	0.500169	-0.191408	-0.914143	0.357360	0.462314	-0.405143	-0.788749
1708	-157.362406	-2.097427	19.141401	0.865811	0.014240	0.500169	-0.162002	-0.937778	0.307129	0.473421	-0.346944	-0.809631
1709	-157.156115	-2.159392	19.285899	0.865811	0.014240	0.500169	-0.131956	-0.957712	0.255686	0.482659	-0.287376	-0.827318
1710	-156.947728	-2.222604	19.426806	0.865811	0.014240	0.500169	-0.101389	-0.973867	0.203234	0.489992	-0.226673	-0.841741
1711	-156.737215	-2.286801	19.564058	0.865811	0.014240	0.500169	-0.070422	-0.986178	0.149979	0.495391	-0.165076	-0.852841
1712	-156.524551	-2.351714	19.697608	0.865811	0.014240	0.500169	-0.039177	-0.994597	0.096133	0.498835	-0.102828	-0.860575
1713	-156.309721	-2.417074	19.827422	0.865811	0.014240	0.500169	-0.007778	-0.999091	0.041907	0.500311	-0.040174	-0.864913
1714	-156.092720	-2.482608	19.953481	0.865811	0.014240	0.500169	0.023653	-0.999642	-0.012484	0.499812	0.022639	-0.865838
1715	-155.873549	-2.548044	20.075782	0.865811	0.014240	0.500169	0.054989	-0.996248	-0.066826	0.497341	0.085362	-0.863346
1716	-155.652218	-2.613109	20.194335	0.865811	0.014240	0.500169	0.086109	-0.988922	-0.120904	0.492907	0.147749	-0.857446
1717	-155.428748	-2.677533	20.309165	0.865811	0.014240	0.500169	0.116889	-0.977694	-0.174504	0.486527	0.209552	-0.848162
1718	-155.203166	-2.741047	20.420313	0.865811	0.014240	0.500169	0.147208	-0.962607	-0.227417	0.478228	0.270529	-0.835531
1719	-154.975508	-2.803387	20.527834	0.865811	0.014240	0.500169	0.176945	-0.943721	-0.279431	0.468041	0.330437	-0.819603
1720	-154.745818	-2.864292	20.631797	0.865811	0.014240	0.500169	0.205985	-0.921110	-0.330343	0.456007	0.389042	-0.800440
1721	-154.514148	-2.923508	20.732285	0.865811	0.014240	0.500169	0.234211	-0.894864	-0.379951	0.442173	0.446111	-0.778118
1722	-154.280558	-2.980788	20.829396	0.865811	0.014240	0.500169	0.261513	-0.865087	-0.428060	0.426594	0.501420	-0.752725
1723	-154.045117	-3.035890	20.923238	0.865811	0.014240	0.500169	0.287783	-0.831895	-0.474480	0.409332	0.554750	-0.724362
1724	-153.807899	-3.088585	21.013936	0.865811	0.014240	0.500169	0.312918	-0.795421	-0.519026	0.390454	0.605890	-0.693140
1725	-153.568986	-3.138649	21.101625	0.865811	0.014240	0.500169	0.336817	-0.755807	-0.561525	0.370035	0.654639	-0.659182
1726	-153.328466	-3.185872	21.186452	0.865811	0.014240	0.500169	0.359387	-0.713211	-0.601807	0.348156	0.700805	-0.622623
1727	-153.086435	-3.230052	21.268576	0.865811	0.014240	0.500169	0.380539	-0.667799	-0.639714	0.324903	0.744205	-0.583607
1728	-152.842993	-3.271001	21.348166	0.865811	0.014240	0.500169	0.400189	-0.619752	-0.675097	0.300368	0.784668	-0.542287
1729	-152.598248	-3.308544	21.425403	0.865811	0.014240	0.500169	0.418259	-0.569260	-0.707815	0.274647	0.822034	-0.498827
1730	-152.352310	-3.342518	21.500474	0.865811	0.014240	0.500169	0.434679	-0.516521	-0.737740	0.247842	0.856156	-0.453399
1731	-152.105296	-3.372776	21.573577	0.865811	0.014240	0.500169	0.449383	-0.461743	-0.764754	0.220059	0.886900	-0.406181
1732	-151.857327	-3.399183	21.644916	0.865811	0.014240	0.500169	0.462314	-0.405143	-0.788749	0.191408	0.914143	-0.357360
1733	-151.608527	-3.421622	21.714704	0.865811	0.014240	0.500169	0.473421	-0.346944	-0.809631	0.162002	0.937778	-0.307129
1734	-151.359024	-3.439990	21.783159	0.865811	0.014240	0.500169	0.482659	-0.287376	-0.827318	0.131956	0.957712	-0.255686
1735	-151.108948	-3.454200	21.850503	0.865811	0.014240	0.500169	0.489992	-0.226673	-0.841741	0.101389	0.973867	-0.203234
1736	-150.858431	-3.464182	21.916966	0.865811	0.014240	0.500169	0.495391	-0.165076	-0.852841	0.070422	0.986178	-0.149979
1737	-150.607609	-3.469884	21.982777	0.865811	0.014240	0.500169	0.498835	-0.102828	-0.860575	0.039177	0.994597	-0.096133
1738	-150.356617	-3.471267	22.048171	0.865811	0.014240	0.500169	0.500311	-0.040174	-0.864913	0.007778	0.999091	-0.041907
1739	-150.105591	-3.468313	22.113383	0.865811	0.014240	0.500169	0.499812	0.022639	-0.865838	-0.023653	0.999642	0.012484
1740	-149.854668	-3.461020	22.178649	0.865811	0.014240	0.500169	0.497341	0.085362	-0.863346	-0.054989	0.996248	0.066826
1741	-149.638215	-3.457460	22.303692	0.865811	0.014240	0.500169	0.497341	0.085362	-0.863346	-0.054989	0.996248	0.066826
1742	-149.421763	-3.453900	22.428734	0.865811	0.014240	0.500169	0.497341	0.085362	-0.863346	-0.054989	0.996248	0.066826
1743	-149.205310	-3.450340	22.553776	0.865811	0.014240	0.500169	0.497341	0.085362	-0.863346	-0.054989	0.996248	0.066826
1744	-148.988857	-3.446780	22.678818	0.865811	0.014240	0.500169	0.497341	0.085362	-0.863346	-0.054989	0.996248	0.066826
1745	-148.772405	-3.443220	22.803860	0.865811	0.014240	0.500169	0.497341	0.085362	-0.863346	-0.054989	0.996248	0.066826
1746	-148.555952	-3.439660	22.928903	0.865811	0.014240	0.500169	0.497341	0.085362	-0.863346	-0.054989	0.996248	0.066826
1747	-148.339499	-3.436100	23.053945	0.865811	0.014240	0.500169	0.497341	0.085362	-0.863346	-0.054989	0.996248	0.066826
1748	-148.123047	-3.432540	23.178987	0.865811	0.014240	0.500169	0.497341	0.085362	-0.863346	-0.054989	0.996248	0.066826
1749	-147.906594	-3.428980	23.304029	0.865811	0.014240	0.500169	0.497341	0.085362	-0.863346	-0.054989	0.996248	0.066826
1750	-147.690141	-3.425420	23.429072	0.865811	0.014240	0.500169	0.497341	0.085362	-0.863346	-0.054989	0.996248	0.066826
1751	-147.473688	-3.421861	23.554114	0.865811	0.014240	0.500169	0.497341	0.085362	-0.863346	-0.054989	0.996248	0.066826
1752	-147.257236	-3.418301	23.679156	0.865811	0.014240	0.500169	0.497341	0.085362	-0.863346	-0.054989	0.996248	0.066826
1753	-147.040783	-3.414741	23.804198	0.865811	0.014240	0.500169	0.497341	0.085362	-0.863346	-0.054989	0.996248	0.066826
1754	-146.824330	-3.411181	23.929240	0.865811	0.014240	0.500169	0.497341	0.085362	-0.863346	-0.054989	0.996248	0.066826
1755	-146.607878	-3.407621	24.054283	0.865811	0.014240	0.500169	0.497341	0.085362	-0.863346	-0.054989	0.996248	0.066826
1756	-146.391425	-3.404061	24.179325	0.865811	0.014240	0.500169	0.497341	0.085362	-0.863346	-0.054989	0.996248	0.066826
1757	-146.174972	-3.400501	24.304367	0.865811	0.014240	0.500169	0.497341	0.085362	-0.863346	-0.054989	0.996248	0.066826
1758	-145.958520	-3.396941	24.429409	0.865811	0.014240	0.500169	0.497341	0.085362	-0.863346	-0.054989	0.996248	0.066826
1759	-145.742067	-3.393381	24.554451	0.865811	0.014240	0.500169	0.497341	0.085362	-0.863346	-0.054989	0.996248	0.066826
1760	-145.525614	-3.389821	24.679494	0.865811	0.014240	0.500169	0.497341	0.085362	-0.863346	-0.054989	0.996248	0.066826
1761	-145.309161	-3.386261	24.804536	0.865811	0.014240	0.500169	0.497341	0.085362	-0.863346	-0.054989	0.996248	0.066826
1762	-145.092709	-3.382701	24.929578	0.865811	0.014240	0.500169	0.497341	0.085362	-0.863346	-0.054989	0.996248	0.066826
1763	-144.876256	-3.379141	25.054620	0.865811	0.014240	0.500169	0.497341	0.085362	-0.863346	-0.054989	0.996248	0.066826
1764	-144.659803	-3.375581	25.179663	0.865811	0.014240	0.500169	0.497341	0.085362	-0.863346	-0.054989	0.996248	0.066826
1765	-144.443351	-3.372021	25.304705	0.865811	0.014240	0.500169	0.497341	0.085362	-0.863346	-0.054989	0.996248	0.066826
1766	-144.226898	-3.368461	25.429747	0.865811	0.014240	0.500169	0.497341	0.085362	-0.863346	-0.054989	0.996248	0.066826
1767	-144.010445	-3.364901	25.554789	0.865811	0.014240	0.500169	0.497341	0.085362	-0.863346	-0.054989	0.996248	0.066826
1768	-143.793993	-3.361342	25.679831	0.865811	0.014240	0.500169	0.497341	0.085362	-0.863346	-0.054989	0.996248	0.066826
1769	-143.577540	-3.357782	25.804874	0.865811	0.014240	0.500169	0.497341	0.085362	-0.863346	-0.054989	0.996248	0.066826
1770	-143.361087	-3.354222	25.929916	0.865811	0.014240	0.500169	0.497341	0.085362	-0.863346	-0.054989	0.996248	0.066826
1771	-143.144634	-3.350662	26.054958	0.865811	0.014240	0.500169	0.497341	0.085362	-0.863346	-0.054989	0.996248	0.066826
1772	-142.928182	-3.347102	26.180000	0.865811	0.014240	0.500169	0.497341	0.085362	-0.863346	-0.054989	0.996248	0.066826
1773	-142.711729	-3.343542	26.305042	0.865811	0.014240	0.500169	0.497341	0.085362	-0.863346	-0.054989	0.996248	0.066826
1774	-142.495276	-3.339982	26.430085	0.865811	0.014240	0.500169	0.497341	0.085362	-0.863346	-0.054989	0.996248	0.066826
1775	-142.278824	-3.336422	26.555127	0.865811	0.014240	0.500169	0.497341	0.085362	-0.863346	-0.054989	0.996248	0.066826
1776	-142.062371	-3.332862	26.680169	0.865811	0.014240	0.500169	0.497341	0.085362	-0.863346	-0.054989	0.996248	0.066826
1777	-141.845918	-3.329302	26.805211	0.865811	0.014240	0.500169	0.497341	0.085362	-0.863346	-0.054989	0.996248	0.066826
1778	-141.629466	-3.325742	26.930254	0.865811	0.014240	0.500169	0.497341	0.085362	-0.863346	-0.054989	0.996248	0.066826
1779	-141.413013	-3.322182	27.055296	0.865811	0.014240	0.500169	0.497341	0.085362	-0.863346	-0.054989	0.996248	0.066826
1780	-141.196560	-3.318622	27.180338	0.865811	0.014240	0.500169	0.497341	0.085362	-0.863346	-0.054989	0.996248	0.066826
1781	-140.980107	-3.315062	27.305380	0.865811	0.014240	0.500169	0.497341	0.085362	-0.863346	-0.054989	0.996248	0.066826
1782	-140.763655	-3.311502	27.430422	0.865811	0.014240	0.500169	0.497341	0.085362	-0.863346	-0.054989	0.996248	0.066826
1783	-140.547202	-3.307942	27.555465	0.865811	0.014240	0.500169	0.497341	0.085362	-0.863346	-0.054989	0.996248	0.066826
1784	-140.330749	-3.304383	27.680507	0.865811	0.014240	0.500169	0.497341	0.085362	-0.863346	-0.054989	0.996248	0.066826
1785	-140.114297	-3.300823	27.805549	0.865811	0.014240	0.500169	0.497341	0.085362	-0.863346	-0.054989	0.996248	0.066826
1786	-139.897844	-3.297263	27.930591	0.865811	0.014240	0.500169	0.497341	0.085362	-0.863346	-0.054989	0.996248	0.066826
1787	-139.681391	-3.293703	28.055633	0.865811	0.014240	0.500169	0.497341	0.085362	-0.863346	-0.054989	0.996248	0.066826
1788	-139.464939	-3.290143	28.180676	0.865811	0.014240	0.500169	0.497341	0.085362	-0.863346	-0.054989	0.996248	0.066826
1789	-139.248486	-3.286583	28.305718	0.865811	0.014240	0.500169	0.497341	0.085362	-0.863346	-0.054989	0.996248	0.066826
1790	-139.032033	-3.283023	28.430760	0.865811	0.014240	0.500169	0.497341	0.085362	-0.863346	-0.054989	0.996248	0.066826
1791	-138.815580	-3.279463	28.555802	0.865811	0.014240	0.500169	0.497341	0.085362	-0.863346	-0.054989	0.996248	0.066826
1792	-138.599128	-3.275903	28.680845	0.865811	0.014240	0.500169	0.497341	0.085362	-0.863346	-0.054989	0.996248	0.066826
1793	-138.382675	-3.272343	28.805887	0.865811	0.014240	0.500169	0.497341	0.085362	-0.863346	-0.054989	0.996248	0.066826
1794	-138.166222	-3.268783	28.930929	0.865811	0.014240	0.500169	0.497341	0.085362	-0.863346	-0.054989	0.996248	0.066826
1795	-137.949770	-3.265223	29.055971	0.865811	0.014240	0.500169	0.497341	0.085362	-0.863346	-0.054989	0.996248	0.066826
1796	-137.733317	-3.261663	29.181013	0.865811	0.014240	0.500169	0.497341	0.085362	-0.863346	-0.054989	0.996248	0.066826
1797	-137.516864	-3.258103	29.306056	0.865811	0.014240	0.500169	0.497341	0.085362	-0.863346	-0.054989	0.996248	0.066826
1798	-137.300412	-3.254543	29.431098	0.865811	0.014240	0.500169	0.497341	0.085362	-0.863346	-0.054989	0.996248	0.066826
1799	-137.083959	-3.250983	29.556140	0.865811	0.014240	0.500169	0.497341	0.085362	-0.863346	-0.054989	0.996248	0.066826
1800	-136.867506	-3.247423	29.681182	0.865811	0.014240	0.500169	0.497341	0.085362	-0.863346	-0.054989	0.996248	0.066826
1801	-136.638639	-3.243554	29.813411	0.864908	0.028026	0.501147	0.497442	0.085362	-0.863287	-0.066973	0.995956	0.059889
1802	-136.409999	-3.236041	29.945919	0.863722	0.041806	0.502231	0.497745	0.085362	-0.863113	-0.078955	0.995473	0.052920
1803	-136.181665	-3.224886	30.078741	0.862253	0.055579	0.503420	0.498249	0.085362	-0.862821	-0.090927	0.994799	0.045912
1804	-135.953715	-3.210089	30.211910	0.860499	0.069341	0.504711	0.498955	0.085362	-0.862414	-0.102883	0.993934	0.038856
1805	-135.726228	-3.191655	30.345460	0.858462	0.083089	0.506102	0.499861	0.085362	-0.861889	-0.114816	0.992879	0.031747
1806	-135.499283	-3.169587	30.479423	0.856140	0.096822	0.507592	0.500966	0.085362	-0.861247	-0.126717	0.991634	0.024578
1807	-135.272958	-3.143889	30.613831	0.853535	0.110536	0.509175	0.502268	0.085362	-0.860488	-0.138579	0.990200	0.017341
1808	-135.047333	-3.114566	30.748715	0.850647	0.124229	0.510850	0.503767	0.085362	-0.859611	-0.150396	0.988575	0.010031
1809	-134.822486	-3.081624	30.884104	0.847475	0.137898	0.512611	0.505461	0.085362	-0.858617	-0.162159	0.986761	0.002640
1810	-134.598496	-3.045069	31.020026	0.844021	0.151541	0.514455	0.507347	0.085362	-0.857504	-0.173862	0.984758	-0.004836
1811	-134.375442	-3.004907	31.156509	0.840285	0.165155	0.516377	0.509423	0.085362	-0.856272	-0.185496	0.982567	-0.012405
1812	-134.153401	-2.961147	31.293579	0.836268	0.178737	0.518371	0.511688	0.085362	-0.854920	-0.197055	0.980187	-0.020072
1813	-133.932453	-2.913798	31.431259	0.831972	0.192284	0.520432	0.514138	0.085362	-0.853449	-0.208530	0.977620	-0.027842
1814	-133.712675	-2.862867	31.569572	0.827397	0.205796	0.522553	0.516770	0.085362	-0.851858	-0.219915	0.974865	-0.035720
1815	-133.494144	-2.808365	31.708538	0.822546	0.219267	0.524729	0.519581	0.085362	-0.850146	-0.231201	0.971923	-0.043713
1816	-133.276939	-2.750302	31.848176	0.817419	0.232697	0.526952	0.522568	0.085362	-0.848313	-0.242382	0.968796	-0.051823
1817	-133.061136	-2.688690	31.988504	0.812018	0.246082	0.529217	0.525728	0.085362	-0.846359	-0.253449	0.965483	-0.060057
1818	-132.846811	-2.623540	32.129534	0.806346	0.259420	0.531514	0.529057	0.085362	-0.844282	-0.264395	0.961985	-0.068416
1819	-132.634040	-2.554865	32.271281	0.800405	0.272708	0.533838	0.532551	0.085362	-0.842082	-0.275212	0.958302	-0.076907
1820	-132.422899	-2.482677	32.413753	0.794197	0.285944	0.536179	0.536205	0.085362	-0.839760	-0.285894	0.954437	-0.085530
1821	-132.213462	-2.406991	32.556958	0.787725	0.299125	0.538529	0.540017	0.085362	-0.837314	-0.296432	0.950388	-0.094291
1822	-132.005804	-2.327822	32.700902	0.780992	0.312249	0.540881	0.543980	0.085362	-0.834745	-0.306819	0.946157	-0.103190
1823	-131.799996	-2.245183	32.845588	0.774000	0.325313	0.543226	0.548091	0.085362	-0.832051	-0.317048	0.941745	-0.112231
1824	-131.596113	-2.159092	32.991015	0.766755	0.338315	0.545554	0.552344	0.085362	-0.829234	-0.327112	0.937153	-0.121415
1825	-131.394224	-2.069564	33.137180	0.759259	0.351252	0.547858	0.556736	0.085362	-0.826292	-0.337003	0.932381	-0.130743
1826	-131.194400	-1.976618	33.284079	0.751516	0.364122	0.550126	0.561260	0.085362	-0.823226	-0.346714	0.927431	-0.140216
1827	-130.996710	-1.880269	33.431704	0.743531	0.376922	0.552351	0.565912	0.085362	-0.820035	-0.356239	0.922303	-0.149835
1828	-130.801223	-1.780538	33.580043	0.735307	0.389650	0.554523	0.570685	0.085362	-0.816720	-0.365570	0.916999	-0.159600
1829	-130.608005	-1.677443	33.729084	0.726851	0.402303	0.556633	0.575576	0.085362	-0.813281	-0.374701	0.911518	-0.169510
1830	-130.417120	-1.571004	33.878808	0.718166	0.414879	0.558670	0.580577	0.085362	-0.809718	-0.383625	0.905864	-0.179565
1831	-130.228634	-1.461241	34.029198	0.709259	0.427376	0.560626	0.585683	0.085362	-0.806033	-0.392335	0.900035	-0.189763
1832	-130.042609	-1.348175	34.180231	0.700135	0.439790	0.562491	0.590889	0.085362	-0.802224	-0.400826	0.894034	-0.200102
1833	-129.859104	-1.231828	34.331881	0.690799	0.452121	0.564254	0.596188	0.085362	-0.798294	-0.409091	0.887863	-0.210581
1834	-129.678179	-1.112223	34.484122	0.681259	0.464365	0.565908	0.601575	0.085362	-0.794242	-0.417125	0.881520	-0.221197
1835	-129.499892	-0.989382	34.636921	0.671520	0.476520	0.567441	0.607043	0.085362	-0.790071	-0.424923	0.875010	-0.231946
1836	-129.324297	-0.863328	34.790245	0.661590	0.488584	0.568845	0.612587	0.085362	-0.785780	-0.432478	0.868331	-0.242825
1837	-129.151448	-0.734086	34.944058	0.651474	0.500554	0.570111	0.618199	0.085362	-0.781373	-0.439785	0.861486	-0.253831
1838	-128.981396	-0.601681	35.098320	0.641182	0.512428	0.571229	0.623874	0.085362	-0.776849	-0.446841	0.854477	-0.264958
1839	-128.814190	-0.466137	35.252990	0.630719	0.524205	0.572191	0.629606	0.085362	-0.772211	-0.453640	0.847303	-0.276203
1840	-128.649877	-0.327482	35.408022	0.620095	0.535880	0.572987	0.635388	0.085362	-0.767460	-0.460178	0.839968	-0.287559
1841	-128.488502	-0.185741	35.563370	0.609317	0.547453	0.573610	0.641214	0.085362	-0.762599	-0.466452	0.832471	-0.299022
1842	-128.330107	-0.040941	35.718984	0.598392	0.558922	0.574050	0.647078	0.085362	-0.757630	-0.472458	0.824815	-0.310586
1843	-128.174732	0.106889	35.874810	0.587331	0.570283	0.574299	0.652973	0.085362	-0.752555	-0.478193	0.817001	-0.322244
1844	-128.022413	0.257721	36.030796	0.576141	0.581535	0.574351	0.658893	0.085362	-0.747377	-0.483654	0.809030	-0.333989
1845	-127.873185	0.411527	36.186883	0.564831	0.592676	0.574196	0.664833	0.085362	-0.742099	-0.488839	0.800905	-0.345815
1846	-127.727081	0.568277	36.343012	0.553411	0.603703	0.573829	0.670785	0.085362	-0.736723	-0.493745	0.792626	-0.357714
1847	-127.584130	0.727941	36.499122	0.541889	0.614614	0.573242	0.676744	0.085362	-0.731253	-0.498372	0.784196	-0.369679
1848	-127.444358	0.890489	36.655149	0.530275	0.625408	0.572428	0.682703	0.085362	-0.725692	-0.502718	0.775615	-0.381703
1849	-127.307789	1.055888	36.811029	0.518578	0.636082	0.571381	0.688658	0.085362	-0.720044	-0.506782	0.766885	-0.393776
1850	-127.174444	1.224108	36.966693	0.506808	0.646634	0.570096	0.694601	0.085362	-0.714313	-0.510564	0.758009	-0.405890
1851	-127.044341	1.395117	37.122074	0.494975	0.657062	0.568568	0.700527	0.085362	-0.708502	-0.514064	0.748988	-0.418038
1852	-126.917495	1.568881	37.277101	0.483087	0.667365	0.566790	0.706431	0.085362	-0.702616	-0.517284	0.739823	-0.430210
1853	-126.793919	1.745368	37.431701	0.471156	0.677539	0.564758	0.712306	0.085362	-0.696659	-0.520223	0.730516	-0.442397
1854	-126.673621	1.924543	37.585803	0.459191	0.687584	0.562469	0.718148	0.085362	-0.690635	-0.522883	0.721069	-0.454590
1855	-126.556609	2.106372	37.739331	0.447201	0.697497	0.559919	0.723952	0.085362	-0.684549	-0.525267	0.711485	-0.466780
1856	-126.442885	2.290821	37.892210	0.435196	0.707277	0.557103	0.729711	0.085362	-0.678406	-0.527377	0.701764	-0.478959
1857	-126.332450	2.477854	38.044364	0.423186	0.716921	0.554020	0.735422	0.085362	-0.672211	-0.529215	0.691909	-0.491115
1858	-126.225302	2.667435	38.195717	0.411180	0.726428	0.550667	0.741080	0.085362	-0.665968	-0.530784	0.681921	-0.503242
1859	-126.121441	2.859528	38.346194	0.399183	0.735796	0.547045	0.746685	0.085362	-0.659677	-0.532085	0.671802	-0.515333
1860	-126.020864	3.054096	38.495724	0.387202	0.745022	0.543154	0.752237	0.085362	-0.653340	-0.533117	0.661555	-0.527381
1861	-125.923565	3.251102	38.644231	0.375242	0.754106	0.538996	0.757735	0.085362	-0.646955	-0.533883	0.651181	-0.539381
1862	-125.829538	3.450508	38.791643	0.363310	0.763046	0.534571	0.763179	0.085362	-0.640524	-0.534382	0.640683	-0.551328
1863	-125.738777	3.652277	38.937886	0.351412	0.771839	0.529881	0.768568	0.085362	-0.634048	-0.534615	0.630061	-0.563214
1864	-125.651270	3.856368	39.082889	0.339553	0.780485	0.524926	0.773902	0.085362	-0.627526	-0.534583	0.619319	-0.575034
1865	-125.567008	4.062744	39.226578	0.327739	0.788981	0.519708	0.779181	0.085362	-0.620959	-0.534288	0.608459	-0.586783
1866	-125.485976	4.271364	39.368882	0.315976	0.797326	0.514228	0.784405	0.085362	-0.614348	-0.533731	0.597482	-0.598454
1867	-125.408162	4.482189	39.509730	0.304270	0.805518	0.508488	0.789572	0.085362	-0.607692	-0.532913	0.586390	-0.610041
1868	-125.333550	4.695178	39.649049	0.292627	0.813556	0.502489	0.794682	0.085362	-0.600994	-0.531836	0.575186	-0.621540
1869	-125.262120	4.910291	39.786769	0.281053	0.821439	0.496234	0.799736	0.085362	-0.594252	-0.530501	0.563872	-0.632943
1870	-125.193856	5.127487	39.922820	0.269553	0.829163	0.489724	0.804733	0.085362	-0.587468	-0.528911	0.552450	-0.644245
1871	-125.128735	5.346723	40.057132	0.258132	0.836730	0.482961	0.809672	0.085362	-0.580642	-0.527067	0.540922	-0.655442
1872	-125.066737	5.567958	40.189637	0.246797	0.844135	0.475948	0.814553	0.085362	-0.573774	-0.524971	0.529291	-0.666526
1873	-125.007836	5.791149	40.320265	0.235554	0.851379	0.468687	0.819376	0.085362	-0.566865	-0.522626	0.517558	-0.677492
1874	-124.952008	6.016254	40.448949	0.224406	0.858460	0.461180	0.824140	0.085362	-0.559916	-0.520033	0.505726	-0.688336
1875	-124.899226	6.243229	40.575622	0.213361	0.865377	0.453431	0.828846	0.085362	-0.552927	-0.517196	0.493797	-0.699051
1876	-124.849463	6.472032	40.700217	0.202424	0.872128	0.445441	0.833492	0.085362	-0.545898	-0.514117	0.481774	-0.709632
1877	-124.802687	6.702617	40.822668	0.191599	0.878712	0.437213	0.838078	0.085362	-0.538830	-0.510798	0.469658	-0.720074
1878	-124.758868	6.934942	40.942910	0.180892	0.885127	0.428751	0.842605	0.085362	-0.531724	-0.507242	0.457453	-0.730371
1879	-124.717974	7.168961	41.060880	0.170309	0.891373	0.420058	0.847071	0.085362	-0.524579	-0.503453	0.445159	-0.740519
1880	-124.679969	7.404631	41.176514	0.159854	0.897449	0.411136	0.851477	0.085362	-0.517398	-0.499433	0.432781	-0.750511
1881	-124.644820	7.641904	41.289749	0.149533	0.903352	0.401989	0.855822	0.085362	-0.510179	-0.495186	0.420320	-0.760344
1882	-124.612488	7.880737	41.400524	0.139351	0.909082	0.392620	0.860106	0.085362	-0.502923	-0.490714	0.407778	-0.770011
1883	-124.582937	8.121083	41.508778	0.129312	0.914639	0.383033	0.864328	0.085362	-0.495632	-0.486021	0.395158	-0.779509
1884	-124.556125	8.362897	41.614452	0.119422	0.920020	0.373232	0.868488	0.085362	-0.488305	-0.481110	0.382462	-0.788832
1885	-124.532012	8.606132	41.717487	0.109684	0.925224	0.363220	0.872586	0.085362	-0.480943	-0.475986	0.369693	-0.797975
1886	-124.510556	8.850741	41.817824	0.100105	0.930252	0.353001	0.876622	0.085362	-0.473547	-0.470651	0.356853	-0.806934
1887	-124.491714	9.096678	41.915409	0.090688	0.935102	0.342579	0.880595	0.085362	-0.466117	-0.465110	0.343945	-0.815705
1888	-124.475440	9.343895	42.010185	0.081439	0.939772	0.331958	0.884505	0.085362	-0.458654	-0.459367	0.330971	-0.824282
1889	-124.461689	9.592346	42.102097	0.072361	0.944262	0.321143	0.888352	0.085362	-0.451158	-0.453425	0.317934	-0.832661
1890	-124.450413	9.841982	42.191093	0.063458	0.948572	0.310136	0.892136	0.085362	-0.443629	-0.447288	0.304836	-0.840838
1891	-124.441564	10.092756	42.277119	0.054736	0.952700	0.298944	0.895855	0.085362	-0.436069	-0.440962	0.291679	-0.848809
1892	-124.435092	10.344620	42.360127	0.046198	0.956645	0.287569	0.899511	0.085362	-0.428478	-0.434449	0.278466	-0.856569
1893	-124.430948	10.597525	42.440064	0.037849	0.960407	0.276017	0.903102	0.085362	-0.420856	-0.427755	0.265201	-0.864115
1894	-124.429078	10.851423	42.516884	0.029691	0.963985	0.264293	0.906629	0.085362	-0.413204	-0.420883	0.251884	-0.871442
1895	-124.429429	11.106266	42.590538	0.021730	0.967379	0.252400	0.910091	0.085362	-0.405522	-0.413839	0.238519	-0.878548
1896	-124.431949	11.362004	42.660982	0.013969	0.970587	0.240344	0.913487	0.085362	-0.397812	-0.406627	0.225108	-0.885427
1897	-124.436582	11.618589	42.728169	0.006411	0.973610	0.228130	0.916819	0.085362	-0.390073	-0.399252	0.211655	-0.892076
1898	-124.443272	11.875972	42.792057	-0.000939	0.976445	0.215762	0.920085	0.085362	-0.382306	-0.391719	0.198161	-0.898493
1899	-124.451962	12.134103	42.852604	-0.008079	0.979094	0.203246	0.923285	0.085362	-0.374512	-0.384032	0.184628	-0.904672
1900	-124.462593	12.392932	42.909769	-0.015005	0.981556	0.190587	0.926419	0.085362	-0.366691	-0.376196	0.171061	-0.910612
1901	-124.475109	12.652411	42.963514	-0.021714	0.983829	0.177789	0.929486	0.085362	-0.358843	-0.368217	0.157461	-0.916309
1902	-124.489447	12.912489	43.013799	-0.028203	0.985914	0.164859	0.932488	0.085362	-0.350970	-0.360099	0.143830	-0.921760
1903	-124.505549	13.173117	43.060590	-0.034469	0.987810	0.151800	0.935422	0.085362	-0.343072	-0.351848	0.130172	-0.926962
1904	-124.523353	13.434244	43.103850	-0.040509	0.989517	0.138620	0.938290	0.085362	-0.335150	-0.343469	0.116489	-0.931912
1905	-124.542796	13.695822	43.143547	-0.046320	0.991034	0.125323	0.941090	0.085362	-0.327203	-0.334967	0.102784	-0.936607
1906	-124.563816	13.957799	43.179648	-0.051899	0.992362	0.111914	0.943824	0.085362	-0.319233	-0.326348	0.089059	-0.941045
1907	-124.586349	14.220125	43.212123	-0.057245	0.993499	0.098399	0.946490	0.085362	-0.311241	-0.317617	0.075317	-0.945223
1908	-124.610331	14.482751	43.240944	-0.062354	0.994446	0.084784	0.949088	0.085362	-0.303226	-0.308779	0.061561	-0.949140
1909	-124.635697	14.745626	43.266082	-0.067225	0.995203	0.071075	0.951618	0.085362	-0.295189	-0.299840	0.047792	-0.952792
1910	-124.662382	15.008699	43.287512	-0.071855	0.995769	0.057277	0.954080	0.085362	-0.287131	-0.290806	0.034015	-0.956177
1911	-124.690319	15.271920	43.305210	-0.076242	0.996145	0.043395	0.956474	0.085362	-0.279053	-0.281681	0.020231	-0.959295
1912	-124.719441	15.535239	43.319152	-0.080385	0.996329	0.029437	0.958800	0.085362	-0.270954	-0.272473	0.006443	-0.962142
1913	-124.749682	15.798606	43.329318	-0.084281	0.996323	0.015407	0.961057	0.085362	-0.262837	-0.263185	-0.007346	-0.964717
1914	-124.780973	16.061969	43.335688	-0.087930	0.996126	0.001311	0.963245	0.085362	-0.254700	-0.253825	-0.021133	-0.967019
1915	-124.813247	16.325279	43.338244	-0.091328	0.995738	-0.012845	0.965364	0.085362	-0.246546	-0.244398	-0.034917	-0.969046
1916	-124.846436	16.588485	43.336970	-0.094477	0.995159	-0.027054	0.967415	0.085362	-0.238373	-0.234910	-0.048694	-0.970797
1917	-124.880469	16.851536	43.331851	-0.097373	0.994390	-0.041312	0.969396	0.085362	-0.230184	-0.225366	-0.062461	-0.972270
1918	-124.915279	17.114383	43.322874	-0.100016	0.993431	-0.055611	0.971308	0.085362	-0.221978	-0.215773	-0.076217	-0.973465
1919	-124.950795	17.376975	43.310027	-0.102404	0.992281	-0.069946	0.973150	0.085362	-0.213756	-0.206136	-0.089958	-0.974380
1920	-124.986948	17.639261	43.293301	-0.104538	0.990941	-0.084311	0.974923	0.085362	-0.205519	-0.196461	-0.103681	-0.975015
1921	-125.023667	17.901192	43.272687	-0.106416	0.989411	-0.098700	0.976626	0.085362	-0.197268	-0.186754	-0.117385	-0.975369
1922	-125.060883	18.162716	43.248179	-0.108038	0.987692	-0.113106	0.978259	0.085362	-0.189002	-0.177021	-0.131067	-0.975441
1923	-125.098525	18.423785	43.219773	-0.109403	0.985783	-0.127524	0.979823	0.085362	-0.180723	-0.167268	-0.144723	-0.975232
1924	-125.136522	18.684348	43.187464	-0.110511	0.983686	-0.141948	0.981316	0.085362	-0.172430	-0.157500	-0.158351	-0.974740
1925	-125.174805	18.944355	43.151252	-0.111361	0.981400	-0.156372	0.982739	0.085362	-0.164126	-0.147725	-0.171950	-0.973966
1926	-125.213302	19.203757	43.111136	-0.111955	0.978927	-0.170788	0.984092	0.085362	-0.155810	-0.137947	-0.185515	-0.972910
1927	-125.251943	19.462503	43.067119	-0.112291	0.976266	-0.185192	0.985374	0.085362	-0.147482	-0.128173	-0.199045	-0.971572
1928	-125.290657	19.720544	43.019203	-0.112370	0.973417	-0.199578	0.986586	0.085362	-0.139144	-0.118409	-0.212536	-0.969952
1929	-125.329373	19.977831	42.967394	-0.112193	0.970383	-0.213938	0.987728	0.085362	-0.130796	-0.108660	-0.225987	-0.968051
1930	-125.368022	20.234315	42.911699	-0.111760	0.967163	-0.228268	0.988798	0.085362	-0.122439	-0.098933	-0.239395	-0.965869
1931	-125.406533	20.489945	42.852125	-0.111071	0.963757	-0.242561	0.989798	0.085362	-0.114073	-0.089233	-0.252757	-0.963406
1932	-125.444835	20.744675	42.788684	-0.110128	0.960167	-0.256811	0.990728	0.085362	-0.105699	-0.079566	-0.266070	-0.960664
1933	-125.482860	20.998453	42.721386	-0.108930	0.956392	-0.271012	0.991586	0.085362	-0.097317	-0.069939	-0.279333	-0.957644
1934	-125.520536	21.251233	42.650246	-0.107480	0.952435	-0.285158	0.992373	0.085362	-0.088928	-0.060357	-0.292542	-0.954346
1935	-125.557796	21.502965	42.575278	-0.105779	0.948295	-0.299244	0.993090	0.085362	-0.080533	-0.050825	-0.305694	-0.950772
1936	-125.594569	21.753602	42.496499	-0.103826	0.943974	-0.313262	0.993735	0.085362	-0.072132	-0.041350	-0.318789	-0.946923
1937	-125.630787	22.003095	42.413927	-0.101625	0.939472	-0.327208	0.994310	0.085362	-0.063726	-0.031938	-0.331822	-0.942801
1938	-125.666382	22.251396	42.327582	-0.099177	0.934790	-0.341075	0.994813	0.085362	-0.055316	-0.022594	-0.344792	-0.938407
1939	-125.701286	22.498459	42.237485	-0.096483	0.929929	-0.354858	0.995245	0.085362	-0.046901	-0.013323	-0.357696	-0.933743
1940	-125.735430	22.744235	42.143660	-0.093545	0.924889	-0.368550	0.995607	0.085362	-0.038483	-0.004133	-0.370531	-0.928811
1941	-125.768750	22.988677	42.046131	-0.090365	0.919673	-0.382147	0.995896	0.085362	-0.030063	0.004973	-0.383295	-0.923613
1942	-125.801177	23.231740	41.944925	-0.086944	0.914280	-0.395641	0.996115	0.085362	-0.021640	0.013988	-0.395986	-0.918150
1943	-125.832646	23.473375	41.840069	-0.083287	0.908713	-0.409029	0.996262	0.085362	-0.013216	0.022906	-0.408601	-0.912426
1944	-125.863093	23.713538	41.731592	-0.079393	0.902971	-0.422303	0.996338	0.085362	-0.004791	0.031723	-0.421137	-0.906442
1945	-125.892451	23.952182	41.619526	-0.075267	0.897056	-0.435459	0.996343	0.085362	0.003635	0.040433	-0.433593	-0.900201
1946	-125.920658	24.189260	41.503902	-0.070910	0.890970	-0.448491	0.996277	0.085362	0.012060	0.049030	-0.445966	-0.893706
1947	-125.947650	24.424729	41.384756	-0.066325	0.884713	-0.461394	0.996139	0.085362	0.020485	0.057509	-0.458254	-0.886959
1948	-125.973364	24.658542	41.262121	-0.061516	0.878286	-0.474162	0.995931	0.085362	0.028908	0.065865	-0.470454	-0.879963
1949	-125.997739	24.890655	41.136035	-0.056484	0.871691	-0.486789	0.995650	0.085362	0.037329	0.074093	-0.482564	-0.872721
1950	-126.020713	25.121024	41.006537	-0.051233	0.864930	-0.499272	0.995299	0.085362	0.045747	0.082187	-0.494581	-0.865237
1951	-126.042228	25.349604	40.873665	-0.045766	0.858002	-0.511603	0.994877	0.085362	0.054162	0.090143	-0.506503	-0.857513
1952	-126.062222	25.576352	40.737462	-0.040086	0.850910	-0.523779	0.994383	0.085362	0.062573	0.097955	-0.518329	-0.849553
1953	-126.080639	25.801223	40.597969	-0.034197	0.843656	-0.535794	0.993818	0.085362	0.070980	0.105619	-0.530055	-0.841360
1954	-126.097419	26.024176	40.455231	-0.028102	0.836239	-0.547644	0.993183	0.085362	0.079381	0.113130	-0.541680	-0.832937
1955	-126.112508	26.245168	40.309293	-0.021805	0.828663	-0.559323	0.992476	0.085362	0.087777	0.120483	-0.553201	-0.824289
1956	-126.125849	26.464155	40.160201	-0.015309	0.820928	-0.570827	0.991698	0.085362	0.096167	0.127673	-0.564616	-0.815419
1957	-126.137388	26.681096	40.008004	-0.008618	0.813035	-0.582151	0.990849	0.085362	0.104550	0.134696	-0.575923	-0.806331
1958	-126.147072	26.895950	39.852750	-0.001736	0.804987	-0.593290	0.989930	0.085362	0.112925	0.141548	-0.587119	-0.797029
1959	-126.154847	27.108676	39.694491	0.005333	0.796785	-0.604240	0.988940	0.085362	0.121292	0.148223	-0.598204	-0.787517
1960	-126.160663	27.319231	39.533277	0.012585	0.788430	-0.614996	0.987879	0.085362	0.129651	0.154718	-0.609173	-0.777799
1961	-126.164469	27.527578	39.369161	0.020016	0.779924	-0.625554	0.986747	0.085362	0.138000	0.161028	-0.620026	-0.767879
1962	-126.166216	27.733675	39.202199	0.027621	0.771268	-0.635910	0.985545	0.085362	0.146339	0.167150	-0.630760	-0.757762
1963	-126.165857	27.937482	39.032444	0.035396	0.762465	-0.646060	0.984272	0.085362	0.154668	0.173078	-0.641373	-0.747452
1964	-126.163344	28.138962	38.859954	0.043337	0.753516	-0.655999	0.982929	0.085362	0.162986	0.178810	-0.651864	-0.736953
1965	-126.158633	28.338075	38.684786	0.051439	0.744423	-0.665724	0.981515	0.085362	0.171292	0.184342	-0.662229	-0.726272
1966	-126.151679	28.534783	38.506998	0.059697	0.735187	-0.675231	0.980032	0.085362	0.179586	0.189669	-0.672468	-0.715411
1967	-126.142439	28.729049	38.326651	0.068107	0.725810	-0.684515	0.978478	0.085362	0.187867	0.194788	-0.682578	-0.704375
1968	-126.130871	28.920835	38.143804	0.076664	0.716294	-0.693574	0.976854	0.085362	0.196135	0.199695	-0.692557	-0.693171
1969	-126.116935	29.110104	37.958520	0.085363	0.706641	-0.702404	0.975161	0.085362	0.204389	0.204388	-0.702404	-0.681802
1970	-126.100592	29.296821	37.770861	0.094200	0.696853	-0.711001	0.973398	0.085362	0.212628	0.208863	-0.712116	-0.670274
1971	-126.081804	29.480949	37.580891	0.103168	0.686931	-0.719362	0.971565	0.085362	0.220851	0.213116	-0.721692	-0.658591
1972	-126.060531	29.662454	37.388674	0.112260	0.676878	-0.727485	0.969664	0.085362	0.229055	0.217142	-0.731129	-0.646761
1973	-126.036736	29.841300	37.194279	0.121465	0.666695	-0.735367	0.967696	0.085362	0.237230	0.220933	-0.740427	-0.634789
1974	-126.010383	30.017454	36.997773	0.130773	0.656384	-0.743007	0.965663	0.085362	0.245372	0.224483	-0.749582	-0.622683
1975	-125.981439	30.190881	36.799223	0.140174	0.645947	-0.750402	0.963569	0.085362	0.253473	0.227786	-0.758594	-0.610449
1976	-125.949876	30.361548	36.598699	0.149657	0.635387	-0.757553	0.961414	0.085362	0.261527	0.230837	-0.767461	-0.598095
1977	-125.915667	30.529423	36.396269	0.159211	0.624705	-0.764457	0.959202	0.085362	0.269526	0.233630	-0.776181	-0.585628
1978	-125.878790	30.694473	36.192003	0.168824	0.613904	-0.771116	0.956936	0.085362	0.277466	0.236161	-0.784752	-0.573055
1979	-125.839225	30.856668	35.985969	0.178487	0.602985	-0.777529	0.954618	0.085362	0.285338	0.238426	-0.793173	-0.560384
1980	-125.796956	31.015975	35.778237	0.188187	0.591950	-0.783697	0.952252	0.085362	0.293138	0.240421	-0.801441	-0.547621
1981	-125.751971	31.172364	35.568877	0.197913	0.580802	-0.789620	0.949841	0.085362	0.300859	0.242143	-0.809557	-0.534775
1982	-125.704259	31.325806	35.357958	0.207654	0.569543	-0.795299	0.947388	0.085362	0.308495	0.243590	-0.817517	-0.521852
1983	-125.653816	31.476271	35.145547	0.217398	0.558175	-0.800737	0.944898	0.085362	0.316041	0.244759	-0.825321	-0.508860
1984	-125.600638	31.623729	34.931714	0.227133	0.546699	-0.805934	0.942373	0.085362	0.323490	0.245648	-0.832966	-0.495806
1985	-125.544726	31.768154	34.716525	0.236849	0.535119	-0.810894	0.939819	0.085362	0.330838	0.246257	-0.840453	-0.482698
1986	-125.486084	31.909517	34.500049	0.246534	0.523437	-0.815619	0.937239	0.085362	0.338078	0.246585	-0.847778	-0.469541
1987	-125.424721	32.047791	34.282350	0.256175	0.511654	-0.820112	0.934637	0.085362	0.345205	0.246632	-0.854940	-0.456344
1988	-125.360647	32.182950	34.063495	0.265763	0.499774	-0.824376	0.932018	0.085362	0.352215	0.246398	-0.861939	-0.443112
1989	-125.293877	32.314967	33.843547	0.275286	0.487797	-0.828415	0.929386	0.085362	0.359103	0.245885	-0.868773	-0.429853
1990	-125.224428	32.443818	33.622570	0.284732	0.475728	-0.832233	0.926746	0.085362	0.365863	0.245092	-0.875441	-0.416573
1991	-125.152322	32.569478	33.400626	0.294091	0.463567	-0.835833	0.924101	0.085362	0.372491	0.244023	-0.881941	-0.403278
1992	-125.077582	32.691922	33.177775	0.303351	0.451317	-0.839221	0.921458	0.085362	0.378983	0.242679	-0.888272	-0.389975
1993	-125.000236	32.811128	32.954077	0.312503	0.438981	-0.842400	0.918820	0.085362	0.385335	0.241064	-0.894432	-0.376668
1994	-124.920315	32.927073	32.729590	0.321535	0.426560	-0.845376	0.916192	0.085362	0.391542	0.239180	-0.900422	-0.363364
1995	-124.837852	33.039733	32.504370	0.330438	0.414058	-0.848155	0.913579	0.085362	0.397600	0.237030	-0.906239	-0.350068
1996	-124.752884	33.149088	32.278472	0.339202	0.401477	-0.850740	0.910986	0.085362	0.403506	0.234620	-0.911882	-0.336785
1997	-124.665450	33.255117	32.051950	0.347815	0.388819	-0.853138	0.908418	0.085362	0.409256	0.231952	-0.917351	-0.323520
1998	-124.575594	33.357799	31.824854	0.356270	0.376086	-0.855354	0.905878	0.085362	0.414847	0.229033	-0.922644	-0.310276
1999	-124.483360	33.457115	31.597236	0.364557	0.363282	-0.857394	0.903373	0.085362	0.420275	0.225867	-0.927761	-0.297059
2000	-124.388796	33.553046	31.369142	0.372666	0.350408	-0.859264	0.900906	0.085362	0.425537	0.222460	-0.932699	-0.283873
2001	-124.291953	33.645573	31.140620	0.380590	0.337466	-0.860969	0.898482	0.085362	0.430631	0.218818	-0.937459	-0.270719
2002	-124.192884	33.734679	30.911713	0.388319	0.324460	-0.862516	0.896107	0.085362	0.435553	0.214946	-0.942040	-0.257603
2003	-124.091645	33.820347	30.682465	0.395845	0.311392	-0.863911	0.893783	0.085362	0.440301	0.210852	-0.946440	-0.244527
2004	-123.988294	33.902559	30.452916	0.403161	0.298264	-0.865159	0.891517	0.085362	0.444872	0.206541	-0.950659	-0.231493
2005	-123.882890	33.981301	30.223106	0.410258	0.285080	-0.866267	0.889312	0.085362	0.449264	0.202022	-0.954695	-0.218504
2006	-123.775497	34.056557	29.993071	0.417131	0.271840	-0.867240	0.887172	0.085362	0.453475	0.197302	-0.958549	-0.205562
2007	-123.666179	34.128313	29.762847	0.423771	0.258548	-0.868084	0.885102	0.085362	0.457502	0.192388	-0.962219	-0.192668
2008	-123.555002	34.196556	29.532467	0.430173	0.245207	-0.868806	0.883105	0.085362	0.461345	0.187288	-0.965705	-0.179823
2009	-123.442035	34.261271	29.301963	0.436330	0.231819	-0.869411	0.881186	0.085362	0.465000	0.182011	-0.969006	-0.167030
2010	-123.327348	34.322447	29.071365	0.442236	0.218387	-0.869905	0.879348	0.085362	0.468466	0.176564	-0.972122	-0.154288
2011	-123.211013	34.380073	28.840701	0.447886	0.204913	-0.870293	0.877595	0.085362	0.471742	0.170956	-0.975051	-0.141598
2012	-123.093103	34.434136	28.609998	0.453274	0.191399	-0.870580	0.875930	0.085362	0.474827	0.165196	-0.977793	-0.128960
2013	-122.973692	34.484626	28.379281	0.458396	0.177849	-0.870771	0.874356	0.085362	0.477718	0.159293	-0.980348	-0.116374
2014	-122.852858	34.531535	28.148572	0.463247	0.164265	-0.870873	0.872878	0.085362	0.480415	0.153255	-0.982716	-0.103839
2015	-122.730678	34.574852	27.917895	0.467823	0.150649	-0.870888	0.871496	0.085362	0.482916	0.147092	-0.984895	-0.091356
2016	-122.607230	34.614571	27.687268	0.472120	0.137004	-0.870823	0.870215	0.085362	0.485221	0.140813	-0.986886	-0.078922
2017	-122.482595	34.650682	27.456712	0.476135	0.123334	-0.870680	0.869037	0.085362	0.487328	0.134427	-0.988687	-0.066537
2018	-122.356852	34.683179	27.226243	0.479864	0.109639	-0.870465	0.867963	0.085362	0.489237	0.127944	-0.990299	-0.054201
2019	-122.230085	34.712057	26.995879	0.483305	0.095924	-0.870181	0.866997	0.085362	0.490947	0.121374	-0.991722	-0.041910
2020	-122.102374	34.737308	26.765634	0.486456	0.082190	-0.869831	0.866140	0.085362	0.492457	0.114726	-0.992954	-0.029663
2021	-121.973803	34.758929	26.535524	0.489313	0.068440	-0.869419	0.865394	0.085362	0.493768	0.108009	-0.993997	-0.017459
2022	-121.844456	34.776916	26.305560	0.491876	0.054678	-0.868947	0.864760	0.085362	0.494877	0.101234	-0.994849	-0.005296
2023	-121.714417	34.791265	26.075757	0.494142	0.040905	-0.868418	0.864240	0.085362	0.495785	0.094410	-0.995510	0.006830
2024	-121.583771	34.801972	25.846124	0.496111	0.027124	-0.867835	0.863834	0.085362	0.496492	0.087547	-0.995981	0.018919
2025	-121.452601	34.809037	25.616674	0.497783	0.013338	-0.867199	0.863543	0.085362	0.496997	0.080655	-0.996261	0.030974
2026	-121.320994	34.812458	25.387417	0.499155	-0.000451	-0.866512	0.863369	0.085362	0.497300	0.073743	-0.996350	0.042998
2027	-121.189035	34.812234	25.158362	0.500229	-0.014240	-0.865776	0.863311	0.085362	0.497401	0.066822	-0.996248	0.054994
2028	-121.056790	34.808365	24.929504	0.501207	-0.028026	-0.864873	0.863253	0.085362	0.497502	0.059885	-0.995956	0.066977
2029	-120.924266	34.800851	24.700874	0.502291	-0.041806	-0.863687	0.863078	0.085362	0.497805	0.052915	-0.995473	0.078959
2030	-120.791428	34.789696	24.472549	0.503480	-0.055579	-0.862218	0.862787	0.085362	0.498310	0.045905	-0.994799	0.090931
2031	-120.658243	34.774899	24.244608	0.504771	-0.069341	-0.860464	0.862379	0.085362	0.499015	0.038849	-0.993934	0.102886
2032	-120.524677	34.756465	24.017130	0.506162	-0.083089	-0.858426	0.861854	0.085362	0.499921	0.031739	-0.992879	0.114818
2033	-120.390698	34.734397	23.790195	0.507651	-0.096822	-0.856105	0.861212	0.085362	0.501026	0.024569	-0.991634	0.126718
2034	-120.256274	34.708699	23.563879	0.509235	-0.110536	-0.853500	0.860453	0.085362	0.502328	0.017331	-0.990200	0.138580
2035	-120.121375	34.679377	23.338264	0.510909	-0.124229	-0.850611	0.859576	0.085362	0.503827	0.010020	-0.988575	0.150397
2036	-119.985970	34.646434	23.113426	0.512671	-0.137898	-0.847439	0.858581	0.085362	0.505521	0.002629	-0.986761	0.162159
2037	-119.850032	34.609879	22.889446	0.514514	-0.151541	-0.843985	0.857468	0.085362	0.507407	-0.004848	-0.984758	0.173861
2038	-119.713534	34.569717	22.666401	0.516436	-0.165155	-0.840249	0.856236	0.085362	0.509483	-0.012418	-0.982567	0.185495
2039	-119.576449	34.525958	22.444370	0.518429	-0.178737	-0.836232	0.854885	0.085362	0.511748	-0.020085	-0.980187	0.197053
2040	-119.438753	34.478608	22.223431	0.520490	-0.192284	-0.831936	0.853413	0.085362	0.514197	-0.027856	-0.977620	0.208528
2041	-119.300425	34.427677	22.003663	0.522611	-0.205796	-0.827361	0.851822	0.085362	0.516829	-0.035736	-0.974865	0.219912
2042	-119.161443	34.373175	21.785142	0.524786	-0.219267	-0.822509	0.850110	0.085362	0.519640	-0.043729	-0.971923	0.231198
2043	-119.021790	34.315112	21.567946	0.527009	-0.232697	-0.817382	0.848277	0.085362	0.522628	-0.051840	-0.968796	0.242378
2044	-118.881447	34.253500	21.352153	0.529273	-0.246082	-0.811981	0.846322	0.085362	0.525787	-0.060074	-0.965483	0.253444
2045	-118.740402	34.188350	21.137838	0.531571	-0.259420	-0.806309	0.844245	0.085362	0.529116	-0.068435	-0.961985	0.264390
2046	-118.598641	34.119675	20.925077	0.533893	-0.272708	-0.800368	0.842045	0.085362	0.532610	-0.076926	-0.958302	0.275207
2047	-118.456154	34.047487	20.713946	0.536234	-0.285944	-0.794159	0.839723	0.085362	0.536264	-0.085550	-0.954437	0.285888
2048	-118.312934	33.971801	20.504519	0.538584	-0.299125	-0.787687	0.837277	0.085362	0.540075	-0.094311	-0.950388	0.296425
2049	-118.168975	33.892632	20.296871	0.540936	-0.312249	-0.780954	0.834707	0.085362	0.544038	-0.103212	-0.946157	0.306812
2050	-118.024275	33.809993	20.091073	0.543280	-0.325313	-0.773963	0.832013	0.085362	0.548149	-0.112253	-0.941745	0.317041
2051	-117.878834	33.723902	19.887200	0.545608	-0.338315	-0.766717	0.829195	0.085362	0.552402	-0.121437	-0.937153	0.327104
2052	-117.732654	33.634374	19.685321	0.547911	-0.351252	-0.759221	0.826253	0.085362	0.556794	-0.130766	-0.932381	0.336994
2053	-117.585741	33.541428	19.485508	0.550179	-0.364122	-0.751478	0.823186	0.085362	0.561318	-0.140240	-0.927431	0.346705
2054	-117.438103	33.445079	19.287828	0.552403	-0.376922	-0.743492	0.819995	0.085362	0.565969	-0.149860	-0.922303	0.356229
2055	-117.289750	33.345348	19.092352	0.554575	-0.389650	-0.735269	0.816680	0.085362	0.570742	-0.159625	-0.916999	0.365559
2056	-117.140696	33.242253	18.899144	0.556684	-0.402303	-0.726812	0.813241	0.085362	0.575632	-0.169536	-0.911518	0.374689
2057	-116.990958	33.135814	18.708270	0.558721	-0.414879	-0.718127	0.809678	0.085362	0.580633	-0.179592	-0.905864	0.383612
2058	-116.840555	33.026051	18.519794	0.560676	-0.427376	-0.709220	0.805992	0.085362	0.585740	-0.189790	-0.900035	0.392322
2059	-116.689509	32.912985	18.333779	0.562539	-0.439790	-0.700095	0.802183	0.085362	0.590945	-0.200130	-0.894034	0.400812
2060	-116.537846	32.796638	18.150285	0.564302	-0.452121	-0.690760	0.798252	0.085362	0.596244	-0.210610	-0.887863	0.409077
2061	-116.385593	32.677033	17.969371	0.565955	-0.464365	-0.681219	0.794200	0.085362	0.601631	-0.221226	-0.881520	0.417110
2062	-116.232782	32.554192	17.791094	0.567488	-0.476520	-0.671480	0.790028	0.085362	0.607098	-0.231976	-0.875010	0.424906
2063	-116.079445	32.428138	17.615510	0.568892	-0.488584	-0.661550	0.785738	0.085362	0.612642	-0.242855	-0.868331	0.432461
2064	-115.925620	32.298896	17.442672	0.570157	-0.500554	-0.651435	0.781329	0.085362	0.618254	-0.253861	-0.861486	0.439767
2065	-115.771346	32.166491	17.272630	0.571274	-0.512428	-0.641142	0.776805	0.085362	0.623929	-0.264989	-0.854477	0.446822
2066	-115.616664	32.030947	17.105435	0.572235	-0.524205	-0.630679	0.772167	0.085362	0.629660	-0.276234	-0.847303	0.453621
2067	-115.461621	31.892292	16.941134	0.573031	-0.535880	-0.620055	0.767416	0.085362	0.635442	-0.287591	-0.839968	0.460158
2068	-115.306261	31.750551	16.779769	0.573652	-0.547453	-0.609277	0.762555	0.085362	0.641267	-0.299055	-0.832471	0.466431
2069	-115.150637	31.605751	16.621385	0.574091	-0.558922	-0.598352	0.757585	0.085362	0.647131	-0.310619	-0.824815	0.472436
2070	-114.994799	31.457921	16.466020	0.574340	-0.570283	-0.587291	0.752510	0.085362	0.653026	-0.322277	-0.817001	0.478170
2071	-114.838803	31.307089	16.313712	0.574391	-0.581535	-0.576101	0.747331	0.085362	0.658946	-0.334023	-0.809030	0.483631
2072	-114.682706	31.153283	16.164496	0.574236	-0.592676	-0.564791	0.742052	0.085362	0.664885	-0.345849	-0.800905	0.488814
2073	-114.526567	30.996533	16.018403	0.573867	-0.603703	-0.553371	0.736676	0.085362	0.670836	-0.357749	-0.792626	0.493720
2074	-114.370447	30.836869	15.875462	0.573279	-0.614614	-0.541849	0.731206	0.085362	0.676795	-0.369714	-0.784196	0.498346
2075	-114.214409	30.674322	15.735701	0.572465	-0.625408	-0.530235	0.725645	0.085362	0.682754	-0.381738	-0.775615	0.502691
2076	-114.058520	30.508922	15.599143	0.571418	-0.636082	-0.518538	0.719996	0.085362	0.688708	-0.393811	-0.766885	0.506754
2077	-113.902846	30.340702	15.465809	0.570132	-0.646634	-0.506768	0.714265	0.085362	0.694651	-0.405926	-0.758009	0.510536
2078	-113.747457	30.169693	15.335717	0.568602	-0.657062	-0.494935	0.708453	0.085362	0.700576	-0.418074	-0.748988	0.514035
2079	-113.592421	29.995929	15.208882	0.566824	-0.667365	-0.483048	0.702566	0.085362	0.706480	-0.430246	-0.739823	0.517253
2080	-113.437812	29.819442	15.085316	0.564791	-0.677539	-0.471117	0.696609	0.085362	0.712355	-0.442433	-0.730516	0.520192
2081	-113.283702	29.640267	14.965030	0.562501	-0.687584	-0.459151	0.690584	0.085362	0.718197	-0.454627	-0.721069	0.522851
2082	-113.130166	29.458438	14.848028	0.559950	-0.697497	-0.447162	0.684498	0.085362	0.724000	-0.466817	-0.711485	0.525234
2083	-112.977279	29.273989	14.734314	0.557133	-0.707277	-0.435157	0.678355	0.085362	0.729759	-0.478996	-0.701764	0.527343
2084	-112.825117	29.086956	14.623890	0.554049	-0.716921	-0.423147	0.672160	0.085362	0.735469	-0.491152	-0.691909	0.529180
2085	-112.673757	28.897375	14.516753	0.550695	-0.726428	-0.411141	0.665916	0.085362	0.741127	-0.503279	-0.681921	0.530749
2086	-112.523272	28.705282	14.412903	0.547073	-0.735796	-0.399145	0.659625	0.085362	0.746731	-0.515370	-0.671802	0.532049
2087	-112.373736	28.510714	14.312335	0.543181	-0.745022	-0.387164	0.653287	0.085362	0.752283	-0.527418	-0.661555	0.533081
2088	-112.225222	28.313708	14.215047	0.539022	-0.754106	-0.375205	0.646902	0.085362	0.757780	-0.539419	-0.651181	0.533845
2089	-112.077803	28.114302	14.121031	0.534597	-0.763046	-0.363273	0.640471	0.085362	0.763224	-0.551365	-0.640683	0.534343
2090	-111.931553	27.912534	14.030279	0.529905	-0.771839	-0.351375	0.633994	0.085362	0.768612	-0.563251	-0.630061	0.534575
2091	-111.786544	27.708442	13.942783	0.524950	-0.780485	-0.339516	0.627472	0.085362	0.773946	-0.575072	-0.619319	0.534543
2092	-111.642849	27.502066	13.858530	0.519731	-0.788981	-0.327702	0.620904	0.085362	0.779225	-0.586820	-0.608459	0.534247
2093	-111.500539	27.293446	13.777509	0.514250	-0.797326	-0.315940	0.614293	0.085362	0.784447	-0.598491	-0.597482	0.533689
2094	-111.359687	27.082621	13.699705	0.508509	-0.805518	-0.304235	0.607637	0.085362	0.789614	-0.610079	-0.586390	0.532870
2095	-111.220363	26.869632	13.625102	0.502509	-0.813556	-0.292592	0.600938	0.085362	0.794724	-0.621577	-0.575186	0.531792
2096	-111.082637	26.654519	13.553682	0.496253	-0.821439	-0.281018	0.594196	0.085362	0.799778	-0.632980	-0.563872	0.530457
2097	-110.946581	26.437323	13.485427	0.489743	-0.829163	-0.269518	0.587412	0.085362	0.804774	-0.644282	-0.552450	0.528866
2098	-110.812265	26.218087	13.420316	0.482979	-0.836730	-0.258098	0.580585	0.085362	0.809712	-0.655478	-0.540922	0.527021
2099	-110.679756	25.996852	13.358327	0.475965	-0.844135	-0.246764	0.573717	0.085362	0.814593	-0.666562	-0.529291	0.524924
2100	-110.549123	25.773661	13.299435	0.468704	-0.851379	-0.235521	0.566808	0.085362	0.819416	-0.677529	-0.517558	0.522578
2101	-110.420435	25.548556	13.243616	0.461196	-0.858460	-0.224374	0.559859	0.085362	0.824179	-0.688372	-0.505726	0.519985
2102	-110.293759	25.321581	13.190844	0.453446	-0.865377	-0.213330	0.552869	0.085362	0.828884	-0.699087	-0.493797	0.517147
2103	-110.169161	25.092778	13.141088	0.445455	-0.872128	-0.202393	0.545840	0.085362	0.833530	-0.709668	-0.481774	0.514067
2104	-110.046706	24.862193	13.094321	0.437227	-0.878712	-0.191568	0.538772	0.085362	0.838116	-0.720110	-0.469658	0.510748
2105	-109.926461	24.629868	13.050511	0.428764	-0.885127	-0.180862	0.531665	0.085362	0.842642	-0.730407	-0.457453	0.507191
2106	-109.808488	24.395849	13.009625	0.420070	-0.891373	-0.170280	0.524520	0.085362	0.847108	-0.740554	-0.445159	0.503401
2107	-109.692852	24.160179	12.971629	0.411147	-0.897449	-0.159826	0.517338	0.085362	0.851513	-0.750546	-0.432781	0.499381
2108	-109.579614	23.922906	12.936487	0.401999	-0.903352	-0.149505	0.510119	0.085362	0.855858	-0.760378	-0.420320	0.495132
2109	-109.468837	23.684073	12.904163	0.392630	-0.909082	-0.139324	0.502863	0.085362	0.860141	-0.770046	-0.407778	0.490660
2110	-109.360581	23.443727	12.874619	0.383043	-0.914639	-0.129285	0.495571	0.085362	0.864362	-0.779543	-0.395158	0.485966
2111	-109.254905	23.201913	12.847814	0.373241	-0.920020	-0.119396	0.488244	0.085362	0.868522	-0.788866	-0.382462	0.481055
2112	-109.151869	22.958678	12.823709	0.363228	-0.925224	-0.109659	0.480882	0.085362	0.872620	-0.798009	-0.369693	0.475930
2113	-109.051529	22.714069	12.802260	0.353008	-0.930252	-0.100080	0.473486	0.085362	0.876655	-0.806967	-0.356853	0.470595
2114	-108.953943	22.468132	12.783424	0.342586	-0.935102	-0.090664	0.466056	0.085362	0.880628	-0.815737	-0.343945	0.465053
2115	-108.859167	22.220915	12.767157	0.331964	-0.939772	-0.081416	0.458592	0.085362	0.884538	-0.824314	-0.330971	0.459309
2116	-108.767253	21.972464	12.753413	0.321148	-0.944262	-0.072338	0.451096	0.085362	0.888384	-0.832693	-0.317934	0.453367
2117	-108.678257	21.722828	12.742143	0.310141	-0.948572	-0.063437	0.443567	0.085362	0.892167	-0.840869	-0.304836	0.447229
2118	-108.592229	21.472054	12.733300	0.298947	-0.952700	-0.054715	0.436007	0.085362	0.895886	-0.848840	-0.291679	0.440902
2119	-108.509222	21.220190	12.726834	0.287572	-0.956645	-0.046178	0.428415	0.085362	0.899541	-0.856599	-0.278466	0.434389
2120	-108.429284	20.967285	12.722695	0.276020	-0.960407	-0.037829	0.420793	0.085362	0.903132	-0.864145	-0.265201	0.427694
2121	-108.352464	20.713387	12.720830	0.264295	-0.963985	-0.029673	0.413141	0.085362	0.906658	-0.871472	-0.251884	0.420822
2122	-108.278810	20.458544	12.721187	0.252402	-0.967379	-0.021712	0.405459	0.085362	0.910119	-0.878576	-0.238519	0.413778
2123	-108.208367	20.202806	12.723712	0.240345	-0.970587	-0.013952	0.397748	0.085362	0.913515	-0.885455	-0.225108	0.406566
2124	-108.141180	19.946221	12.728350	0.228131	-0.973610	-0.006395	0.390009	0.085362	0.916846	-0.892104	-0.211655	0.399190
2125	-108.077292	19.688838	12.735044	0.215762	-0.976445	0.000954	0.382242	0.085362	0.920111	-0.898520	-0.198161	0.391656
2126	-108.016745	19.430707	12.743738	0.203246	-0.979094	0.008094	0.374447	0.085362	0.923311	-0.904699	-0.184628	0.383969
2127	-107.959581	19.171878	12.754374	0.190586	-0.981556	0.015019	0.366626	0.085362	0.926444	-0.910639	-0.171061	0.376132
2128	-107.905837	18.912399	12.766893	0.177788	-0.983829	0.021727	0.358778	0.085362	0.929511	-0.916335	-0.157461	0.368153
2129	-107.855553	18.652321	12.781235	0.164857	-0.985914	0.028215	0.350905	0.085362	0.932512	-0.921785	-0.143830	0.360035
2130	-107.808764	18.391693	12.797340	0.151798	-0.987810	0.034480	0.343007	0.085362	0.935446	-0.926986	-0.130172	0.351784
2131	-107.765505	18.130566	12.815147	0.138617	-0.989517	0.040518	0.335084	0.085362	0.938313	-0.931936	-0.116489	0.343404
2132	-107.725809	17.868988	12.834593	0.125319	-0.991034	0.046328	0.327138	0.085362	0.941113	-0.936630	-0.102784	0.334902
2133	-107.689709	17.607011	12.855615	0.111910	-0.992362	0.051907	0.319167	0.085362	0.943846	-0.941068	-0.089059	0.326282
2134	-107.657235	17.344685	12.878151	0.098395	-0.993499	0.057252	0.311174	0.085362	0.946511	-0.945245	-0.075317	0.317551
2135	-107.628417	17.082059	12.902135	0.084780	-0.994446	0.062360	0.303159	0.085362	0.949109	-0.949161	-0.061561	0.308713
2136	-107.603280	16.819184	12.927503	0.071070	-0.995203	0.067230	0.295122	0.085362	0.951639	-0.952813	-0.047792	0.299773
2137	-107.581852	16.556111	12.954188	0.057272	-0.995769	0.071859	0.287064	0.085362	0.954100	-0.956198	-0.034015	0.290739
2138	-107.564156	16.292890	12.982126	0.043390	-0.996145	0.076245	0.278986	0.085362	0.956494	-0.959314	-0.020231	0.281614
2139	-107.550216	16.029571	13.011250	0.029431	-0.996329	0.080387	0.270887	0.085362	0.958819	-0.962161	-0.006443	0.272405
2140	-107.540052	15.766204	13.041491	0.015401	-0.996323	0.084282	0.262770	0.085362	0.961075	-0.964736	0.007346	0.263118
2141	-107.533685	15.502841	13.072783	0.001304	-0.996126	0.087930	0.254633	0.085362	0.963263	-0.967037	0.021133	0.253758
2142	-107.531131	15.239531	13.105058	-0.012851	-0.995738	0.091328	0.246478	0.085362	0.965382	-0.969063	0.034917	0.244331
2143	-107.532407	14.976325	13.138246	-0.027061	-0.995159	0.094475	0.238306	0.085362	0.967431	-0.970813	0.048694	0.234842
2144	-107.537529	14.713274	13.172279	-0.041319	-0.994390	0.097370	0.230116	0.085362	0.969412	-0.972286	0.062461	0.225298
2145	-107.546508	14.450427	13.207088	-0.055618	-0.993431	0.100012	0.221910	0.085362	0.971323	-0.973480	0.076217	0.215705
2146	-107.559358	14.187835	13.242603	-0.069953	-0.992281	0.102399	0.213688	0.085362	0.973165	-0.974394	0.089958	0.206068
2147	-107.576086	13.925549	13.278755	-0.084318	-0.990941	0.104532	0.205451	0.085362	0.974937	-0.975028	0.103681	0.196392
2148	-107.596702	13.663619	13.315473	-0.098707	-0.989411	0.106409	0.197200	0.085362	0.976640	-0.975382	0.117385	0.186685
2149	-107.621213	13.402094	13.352687	-0.113114	-0.987692	0.108030	0.188934	0.085362	0.978273	-0.975453	0.131067	0.176953
2150	-107.649622	13.141025	13.390327	-0.127532	-0.985783	0.109394	0.180654	0.085362	0.979835	-0.975243	0.144723	0.167199
2151	-107.681933	12.880462	13.428322	-0.141956	-0.983686	0.110501	0.172362	0.085362	0.981328	-0.974751	0.158351	0.157432
2152	-107.718148	12.620455	13.466602	-0.156379	-0.981400	0.111350	0.164057	0.085362	0.982750	-0.973977	0.171950	0.147657
2153	-107.758267	12.361053	13.505096	-0.170796	-0.978927	0.111943	0.155741	0.085362	0.984103	-0.972920	0.185515	0.137879
2154	-107.802287	12.102307	13.543734	-0.185200	-0.976266	0.112278	0.147413	0.085362	0.985384	-0.971581	0.199045	0.128105
2155	-107.850205	11.844266	13.582445	-0.199586	-0.973417	0.112357	0.139075	0.085362	0.986596	-0.969961	0.212536	0.118341
2156	-107.902017	11.586979	13.621158	-0.213946	-0.970383	0.112178	0.130727	0.085362	0.987737	-0.968059	0.225987	0.108593
2157	-107.957715	11.330495	13.659802	-0.228276	-0.967163	0.111744	0.122370	0.085362	0.988807	-0.965876	0.239395	0.098865
2158	-108.017291	11.074865	13.698309	-0.242569	-0.963757	0.111054	0.114004	0.085362	0.989806	-0.963412	0.252757	0.089166
2159	-108.080735	10.820135	13.736607	-0.256819	-0.960167	0.110110	0.105630	0.085362	0.990735	-0.960670	0.266070	0.079499
2160	-108.148035	10.566357	13.774627	-0.271020	-0.956392	0.108911	0.097248	0.085362	0.991593	-0.957649	0.279333	0.069872
2161	-108.219178	10.313577	13.812298	-0.285166	-0.952435	0.107460	0.088859	0.085362	0.992380	-0.954350	0.292542	0.060290
2162	-108.294149	10.061845	13.849553	-0.299251	-0.948295	0.105758	0.080464	0.085362	0.993096	-0.950776	0.305694	0.050759
2163	-108.372930	9.811208	13.886320	-0.313269	-0.943974	0.103805	0.072063	0.085362	0.993741	-0.946926	0.318789	0.041284
2164	-108.455505	9.561715	13.922533	-0.327215	-0.939472	0.101603	0.063657	0.085362	0.994314	-0.942803	0.331822	0.031872
2165	-108.541852	9.313414	13.958121	-0.341082	-0.934790	0.099153	0.055246	0.085362	0.994817	-0.938409	0.344792	0.022528
2166	-108.631952	9.066351	13.993019	-0.354864	-0.929929	0.096458	0.046832	0.085362	0.995249	-0.933744	0.357696	0.013258
2167	-108.725779	8.820575	14.027157	-0.368557	-0.924889	0.093519	0.038414	0.085362	0.995609	-0.928811	0.370531	0.004068
2168	-108.823310	8.576133	14.060470	-0.382153	-0.919673	0.090338	0.029993	0.085362	0.995898	-0.923612	0.383295	-0.005037
2169	-108.924519	8.333070	14.092890	-0.395647	-0.914280	0.086917	0.021570	0.085362	0.996116	-0.918149	0.395986	-0.014052
2170	-109.029377	8.091435	14.124352	-0.409035	-0.908713	0.083258	0.013146	0.085362	0.996263	-0.912424	0.408601	-0.022970
2171	-109.137856	7.851272	14.154791	-0.422309	-0.902971	0.079364	0.004721	0.085362	0.996339	-0.906440	0.421137	-0.031786
2172	-109.249924	7.612629	14.184141	-0.435465	-0.897056	0.075237	-0.003705	0.085362	0.996343	-0.900198	0.433593	-0.040496
2173	-109.365550	7.375550	14.212340	-0.448496	-0.890970	0.070879	-0.012130	0.085362	0.996276	-0.893702	0.445966	-0.049092
2174	-109.484698	7.140081	14.239323	-0.461399	-0.884713	0.066293	-0.020554	0.085362	0.996138	-0.886955	0.458254	-0.057571
2175	-109.607335	6.906268	14.265029	-0.474166	-0.878286	0.061483	-0.028977	0.085362	0.995929	-0.879958	0.470454	-0.065926
2176	-109.733422	6.674155	14.289395	-0.486793	-0.871691	0.056450	-0.037398	0.085362	0.995648	-0.872716	0.482564	-0.074154
2177	-109.862922	6.443786	14.312361	-0.499275	-0.864930	0.051198	-0.045817	0.085362	0.995296	-0.865231	0.494581	-0.082247
2178	-109.995795	6.215206	14.333866	-0.511606	-0.858002	0.045730	-0.054232	0.085362	0.994873	-0.857507	0.506503	-0.090203
2179	-110.132000	5.988458	14.353851	-0.523782	-0.850910	0.040050	-0.062643	0.085362	0.994379	-0.849546	0.518329	-0.098015
2180	-110.271494	5.763587	14.372257	-0.535797	-0.843656	0.034160	-0.071049	0.085362	0.993814	-0.841352	0.530055	-0.105678
2181	-110.414233	5.540634	14.389028	-0.547646	-0.836239	0.028064	-0.079451	0.085362	0.993177	-0.832929	0.541680	-0.113188
2182	-110.560172	5.319642	14.404107	-0.559325	-0.828663	0.021766	-0.087847	0.085362	0.992470	-0.824281	0.553201	-0.120541
2183	-110.709265	5.100655	14.417437	-0.570828	-0.820928	0.015269	-0.096236	0.085362	0.991691	-0.815410	0.564616	-0.127730
2184	-110.861463	4.883714	14.428966	-0.582151	-0.813035	0.008577	-0.104619	0.085362	0.990842	-0.806322	0.575923	-0.134753
2185	-111.016718	4.668860	14.438638	-0.593290	-0.804987	0.001694	-0.112994	0.085362	0.989922	-0.797019	0.587119	-0.141603
2186	-111.174978	4.456135	14.446402	-0.604239	-0.796785	-0.005375	-0.121361	0.085362	0.988931	-0.787506	0.598204	-0.148278
2187	-111.336192	4.245579	14.452207	-0.614995	-0.788430	-0.012628	-0.129720	0.085362	0.987869	-0.777788	0.609173	-0.154772
2188	-111.500308	4.037232	14.456002	-0.625553	-0.779924	-0.020059	-0.138069	0.085362	0.986737	-0.767867	0.620026	-0.161082
2189	-111.667271	3.831135	14.457737	-0.635908	-0.771268	-0.027665	-0.146408	0.085362	0.985534	-0.757750	0.630760	-0.167203
2190	-111.837025	3.627328	14.457366	-0.646058	-0.762465	-0.035441	-0.154737	0.085362	0.984261	-0.747440	0.641373	-0.173131
2191	-112.009515	3.425848	14.454842	-0.655996	-0.753516	-0.043383	-0.163055	0.085362	0.982917	-0.736941	0.651864	-0.178862
2192	-112.184683	3.226735	14.450118	-0.665721	-0.744423	-0.051485	-0.171361	0.085362	0.981503	-0.726259	0.662229	-0.184392
2193	-112.362470	3.030027	14.443152	-0.675227	-0.735187	-0.059744	-0.179655	0.085362	0.980019	-0.715397	0.672468	-0.189719
2194	-112.542817	2.835761	14.433899	-0.684511	-0.725810	-0.068155	-0.187936	0.085362	0.978465	-0.704362	0.682578	-0.194837
2195	-112.725663	2.643976	14.422318	-0.693569	-0.716294	-0.076713	-0.196203	0.085362	0.976841	-0.693157	0.692557	-0.199744
2196	-112.910946	2.454706	14.408369	-0.702398	-0.706641	-0.085412	-0.204457	0.085362	0.975146	-0.681788	0.702404	-0.204436
2197	-113.098604	2.267989	14.392013	-0.710994	-0.696853	-0.094249	-0.212696	0.085362	0.973383	-0.670259	0.712116	-0.208910
2198	-113.288573	2.083861	14.373212	-0.719355	-0.686931	-0.103218	-0.220919	0.085362	0.971549	-0.658576	0.721692	-0.213162
2199	-113.480787	1.902356	14.351926	-0.727477	-0.676878	-0.112310	-0.229122	0.085362	0.969648	-0.646746	0.731129	-0.217187
2200	-113.675181	1.723510	14.328117	-0.735359	-0.666695	-0.121516	-0.237298	0.085362	0.967679	-0.634774	0.740427	-0.220977
2201	-113.871685	1.547356	14.301750	-0.742997	-0.656384	-0.130825	-0.245439	0.085362	0.965646	-0.622667	0.749582	-0.224526
2202	-114.070233	1.373929	14.272793	-0.750392	-0.645947	-0.140226	-0.253540	0.085362	0.963551	-0.610433	0.758594	-0.227829
2203	-114.270755	1.203262	14.241216	-0.757542	-0.635387	-0.149710	-0.261594	0.085362	0.961396	-0.598079	0.767461	-0.230879
2204	-114.473183	1.035387	14.206993	-0.764446	-0.624705	-0.159264	-0.269593	0.085362	0.959183	-0.585612	0.776181	-0.233671
2205	-114.677447	0.870337	14.170101	-0.771105	-0.613904	-0.168878	-0.277532	0.085362	0.956916	-0.573039	0.784752	-0.236201
2206	-114.883478	0.708142	14.130522	-0.777517	-0.602985	-0.178541	-0.285405	0.085362	0.954598	-0.560367	0.793173	-0.238465
2207	-115.091206	0.548835	14.088238	-0.783684	-0.591950	-0.188242	-0.293205	0.085362	0.952231	-0.547605	0.801441	-0.240460
2208	-115.300563	0.392446	14.043238	-0.789606	-0.580802	-0.197968	-0.300926	0.085362	0.949819	-0.534758	0.809557	-0.242181
2209	-115.511479	0.239004	13.995512	-0.795285	-0.569543	-0.207709	-0.308562	0.085362	0.947366	-0.521835	0.817517	-0.243626
2210	-115.723886	0.088539	13.945053	-0.800722	-0.558175	-0.217454	-0.316107	0.085362	0.944875	-0.508843	0.825321	-0.244794
2211	-115.937716	-0.058919	13.891860	-0.805919	-0.546699	-0.227190	-0.323556	0.085362	0.942351	-0.495789	0.832966	-0.245683
2212	-116.152901	-0.203344	13.835933	-0.810878	-0.535119	-0.236906	-0.330903	0.085362	0.939796	-0.482680	0.840453	-0.246291
2213	-116.369373	-0.344707	13.777277	-0.815602	-0.523437	-0.246591	-0.338143	0.085362	0.937215	-0.469524	0.847778	-0.246618
2214	-116.587067	-0.482981	13.715899	-0.820094	-0.511654	-0.256233	-0.345270	0.085362	0.934613	-0.456326	0.854940	-0.246664
2215	-116.805918	-0.618140	13.651810	-0.824358	-0.499774	-0.265821	-0.352280	0.085362	0.931994	-0.443095	0.861939	-0.246429
2216	-117.025861	-0.750157	13.585024	-0.828396	-0.487797	-0.275344	-0.359168	0.085362	0.929361	-0.429836	0.868773	-0.245915
2217	-117.246834	-0.879008	13.515560	-0.832213	-0.475728	-0.284790	-0.365928	0.085362	0.926720	-0.416556	0.875441	-0.245121
2218	-117.468773	-1.004668	13.443438	-0.835812	-0.463567	-0.294149	-0.372556	0.085362	0.924075	-0.403261	0.881941	-0.244051
2219	-117.691618	-1.127112	13.368682	-0.839199	-0.451317	-0.303410	-0.379048	0.085362	0.921432	-0.389958	0.888272	-0.242707
2220	-117.915311	-1.246318	13.291321	-0.842378	-0.438981	-0.312562	-0.385399	0.085362	0.918793	-0.376651	0.894432	-0.241090
2221	-118.139793	-1.362262	13.211384	-0.845354	-0.426560	-0.321594	-0.391606	0.085362	0.916165	-0.363348	0.900422	-0.239205
2222	-118.365007	-1.474923	13.128905	-0.848131	-0.414058	-0.330498	-0.397664	0.085362	0.913552	-0.350052	0.906239	-0.237055
2223	-118.590899	-1.584278	13.043921	-0.850716	-0.401477	-0.339261	-0.403570	0.085362	0.910958	-0.336769	0.911882	-0.234643
2224	-118.817415	-1.690307	12.956472	-0.853113	-0.388819	-0.347875	-0.409320	0.085362	0.908389	-0.323504	0.917351	-0.231975
2225	-119.044504	-1.792989	12.866600	-0.855329	-0.376086	-0.356330	-0.414910	0.085362	0.905849	-0.310260	0.922644	-0.229055
2226	-119.272116	-1.892305	12.774349	-0.857369	-0.363282	-0.364617	-0.420338	0.085362	0.903343	-0.297044	0.927761	-0.225888
2227	-119.500203	-1.988236	12.679770	-0.859238	-0.350408	-0.372726	-0.425600	0.085362	0.900876	-0.283857	0.932699	-0.222480
2228	-119.728719	-2.080763	12.582911	-0.860943	-0.337466	-0.380650	-0.430694	0.085362	0.898452	-0.270704	0.937459	-0.218837
2229	-119.957618	-2.169869	12.483826	-0.862489	-0.324460	-0.388379	-0.435616	0.085362	0.896076	-0.257588	0.942040	-0.214964
2230	-120.186859	-2.255536	12.382571	-0.863883	-0.311392	-0.395905	-0.440363	0.085362	0.893752	-0.244512	0.946440	-0.210869
2231	-120.416401	-2.337749	12.279204	-0.865131	-0.298264	-0.403221	-0.444934	0.085362	0.891486	-0.231479	0.950659	-0.206558
2232	-120.646204	-2.416491	12.173784	-0.866238	-0.285080	-0.410319	-0.449326	0.085362	0.889280	-0.218490	0.954695	-0.202038
2233	-120.876231	-2.491747	12.066375	-0.867211	-0.271840	-0.417191	-0.453537	0.085362	0.887140	-0.205548	0.958549	-0.197316
2234	-121.106448	-2.563503	11.957041	-0.868055	-0.258548	-0.423832	-0.457564	0.085362	0.885070	-0.192654	0.962219	-0.192402
2235	-121.336820	-2.631746	11.845848	-0.868776	-0.245207	-0.430234	-0.461406	0.085362	0.883073	-0.179810	0.965705	-0.187301
2236	-121.567316	-2.696461	11.732865	-0.869381	-0.231819	-0.436391	-0.465061	0.085362	0.881153	-0.167017	0.969006	-0.182023
2237	-121.797906	-2.757637	11.618162	-0.869874	-0.218387	-0.442297	-0.468528	0.085362	0.879315	-0.154275	0.972122	-0.176575
2238	-122.028561	-2.815262	11.501810	-0.870261	-0.204913	-0.447946	-0.471804	0.085362	0.877562	-0.141586	0.975051	-0.170966
2239	-122.259256	-2.869326	11.383884	-0.870548	-0.191399	-0.453335	-0.474888	0.085362	0.875897	-0.128948	0.977793	-0.165205
2240	-122.489965	-2.919816	11.264458	-0.870739	-0.177849	-0.458457	-0.477779	0.085362	0.874323	-0.116363	0.980348	-0.159301
2241	-122.720665	-2.966725	11.143607	-0.870840	-0.164265	-0.463308	-0.480476	0.085362	0.872844	-0.103828	0.982716	-0.153262
2242	-122.951335	-3.010042	11.021411	-0.870856	-0.150649	-0.467884	-0.482977	0.085362	0.871462	-0.091345	0.984895	-0.147098
2243	-123.181953	-3.049761	10.897947	-0.870790	-0.137004	-0.472181	-0.485281	0.085362	0.870181	-0.078912	0.986886	-0.140818
2244	-123.412500	-3.085872	10.773296	-0.870647	-0.123334	-0.476196	-0.487389	0.085362	0.869003	-0.066528	0.988687	-0.134432
2245	-123.642960	-3.118369	10.647537	-0.870432	-0.109639	-0.479925	-0.489298	0.085362	0.867929	-0.054192	0.990299	-0.127948
2246	-123.873315	-3.147247	10.520753	-0.870147	-0.095924	-0.483366	-0.491008	0.085362	0.866963	-0.041901	0.991722	-0.121377
2247	-124.103551	-3.172498	10.393026	-0.869797	-0.082190	-0.486516	-0.492518	0.085362	0.866106	-0.029655	0.992954	-0.114728
2248	-124.333653	-3.194119	10.264439	-0.869384	-0.068440	-0.489374	-0.493828	0.085362	0.865360	-0.017452	0.993997	-0.108010
2249	-124.563607	-3.212106	10.135076	-0.868913	-0.054678	-0.491936	-0.494937	0.085362	0.864726	-0.005289	0.994849	-0.101234
2250	-124.793402	-3.226454	10.005021	-0.868384	-0.040905	-0.494203	-0.495846	0.085362	0.864205	0.006836	0.995510	-0.094410
2251	-125.023025	-3.237162	9.874359	-0.867800	-0.027124	-0.496172	-0.496552	0.085362	0.863799	0.018925	0.995981	-0.087546
2252	-125.252466	-3.244227	9.743173	-0.867165	-0.013338	-0.497843	-0.497057	0.085362	0.863509	0.030980	0.996261	-0.080653
2253	-125.481714	-3.247648	9.611550	-0.866478	0.000451	-0.499216	-0.497360	0.085362	0.863334	0.043004	0.996350	-0.073740
2254	-125.710759	-3.247423	9.479575	-0.865741	0.014240	-0.500290	-0.497461	0.085362	0.863276	0.054999	0.996248	-0.066818
2255	-125.927195	-3.243864	9.354502	-0.865741	0.014240	-0.500290	-0.497461	0.085362	0.863276	0.054999	0.996248	-0.066818
2256	-126.143630	-3.240304	9.229430	-0.865741	0.014240	-0.500290	-0.497461	0.085362	0.863276	0.054999	0.996248	-0.066818
2257	-126.360065	-3.236744	9.104357	-0.865741	0.014240	-0.500290	-0.497461	0.085362	0.863276	0.054999	0.996248	-0.066818
2258	-126.576500	-3.233184	8.979285	-0.865741	0.014240	-0.500290	-0.497461	0.085362	0.863276	0.054999	0.996248	-0.066818
2259	-126.792936	-3.229624	8.854212	-0.865741	0.014240	-0.500290	-0.497461	0.085362	0.863276	0.054999	0.996248	-0.066818
2260	-127.009371	-3.226064	8.729140	-0.865741	0.014240	-0.500290	-0.497461	0.085362	0.863276	0.054999	0.996248	-0.066818
2261	-127.225806	-3.222504	8.604068	-0.865741	0.014240	-0.500290	-0.497461	0.085362	0.863276	0.054999	0.996248	-0.066818
2262	-127.442241	-3.218944	8.478995	-0.865741	0.014240	-0.500290	-0.497461	0.085362	0.863276	0.054999	0.996248	-0.066818
2263	-127.658676	-3.215384	8.353923	-0.865741	0.014240	-0.500290	-0.497461	0.085362	0.863276	0.054999	0.996248	-0.066818
2264	-127.875112	-3.211824	8.228850	-0.865741	0.014240	-0.500290	-0.497461	0.085362	0.863276	0.054999	0.996248	-0.066818
2265	-128.091547	-3.208264	8.103778	-0.865741	0.014240	-0.500290	-0.497461	0.085362	0.863276	0.054999	0.996248	-0.066818
2266	-128.307982	-3.204704	7.978705	-0.865741	0.014240	-0.500290	-0.497461	0.085362	0.863276	0.054999	0.996248	-0.066818
2267	-128.524417	-3.201144	7.853633	-0.865741	0.014240	-0.500290	-0.497461	0.085362	0.863276	0.054999	0.996248	-0.066818
2268	-128.740853	-3.197584	7.728560	-0.865741	0.014240	-0.500290	-0.497461	0.085362	0.863276	0.054999	0.996248	-0.066818
2269	-128.957288	-3.194024	7.603488	-0.865741	0.014240	-0.500290	-0.497461	0.085362	0.863276	0.054999	0.996248	-0.066818
2270	-129.173723	-3.190464	7.478415	-0.865741	0.014240	-0.500290	-0.497461	0.085362	0.863276	0.054999	0.996248	-0.066818
2271	-129.390158	-3.186904	7.353343	-0.865741	0.014240	-0.500290	-0.497461	0.085362	0.863276	0.054999	0.996248	-0.066818
2272	-129.606594	-3.183345	7.228270	-0.865741	0.014240	-0.500290	-0.497461	0.085362	0.863276	0.054999	0.996248	-0.066818
2273	-129.823029	-3.179785	7.103198	-0.865741	0.014240	-0.500290	-0.497461	0.085362	0.863276	0.054999	0.996248	-0.066818
2274	-130.039464	-3.176225	6.978126	-0.865741	0.014240	-0.500290	-0.497461	0.085362	0.863276	0.054999	0.996248	-0.066818
2275	-130.255899	-3.172665	6.853053	-0.865741	0.014240	-0.500290	-0.497461	0.085362	0.863276	0.054999	0.996248	-0.066818
2276	-130.472334	-3.169105	6.727981	-0.865741	0.014240	-0.500290	-0.497461	0.085362	0.863276	0.054999	0.996248	-0.066818
2277	-130.688770	-3.165545	6.602908	-0.865741	0.014240	-0.500290	-0.497461	0.085362	0.863276	0.054999	0.996248	-0.066818
2278	-130.905205	-3.161985	6.477836	-0.865741	0.014240	-0.500290	-0.497461	0.085362	0.863276	0.054999	0.996248	-0.066818
2279	-131.121640	-3.158425	6.352763	-0.865741	0.014240	-0.500290	-0.497461	0.085362	0.863276	0.054999	0.996248	-0.066818
2280	-131.338075	-3.154865	6.227691	-0.865741	0.014240	-0.500290	-0.497461	0.085362	0.863276	0.054999	0.996248	-0.066818
2281	-131.554511	-3.151305	6.102618	-0.865741	0.014240	-0.500290	-0.497461	0.085362	0.863276	0.054999	0.996248	-0.066818
2282	-131.770946	-3.147745	5.977546	-0.865741	0.014240	-0.500290	-0.497461	0.085362	0.863276	0.054999	0.996248	-0.066818
2283	-131.987381	-3.144185	5.852473	-0.865741	0.014240	-0.500290	-0.497461	0.085362	0.863276	0.054999	0.996248	-0.066818
2284	-132.203816	-3.140625	5.727401	-0.865741	0.014240	-0.500290	-0.497461	0.085362	0.863276	0.054999	0.996248	-0.066818
2285	-132.420251	-3.137065	5.602328	-0.865741	0.014240	-0.500290	-0.497461	0.085362	0.863276	0.054999	0.996248	-0.066818
2286	-132.636687	-3.133505	5.477256	-0.865741	0.014240	-0.500290	-0.497461	0.085362	0.863276	0.054999	0.996248	-0.066818
2287	-132.853122	-3.129945	5.352184	-0.865741	0.014240	-0.500290	-0.497461	0.085362	0.863276	0.054999	0.996248	-0.066818
2288	-133.069557	-3.126386	5.227111	-0.865741	0.014240	-0.500290	-0.497461	0.085362	0.863276	0.054999	0.996248	-0.066818
2289	-133.285992	-3.122826	5.102039	-0.865741	0.014240	-0.500290	-0.497461	0.085362	0.863276	0.054999	0.996248	-0.066818
2290	-133.502428	-3.119266	4.976966	-0.865741	0.014240	-0.500290	-0.497461	0.085362	0.863276	0.054999	0.996248	-0.066818
2291	-133.718863	-3.115706	4.851894	-0.865741	0.014240	-0.500290	-0.497461	0.085362	0.863276	0.054999	0.996248	-0.066818
2292	-133.935298	-3.112146	4.726821	-0.865741	0.014240	-0.500290	-0.497461	0.085362	0.863276	0.054999	0.996248	-0.066818
2293	-134.151733	-3.108586	4.601749	-0.865741	0.014240	-0.500290	-0.497461	0.085362	0.863276	0.054999	0.996248	-0.066818
2294	-134.368168	-3.105026	4.476676	-0.865741	0.014240	-0.500290	-0.497461	0.085362	0.863276	0.054999	0.996248	-0.066818
2295	-134.584088	-3.101462	4.352093	-0.865868	0.014240	-0.500071	-0.497235	0.085509	0.863392	0.055055	0.996236	-0.066959
2296	-134.800163	-3.097869	4.227876	-0.866247	0.014240	-0.499413	-0.496555	0.085950	0.863739	0.055224	0.996198	-0.067383
2297	-135.016455	-3.094249	4.104133	-0.866877	0.014240	-0.498319	-0.495423	0.086684	0.864316	0.055504	0.996134	-0.068090
2298	-135.233022	-3.090600	3.980972	-0.867754	0.014240	-0.496789	-0.493840	0.087709	0.865118	0.055892	0.996044	-0.069078
2299	-135.449923	-3.086921	3.858502	-0.868875	0.014240	-0.494827	-0.491810	0.089022	0.866140	0.056384	0.995928	-0.070346
2300	-135.667213	-3.083212	3.736827	-0.870233	0.014240	-0.492435	-0.489335	0.090620	0.867375	0.056976	0.995784	-0.071893
2301	-135.884944	-3.079472	3.616052	-0.871821	0.014240	-0.489617	-0.486418	0.092499	0.868816	0.057661	0.995611	-0.073716
2302	-136.103167	-3.075699	3.496282	-0.873632	0.014240	-0.486379	-0.483066	0.094654	0.870453	0.058433	0.995408	-0.075814
2303	-136.321928	-3.071891	3.377618	-0.875656	0.014240	-0.482725	-0.479282	0.097079	0.872275	0.059284	0.995175	-0.078183
2304	-136.541271	-3.068048	3.260160	-0.877884	0.014240	-0.478662	-0.475075	0.099769	0.874271	0.060205	0.994909	-0.080820
2305	-136.761237	-3.064168	3.144005	-0.880303	0.014240	-0.474198	-0.470449	0.102716	0.876428	0.061188	0.994609	-0.083722
2306	-136.981863	-3.060248	3.029249	-0.882903	0.014240	-0.469340	-0.465415	0.105912	0.878733	0.062222	0.994274	-0.086883
2307	-137.203182	-3.056289	2.915985	-0.885670	0.014240	-0.464097	-0.459981	0.109350	0.881170	0.063297	0.993901	-0.090298
2308	-137.425224	-3.052286	2.804301	-0.888591	0.014240	-0.458479	-0.454157	0.113021	0.883724	0.064402	0.993491	-0.093962
2309	-137.648015	-3.048240	2.694284	-0.891652	0.014240	-0.452497	-0.447954	0.116915	0.886379	0.065526	0.993040	-0.097869
2310	-137.871577	-3.044148	2.586017	-0.894839	0.014240	-0.446162	-0.441385	0.121022	0.889119	0.066656	0.992548	-0.102010
2311	-138.095929	-3.040009	2.479579	-0.898136	0.014240	-0.439488	-0.434462	0.125332	0.891927	0.067783	0.992013	-0.106378
2312	-138.321084	-3.035822	2.375045	-0.901528	0.014240	-0.432486	-0.427201	0.129833	0.894786	0.068892	0.991434	-0.110965
2313	-138.547055	-3.031585	2.272487	-0.905000	0.014240	-0.425173	-0.419617	0.134514	0.897679	0.069974	0.990809	-0.115760
2314	-138.773848	-3.027297	2.171970	-0.908536	0.014240	-0.417564	-0.411727	0.139362	0.900588	0.071017	0.990139	-0.120753
2315	-139.001467	-3.022958	2.073556	-0.912121	0.014240	-0.409674	-0.403547	0.144366	0.903498	0.072009	0.989422	-0.125933
2316	-139.229912	-3.018566	1.977301	-0.915739	0.014240	-0.401522	-0.395098	0.149512	0.906390	0.072939	0.988657	-0.131288
2317	-139.459181	-3.014122	1.883258	-0.919375	0.014240	-0.393125	-0.386399	0.154788	0.909251	0.073799	0.987845	-0.136806
2318	-139.689267	-3.009626	1.791472	-0.923014	0.014240	-0.384504	-0.377471	0.160179	0.912063	0.074577	0.986985	-0.142472
2319	-139.920162	-3.005078	1.701983	-0.926641	0.014240	-0.375677	-0.368335	0.165671	0.914813	0.075266	0.986078	-0.148273
2320	-140.151854	-3.000478	1.614827	-0.930244	0.014240	-0.366666	-0.359016	0.171251	0.917486	0.075857	0.985124	-0.154193
2321	-140.384330	-2.995829	1.530032	-0.933808	0.014240	-0.357492	-0.349536	0.176904	0.920071	0.076344	0.984125	-0.160217
2322	-140.617573	-2.991130	1.447621	-0.937320	0.014240	-0.348178	-0.339919	0.182617	0.922554	0.076720	0.983081	-0.166330
2323	-140.851565	-2.986384	1.367611	-0.940770	0.014240	-0.338747	-0.330191	0.188373	0.924927	0.076981	0.981994	-0.172514
2324	-141.086287	-2.981593	1.290012	-0.944145	0.014240	-0.329222	-0.320378	0.194159	0.927179	0.077124	0.980867	-0.178752
2325	-141.321717	-2.976760	1.214829	-0.947436	0.014240	-0.319628	-0.310505	0.199959	0.929302	0.077146	0.979701	-0.185027
2326	-141.557833	-2.971888	1.142060	-0.950634	0.014240	-0.309989	-0.300599	0.205760	0.931291	0.077045	0.978499	-0.191322
2327	-141.794611	-2.966977	1.071705	-0.953733	0.014240	-0.300318	-0.290675	0.211554	0.933141	0.076821	0.977263	-0.197627
2328	-142.032026	-2.962029	1.003770	-0.956734	0.014240	-0.290615	-0.280734	0.217340	0.934854	0.076475	0.975992	-0.203939
2329	-142.270055	-2.957043	0.938259	-0.959636	0.014240	-0.280883	-0.270779	0.223119	0.936427	0.076005	0.974687	-0.210257
2330	-142.508672	-2.952020	0.875180	-0.962440	0.014240	-0.271122	-0.260812	0.228890	0.937863	0.075412	0.973348	-0.216579
2331	-142.747852	-2.946959	0.814535	-0.965144	0.014240	-0.261333	-0.250835	0.234653	0.939159	0.074696	0.971975	-0.222902
2332	-142.987570	-2.941861	0.756331	-0.967748	0.014240	-0.251517	-0.240850	0.240407	0.940317	0.073856	0.970568	-0.229224
2333	-143.227802	-2.936725	0.700571	-0.970253	0.014240	-0.241675	-0.230860	0.246153	0.941335	0.072894	0.969126	-0.235544
2334	-143.468523	-2.931551	0.647260	-0.972657	0.014240	-0.231808	-0.220865	0.251891	0.942215	0.071807	0.967651	-0.241858
2335	-143.709708	-2.926341	0.596401	-0.974961	0.014240	-0.221917	-0.210870	0.257620	0.942956	0.070598	0.966141	-0.248166
2336	-143.951332	-2.921092	0.547999	-0.977165	0.014240	-0.212004	-0.200875	0.263339	0.943558	0.069265	0.964598	-0.254465
2337	-144.193369	-2.915807	0.502056	-0.979268	0.014240	-0.202068	-0.190883	0.269050	0.944021	0.067809	0.963021	-0.260753
2338	-144.435796	-2.910485	0.458576	-0.981270	0.014240	-0.192112	-0.180896	0.274750	0.944346	0.066230	0.961410	-0.267028
2339	-144.678587	-2.905125	0.417562	-0.983170	0.014240	-0.182136	-0.170916	0.280442	0.944532	0.064528	0.959765	-0.273288
2340	-144.921717	-2.899728	0.379017	-0.984969	0.014240	-0.172141	-0.160945	0.286123	0.944579	0.062704	0.958087	-0.279531
2341	-145.165160	-2.894295	0.342942	-0.986667	0.014240	-0.162128	-0.150986	0.291795	0.944489	0.060757	0.956375	-0.285754
2342	-145.408893	-2.888824	0.309340	-0.988263	0.014240	-0.152098	-0.141040	0.297456	0.944260	0.058689	0.954629	-0.291956
2343	-145.652890	-2.883317	0.278214	-0.989757	0.014240	-0.142053	-0.131110	0.303106	0.943894	0.056498	0.952850	-0.298135
2344	-145.897125	-2.877773	0.249564	-0.991148	0.014240	-0.131993	-0.121198	0.308746	0.943391	0.054186	0.951038	-0.304288
2345	-146.141575	-2.872192	0.223392	-0.992438	0.014240	-0.121920	-0.111305	0.314376	0.942751	0.051753	0.949192	-0.310413
2346	-146.386213	-2.866574	0.199699	-0.993625	0.014240	-0.111834	-0.101434	0.319994	0.941974	0.049200	0.947313	-0.316509
2347	-146.631015	-2.860920	0.178486	-0.994710	0.014240	-0.101736	-0.091588	0.325601	0.941061	0.046526	0.945400	-0.322574
2348	-146.875956	-2.855229	0.159754	-0.995691	0.014240	-0.091628	-0.081768	0.331196	0.940012	0.043732	0.943454	-0.328605
2349	-147.121011	-2.849502	0.143503	-0.996571	0.014240	-0.081511	-0.071976	0.336780	0.938828	0.040820	0.941476	-0.334600
2350	-147.366154	-2.843738	0.129733	-0.997347	0.014240	-0.071385	-0.062214	0.342352	0.937510	0.037789	0.939464	-0.340558
2351	-147.611361	-2.837939	0.118445	-0.998021	0.014240	-0.061251	-0.052484	0.347912	0.936057	0.034639	0.937419	-0.346476
2352	-147.856607	-2.832103	0.109637	-0.998591	0.014240	-0.051112	-0.042789	0.353460	0.934470	0.031373	0.935341	-0.352353
2353	-148.101867	-2.826231	0.103310	-0.999059	0.014240	-0.040967	-0.033131	0.358996	0.932751	0.027989	0.933231	-0.358186
2354	-148.347115	-2.820323	0.099462	-0.999424	0.014240	-0.030818	-0.023511	0.364518	0.930899	0.024489	0.931087	-0.363974
2355	-148.592328	-2.814379	0.098092	-0.999685	0.014240	-0.020665	-0.013932	0.370028	0.928916	0.020874	0.928911	-0.369714
2356	-148.837479	-2.808399	0.099199	-0.999843	0.014240	-0.010511	-0.004395	0.375526	0.926802	0.017145	0.926703	-0.375404
2357	-149.082545	-2.802383	0.102781	-0.999899	0.014240	-0.000355	0.005097	0.381009	0.924557	0.013301	0.924461	-0.381043
2358	-149.327500	-2.796331	0.108837	-0.999851	0.014240	0.009800	0.014543	0.386480	0.922183	0.009344	0.922188	-0.386629
2359	-149.572320	-2.790244	0.117365	-0.999699	0.014240	0.019955	0.023940	0.391937	0.919681	0.005275	0.919882	-0.392160
2360	-149.816979	-2.784122	0.128361	-0.999445	0.014240	0.030107	0.033287	0.397380	0.917050	0.001095	0.917544	-0.397634
2361	-150.061453	-2.777964	0.141824	-0.999088	0.014240	0.040257	0.042581	0.402809	0.914293	-0.003196	0.915173	-0.403048
2362	-150.305718	-2.771771	0.157750	-0.998628	0.014240	0.050402	0.051821	0.408224	0.911410	-0.007597	0.912771	-0.408402
2363	-150.549748	-2.765542	0.176137	-0.998064	0.014240	0.060542	0.061004	0.413625	0.908401	-0.012106	0.910336	-0.413693
2364	-150.793520	-2.759278	0.196981	-0.997398	0.014240	0.070676	0.070129	0.419011	0.905269	-0.016723	0.907869	-0.418920
2365	-151.037008	-2.752980	0.220279	-0.996628	0.014240	0.080802	0.079195	0.424383	0.902013	-0.021447	0.905371	-0.424080
2366	-151.280188	-2.746646	0.246027	-0.995756	0.014240	0.090920	0.088198	0.429739	0.898635	-0.026276	0.902841	-0.429172
2367	-151.523036	-2.740277	0.274221	-0.994782	0.014240	0.101029	0.097137	0.435081	0.895136	-0.031209	0.900279	-0.434194
2368	-151.765527	-2.733874	0.304856	-0.993704	0.014240	0.111127	0.106011	0.440407	0.891517	-0.036246	0.897685	-0.439144
2369	-152.007636	-2.727436	0.337928	-0.992524	0.014240	0.121214	0.114817	0.445718	0.887780	-0.041386	0.895060	-0.444021
2370	-152.249341	-2.720964	0.373433	-0.991242	0.014240	0.131289	0.123554	0.451013	0.883924	-0.046626	0.892404	-0.448823
2371	-152.490615	-2.714457	0.411364	-0.989857	0.014240	0.141349	0.132219	0.456293	0.879952	-0.051966	0.889716	-0.453547
2372	-152.731436	-2.707915	0.451718	-0.988371	0.014240	0.151396	0.140812	0.461556	0.875864	-0.057405	0.886997	-0.458193
2373	-152.971779	-2.701340	0.494488	-0.986782	0.014240	0.161426	0.149330	0.466803	0.871662	-0.062942	0.884247	-0.462759
2374	-153.211620	-2.694730	0.539669	-0.985092	0.014240	0.171440	0.157772	0.472034	0.867348	-0.068575	0.881465	-0.467243
2375	-153.450935	-2.688086	0.587255	-0.983300	0.014240	0.181437	0.166136	0.477248	0.862921	-0.074302	0.878653	-0.471643
2376	-153.689701	-2.681408	0.637240	-0.981406	0.014240	0.191414	0.174420	0.482445	0.858385	-0.080124	0.875810	-0.475958
2377	-153.927893	-2.674697	0.689617	-0.979411	0.014240	0.201372	0.182623	0.487626	0.853739	-0.086037	0.872937	-0.480187
2378	-154.165487	-2.667952	0.744380	-0.977316	0.014240	0.211309	0.190742	0.492789	0.848985	-0.092041	0.870032	-0.484327
2379	-154.402461	-2.661173	0.801521	-0.975119	0.014240	0.221224	0.198777	0.497935	0.844126	-0.098135	0.867097	-0.488377
2380	-154.638790	-2.654360	0.861034	-0.972822	0.014240	0.231117	0.206726	0.503064	0.839161	-0.104317	0.864132	-0.492335
2381	-154.874451	-2.647515	0.922911	-0.970424	0.014240	0.240985	0.214587	0.508175	0.834093	-0.110585	0.861136	-0.496201
2382	-155.109421	-2.640636	0.987145	-0.967927	0.014240	0.250829	0.222359	0.513268	0.828923	-0.116939	0.858110	-0.499972
2383	-155.343676	-2.633724	1.053727	-0.965329	0.014240	0.260647	0.230039	0.518343	0.823652	-0.123376	0.855054	-0.503647
2384	-155.577193	-2.626779	1.122651	-0.962632	0.014240	0.270438	0.237627	0.523400	0.818282	-0.129895	0.851968	-0.507225
2385	-155.809949	-2.619801	1.193907	-0.959836	0.014240	0.280201	0.245122	0.528438	0.812815	-0.136495	0.848852	-0.510704
2386	-156.041921	-2.612790	1.267487	-0.956940	0.014240	0.289935	0.252521	0.533458	0.807252	-0.143173	0.845707	-0.514083
2387	-156.273086	-2.605746	1.343383	-0.953946	0.014240	0.299640	0.259823	0.538459	0.801594	-0.149929	0.842531	-0.517361
2388	-156.503421	-2.598670	1.421585	-0.950854	0.014240	0.309313	0.267027	0.543442	0.795844	-0.156761	0.839326	-0.520536
2389	-156.732904	-2.591562	1.502085	-0.947663	0.014240	0.318954	0.274131	0.548405	0.790003	-0.163667	0.836092	-0.523607
2390	-156.961521	-2.584426	1.584869	-0.944379	0.014240	0.328551	0.281126	0.553343	0.784079	-0.170636	0.832832	-0.526568
2391	-157.189270	-2.577271	1.669917	-0.941010	0.014240	0.338078	0.287993	0.558243	0.778090	-0.177650	0.829555	-0.529413
2392	-157.416154	-2.570108	1.757204	-0.937567	0.014240	0.347512	0.294716	0.563093	0.772055	-0.184688	0.826271	-0.532135
2393	-157.642175	-2.562945	1.846702	-0.934061	0.014240	0.356828	0.301279	0.567882	0.765990	-0.191729	0.822987	-0.534727
2394	-157.867341	-2.555793	1.938376	-0.930504	0.014240	0.366004	0.307668	0.572598	0.759916	-0.198752	0.819713	-0.537186
2395	-158.091663	-2.548662	2.032187	-0.926908	0.014240	0.375018	0.313869	0.577230	0.753852	-0.205737	0.816458	-0.539508
2396	-158.315155	-2.541563	2.128093	-0.923287	0.014240	0.383847	0.319870	0.581766	0.747817	-0.212661	0.813231	-0.541692
2397	-158.537835	-2.534505	2.226048	-0.919654	0.014240	0.392472	0.325662	0.586197	0.741834	-0.219502	0.810043	-0.543736
2398	-158.759723	-2.527500	2.325999	-0.916024	0.014240	0.400871	0.331233	0.590513	0.735920	-0.226240	0.806902	-0.545641
2399	-158.980845	-2.520558	2.427892	-0.912412	0.014240	0.409026	0.336577	0.594704	0.730098	-0.232853	0.803819	-0.547407
2400	-159.201226	-2.513689	2.531670	-0.908833	0.014240	0.416918	0.341687	0.598760	0.724387	-0.239318	0.800802	-0.549038
2401	-159.420900	-2.506904	2.637268	-0.905302	0.014240	0.424530	0.346555	0.602673	0.718808	-0.245617	0.797861	-0.550536
2402	-159.639900	-2.500212	2.744623	-0.901835	0.014240	0.431845	0.351179	0.606434	0.713380	-0.251727	0.795006	-0.551904
2403	-159.858264	-2.493625	2.853665	-0.898448	0.014240	0.438849	0.355553	0.610036	0.708123	-0.257630	0.792246	-0.553149
2404	-160.076033	-2.487152	2.964322	-0.895156	0.014240	0.445526	0.359675	0.613471	0.703055	-0.263306	0.789589	-0.554274
2405	-160.293251	-2.480803	3.076519	-0.891974	0.014240	0.451863	0.363543	0.616732	0.698196	-0.268736	0.787044	-0.555286
2406	-160.509965	-2.474586	3.190179	-0.888917	0.014240	0.457847	0.367156	0.619813	0.693562	-0.273904	0.784620	-0.556190
2407	-160.726225	-2.468511	3.305220	-0.886000	0.014240	0.463467	0.370514	0.622707	0.689170	-0.278791	0.782325	-0.556994
2408	-160.942084	-2.462587	3.421558	-0.883236	0.014240	0.468712	0.373615	0.625409	0.685036	-0.283382	0.780167	-0.557704
2409	-161.157595	-2.456820	3.539108	-0.880640	0.014240	0.473572	0.376462	0.627914	0.681176	-0.287663	0.778153	-0.558327
2410	-161.372816	-2.451220	3.657781	-0.878224	0.014240	0.478038	0.379054	0.630216	0.677603	-0.291619	0.776289	-0.558868
2411	-161.587805	-2.445793	3.777486	-0.875999	0.014240	0.482102	0.381393	0.632312	0.674330	-0.295237	0.774583	-0.559336
2412	-161.802624	-2.440545	3.898129	-0.873978	0.014240	0.485758	0.383480	0.634198	0.671369	-0.298506	0.773040	-0.559735
2413	-162.017335	-2.435482	4.019615	-0.872169	0.014240	0.488997	0.385317	0.635870	0.668730	-0.301416	0.771665	-0.560073
2414	-162.232000	-2.430611	4.141847	-0.870583	0.014240	0.491816	0.386906	0.637325	0.666424	-0.303957	0.770464	-0.560353
2415	-162.446685	-2.425934	4.264724	-0.869227	0.014240	0.494209	0.388247	0.638560	0.664459	-0.306120	0.769440	-0.560582
2416	-162.661454	-2.421457	4.388146	-0.868107	0.014240	0.496172	0.389342	0.639574	0.662841	-0.307900	0.768598	-0.560763
2417	-162.876373	-2.417182	4.512009	-0.867231	0.014240	0.497702	0.390192	0.640364	0.661576	-0.309290	0.767939	-0.560900
2418	-163.091506	-2.413113	4.636208	-0.866602	0.014240	0.498797	0.390799	0.640930	0.660670	-0.310286	0.767467	-0.560996
2419	-163.306919	-2.409250	4.760636	-0.866223	0.014240	0.499455	0.391163	0.641270	0.660125	-0.310885	0.767183	-0.561053
2420	-163.522677	-2.405595	4.885187	-0.866096	0.014240	0.499674	0.391284	0.641383	0.659943	-0.311085	0.767089	-0.561071
2421	-163.738843	-2.402149	5.009752	-0.866223	0.014240	0.499455	0.391163	0.641270	0.660125	-0.310885	0.767183	-0.561053
2422	-163.955480	-2.398911	5.134220	-0.866602	0.014240	0.498797	0.390799	0.640930	0.660670	-0.310286	0.767467	-0.560996
2423	-164.172648	-2.395879	5.258481	-0.867231	0.014240	0.497702	0.390192	0.640364	0.661576	-0.309290	0.767939	-0.560900
2424	-164.390406	-2.393053	5.382424	-0.868107	0.014240	0.496172	0.389342	0.639574	0.662841	-0.307900	0.768598	-0.560763
2425	-164.608811	-2.390430	5.505937	-0.869227	0.014240	0.494209	0.388247	0.638560	0.664459	-0.306120	0.769440	-0.560582
2426	-164.827918	-2.388005	5.628908	-0.870583	0.014240	0.491816	0.386906	0.637325	0.666424	-0.303957	0.770464	-0.560353
2427	-165.047777	-2.385776	5.751225	-0.872169	0.014240	0.488997	0.385317	0.635870	0.668730	-0.301416	0.771665	-0.560073
2428	-165.268438	-2.383738	5.872777	-0.873978	0.014240	0.485758	0.383480	0.634198	0.671369	-0.298506	0.773040	-0.559735
2429	-165.489946	-2.381885	5.993453	-0.875999	0.014240	0.482102	0.381393	0.632312	0.674330	-0.295237	0.774583	-0.559336
2430	-165.712341	-2.380211	6.113143	-0.878224	0.014240	0.478038	0.379054	0.630216	0.677603	-0.291619	0.776289	-0.558868
2431	-165.935663	-2.378711	6.231737	-0.880640	0.014240	0.473572	0.376462	0.627914	0.681176	-0.287663	0.778153	-0.558327
2432	-166.159944	-2.377376	6.349130	-0.883236	0.014240	0.468712	0.373615	0.625409	0.685036	-0.283382	0.780167	-0.557704
2433	-166.385214	-2.376200	6.465214	-0.886000	0.014240	0.463467	0.370514	0.622707	0.689170	-0.278791	0.782325	-0.556994
2434	-166.611498	-2.375174	6.579887	-0.888917	0.014240	0.457847	0.367156	0.619813	0.693562	-0.273904	0.784620	-0.556190
2435	-166.838818	-2.374290	6.693048	-0.891974	0.014240	0.451863	0.363543	0.616732	0.698196	-0.268736	0.787044	-0.555286
2436	-167.067190	-2.373538	6.804600	-0.895156	0.014240	0.445526	0.359675	0.613471	0.703055	-0.263306	0.789589	-0.554274
2437	-167.296625	-2.372910	6.914446	-0.898448	0.014240	0.438849	0.355553	0.610036	0.708123	-0.257630	0.792246	-0.553149
2438	-167.527131	-2.372397	7.022497	-0.901835	0.014240	0.431845	0.351179	0.606434	0.713380	-0.251727	0.795006	-0.551904
2439	-167.758709	-2.371987	7.128664	-0.905302	0.014240	0.424530	0.346555	0.602673	0.718808	-0.245617	0.797861	-0.550536
2440	-167.991359	-2.371671	7.232866	-0.908833	0.014240	0.416918	0.341687	0.598760	0.724387	-0.239318	0.800802	-0.549038
2441	-168.225073	-2.371439	7.335024	-0.912412	0.014240	0.409026	0.336577	0.594704	0.730098	-0.232853	0.803819	-0.547407
2442	-168.459841	-2.371281	7.435064	-0.916024	0.014240	0.400871	0.331233	0.590513	0.735920	-0.226240	0.806902	-0.545641
2443	-168.695647	-2.371185	7.532919	-0.919654	0.014240	0.392472	0.325662	0.586197	0.741834	-0.219502	0.810043	-0.543736
2444	-168.932473	-2.371142	7.628527	-0.923287	0.014240	0.383847	0.319870	0.581766	0.747817	-0.212661	0.813231	-0.541692
2445	-169.170295	-2.371140	7.721830	-0.926908	0.014240	0.375018	0.313869	0.577230	0.753852	-0.205737	0.816458	-0.539508
2446	-169.409086	-2.371170	7.812780	-0.930504	0.014240	0.366004	0.307668	0.572598	0.759916	-0.198752	0.819713	-0.537186
2447	-169.648817	-2.371221	7.901332	-0.934061	0.014240	0.356828	0.301279	0.567882	0.765990	-0.191729	0.822987	-0.534727
2448	-169.889455	-2.371283	7.987449	-0.937567	0.014240	0.347512	0.294716	0.563093	0.772055	-0.184688	0.826271	-0.532135
2449	-170.130963	-2.371346	8.071102	-0.941010	0.014240	0.338078	0.287993	0.558243	0.778090	-0.177650	0.829555	-0.529413
2450	-170.373303	-2.371400	8.152266	-0.944379	0.014240	0.328551	0.281126	0.553343	0.784079	-0.170636	0.832832	-0.526568
2451	-170.616434	-2.371435	8.230927	-0.947663	0.014240	0.318954	0.274131	0.548405	0.790003	-0.163667	0.836092	-0.523607
2452	-170.860313	-2.371442	8.307075	-0.950854	0.014240	0.309313	0.267027	0.543442	0.795844	-0.156761	0.839326	-0.520536
2453	-171.104907	-2.371417	8.380705	-0.953946	0.014240	0.299640	0.259823	0.538459	0.801594	-0.149929	0.842531	-0.517361
2454	-171.350189	-2.371360	8.451809	-0.956940	0.014240	0.289935	0.252521	0.533458	0.807252	-0.143173	0.845707	-0.514083
2455	-171.596132	-2.371270	8.520382	-0.959836	0.014240	0.280201	0.245122	0.528438	0.812815	-0.136495	0.848852	-0.510704
2456	-171.842710	-2.371147	8.586419	-0.962632	0.014240	0.270438	0.237627	0.523400	0.818282	-0.129895	0.851968	-0.507225
2457	-172.089897	-2.370991	8.649912	-0.965329	0.014240	0.260647	0.230039	0.518343	0.823652	-0.123376	0.855054	-0.503647
2458	-172.337666	-2.370802	8.710857	-0.967927	0.014240	0.250829	0.222359	0.513268	0.828923	-0.116939	0.858110	-0.499972
2459	-172.585990	-2.370580	8.769249	-0.970424	0.014240	0.240985	0.214587	0.508175	0.834093	-0.110585	0.861136	-0.496201
2460	-172.834844	-2.370325	8.825082	-0.972822	0.014240	0.231117	0.206726	0.503064	0.839161	-0.104317	0.864132	-0.492335
2461	-173.084200	-2.370037	8.878353	-0.975119	0.014240	0.221224	0.198777	0.497935	0.844126	-0.098135	0.867097	-0.488377
2462	-173.334032	-2.369715	8.929056	-0.977316	0.014240	0.211309	0.190742	0.492789	0.848985	-0.092041	0.870032	-0.484327
2463	-173.584314	-2.369359	8.977188	-0.979411	0.014240	0.201372	0.182623	0.487626	0.853739	-0.086037	0.872937	-0.480187
2464	-173.835018	-2.368970	9.022746	-0.981406	0.014240	0.191414	0.174420	0.482445	0.858385	-0.080124	0.875810	-0.475958
2465	-174.086118	-2.368547	9.065725	-0.983300	0.014240	0.181437	0.166136	0.477248	0.862921	-0.074302	0.878653	-0.471643
2466	-174.337587	-2.368090	9.106123	-0.985092	0.014240	0.171440	0.157772	0.472034	0.867348	-0.068575	0.881465	-0.467243
2467	-174.589399	-2.367598	9.143937	-0.986782	0.014240	0.161426	0.149330	0.466803	0.871662	-0.062942	0.884247	-0.462759
2468	-174.841526	-2.367073	9.179163	-0.988371	0.014240	0.151396	0.140812	0.461556	0.875864	-0.057405	0.886997	-0.458193
2469	-175.093942	-2.366514	9.211800	-0.989857	0.014240	0.141349	0.132219	0.456293	0.879952	-0.051966	0.889716	-0.453547
2470	-175.346621	-2.365920	9.241846	-0.991242	0.014240	0.131289	0.123554	0.451013	0.883924	-0.046626	0.892404	-0.448823
2471	-175.599534	-2.365291	9.269299	-0.992524	0.014240	0.121214	0.114817	0.445718	0.887780	-0.041386	0.895060	-0.444021
2472	-175.852656	-2.364629	9.294157	-0.993704	0.014240	0.111127	0.106011	0.440407	0.891517	-0.036246	0.897685	-0.439144
2473	-176.105960	-2.363931	9.316419	-0.994782	0.014240	0.101029	0.097137	0.435081	0.895136	-0.031209	0.900279	-0.434194
2474	-176.359419	-2.363199	9.336085	-0.995756	0.014240	0.090920	0.088198	0.429739	0.898635	-0.026276	0.902841	-0.429172
2475	-176.613005	-2.362432	9.353153	-0.996628	0.014240	0.080802	0.079195	0.424383	0.902013	-0.021447	0.905371	-0.424080
2476	-176.866693	-2.361629	9.367623	-0.997398	0.014240	0.070676	0.070129	0.419011	0.905269	-0.016723	0.907869	-0.418920
2477	-177.120456	-2.360792	9.379496	-0.998064	0.014240	0.060542	0.061004	0.413625	0.908401	-0.012106	0.910336	-0.413693
2478	-177.374266	-2.359920	9.388771	-0.998628	0.014240	0.050402	0.051821	0.408224	0.911410	-0.007597	0.912771	-0.408402
2479	-177.628097	-2.359012	9.395448	-0.999088	0.014240	0.040257	0.042581	0.402809	0.914293	-0.003196	0.915173	-0.403048
2480	-177.881922	-2.358069	9.399530	-0.999445	0.014240	0.030107	0.033287	0.397380	0.917050	0.001095	0.917544	-0.397634
2481	-178.135715	-2.357091	9.401015	-0.999699	0.014240	0.019955	0.023940	0.391937	0.919681	0.005275	0.919882	-0.392160
2482	-178.389449	-2.356077	9.399907	-0.999851	0.014240	0.009800	0.014543	0.386480	0.922183	0.009344	0.922188	-0.386629
2483	-178.643097	-2.355028	9.396206	-0.999899	0.014240	-0.000355	0.005097	0.381009	0.924557	0.013301	0.924461	-0.381043
2484	-178.896633	-2.353943	9.389914	-0.999843	0.014240	-0.010511	-0.004395	0.375526	0.926802	0.017145	0.926703	-0.375404
2485	-179.150029	-2.352822	9.381034	-0.999685	0.014240	-0.020665	-0.013932	0.370028	0.928916	0.020874	0.928911	-0.369714
2486	-179.403260	-2.351665	9.369567	-0.999424	0.014240	-0.030818	-0.023511	0.364518	0.930899	0.024489	0.931087	-0.363974
2487	-179.656299	-2.350472	9.355517	-0.999059	0.014240	-0.040967	-0.033131	0.358996	0.932751	0.027989	0.933231	-0.358186
2488	-179.909119	-2.349243	9.338886	-0.998591	0.014240	-0.051112	-0.042789	0.353460	0.934470	0.031373	0.935341	-0.352353
2489	-180.161694	-2.347978	9.319678	-0.998021	0.014240	-0.061251	-0.052484	0.347912	0.936057	0.034639	0.937419	-0.346476
2490	-180.413997	-2.346677	9.297896	-0.997347	0.014240	-0.071385	-0.062214	0.342352	0.937510	0.037789	0.939464	-0.340558
2491	-180.666003	-2.345340	9.273544	-0.996571	0.014240	-0.081511	-0.071976	0.336780	0.938828	0.040820	0.941476	-0.334600
2492	-180.917684	-2.343966	9.246626	-0.995691	0.014240	-0.091628	-0.081768	0.331196	0.940012	0.043732	0.943454	-0.328605
2493	-181.169016	-2.342556	9.217146	-0.994710	0.014240	-0.101736	-0.091588	0.325601	0.941061	0.046526	0.945400	-0.322574
2494	-181.419970	-2.341109	9.185109	-0.993625	0.014240	-0.111834	-0.101434	0.319994	0.941974	0.049200	0.947313	-0.316509
2495	-181.670522	-2.339626	9.150520	-0.992438	0.014240	-0.121920	-0.111305	0.314376	0.942751	0.051753	0.949192	-0.310413
2496	-181.920646	-2.338106	9.113383	-0.991148	0.014240	-0.131993	-0.121198	0.308746	0.943391	0.054186	0.951038	-0.304288
2497	-182.170315	-2.336549	9.073704	-0.989757	0.014240	-0.142053	-0.131110	0.303106	0.943894	0.056498	0.952850	-0.298135
2498	-182.419503	-2.334956	9.031489	-0.988263	0.014240	-0.152098	-0.141040	0.297456	0.944260	0.058689	0.954629	-0.291956
2499	-182.668185	-2.333326	8.986744	-0.986667	0.014240	-0.162128	-0.150986	0.291795	0.944489	0.060757	0.956375	-0.285754
2500	-182.916335	-2.331658	8.939475	-0.984969	0.014240	-0.172141	-0.160945	0.286123	0.944579	0.062704	0.958087	-0.279531
2501	-183.163927	-2.329954	8.889687	-0.983170	0.014240	-0.182136	-0.170916	0.280442	0.944532	0.064528	0.959765	-0.273288
2502	-183.410935	-2.328213	8.837389	-0.981270	0.014240	-0.192112	-0.180896	0.274750	0.944346	0.066230	0.961410	-0.267028
2503	-183.657335	-2.326434	8.782587	-0.979268	0.014240	-0.202068	-0.190883	0.269050	0.944021	0.067809	0.963021	-0.260753
2504	-183.903100	-2.324619	8.725288	-0.977165	0.014240	-0.212004	-0.200875	0.263339	0.943558	0.069265	0.964598	-0.254465
2505	-184.148205	-2.322766	8.665500	-0.974961	0.014240	-0.221917	-0.210870	0.257620	0.942956	0.070598	0.966141	-0.248166
2506	-184.392625	-2.320876	8.603230	-0.972657	0.014240	-0.231808	-0.220865	0.251891	0.942215	0.071807	0.967651	-0.241858
2507	-184.636336	-2.318948	8.538486	-0.970253	0.014240	-0.241675	-0.230860	0.246153	0.941335	0.072894	0.969126	-0.235544
2508	-184.879311	-2.316984	8.471277	-0.967748	0.014240	-0.251517	-0.240850	0.240407	0.940317	0.073856	0.970568	-0.229224
2509	-185.121525	-2.314981	8.401611	-0.965144	0.014240	-0.261333	-0.250835	0.234653	0.939159	0.074696	0.971975	-0.222902
2510	-185.362955	-2.312941	8.329497	-0.962440	0.014240	-0.271122	-0.260812	0.228890	0.937863	0.075412	0.973348	-0.216579
2511	-185.603575	-2.310864	8.254943	-0.959636	0.014240	-0.280883	-0.270779	0.223119	0.936427	0.076005	0.974687	-0.210257
2512	-185.843360	-2.308749	8.177960	-0.956734	0.014240	-0.290615	-0.280734	0.217340	0.934854	0.076475	0.975992	-0.203939
2513	-186.082287	-2.306596	8.098557	-0.953733	0.014240	-0.300318	-0.290675	0.211554	0.933141	0.076821	0.977263	-0.197627
2514	-186.320329	-2.304405	8.016742	-0.950634	0.014240	-0.309989	-0.300599	0.205760	0.931291	0.077045	0.978499	-0.191322
2515	-186.557464	-2.302177	7.932528	-0.947436	0.014240	-0.319628	-0.310505	0.199959	0.929302	0.077146	0.979701	-0.185027
2516	-186.793668	-2.299909	7.845931	-0.944145	0.014240	-0.329222	-0.320378	0.194159	0.927179	0.077124	0.980867	-0.178752
2517	-187.028917	-2.297599	7.756983	-0.940770	0.014240	-0.338747	-0.330191	0.188373	0.924927	0.076981	0.981994	-0.172514
2518	-187.263194	-2.295244	7.665720	-0.937320	0.014240	-0.348178	-0.339919	0.182617	0.922554	0.076720	0.983081	-0.166330
2519	-187.496485	-2.292842	7.572184	-0.933808	0.014240	-0.357492	-0.349536	0.176904	0.920071	0.076344	0.984125	-0.160217
2520	-187.728778	-2.290391	7.476423	-0.930244	0.014240	-0.366666	-0.359016	0.171251	0.917486	0.075857	0.985124	-0.154193
2521	-187.960068	-2.287889	7.378489	-0.926641	0.014240	-0.375677	-0.368335	0.165671	0.914813	0.075266	0.986078	-0.148273
2522	-188.190352	-2.285337	7.278439	-0.923014	0.014240	-0.384504	-0.377471	0.160179	0.912063	0.074577	0.986985	-0.142472
2523	-188.419634	-2.282732	7.176337	-0.919375	0.014240	-0.393125	-0.386399	0.154788	0.909251	0.073799	0.987845	-0.136806
2524	-188.647919	-2.280075	7.072249	-0.915739	0.014240	-0.401522	-0.395098	0.149512	0.906390	0.072939	0.988657	-0.131288
2525	-188.875219	-2.277366	6.966246	-0.912121	0.014240	-0.409674	-0.403547	0.144366	0.903498	0.072009	0.989422	-0.125933
2526	-189.101549	-2.274604	6.858402	-0.908536	0.014240	-0.417564	-0.411727	0.139362	0.900588	0.071017	0.990139	-0.120753
2527	-189.326930	-2.271791	6.748797	-0.905000	0.014240	-0.425173	-0.419617	0.134514	0.897679	0.069974	0.990809	-0.115760
2528	-189.551386	-2.268927	6.637513	-0.901528	0.014240	-0.432486	-0.427201	0.129833	0.894786	0.068892	0.991434	-0.110965
2529	-189.774946	-2.266014	6.524635	-0.898136	0.014240	-0.439488	-0.434462	0.125332	0.891927	0.067783	0.992013	-0.106378
2530	-189.997642	-2.263052	6.410252	-0.894839	0.014240	-0.446162	-0.441385	0.121022	0.889119	0.066656	0.992548	-0.102010
2531	-190.219510	-2.260043	6.294453	-0.891652	0.014240	-0.452497	-0.447954	0.116915	0.886379	0.065526	0.993040	-0.097869
2532	-190.440593	-2.256988	6.177334	-0.888591	0.014240	-0.458479	-0.454157	0.113021	0.883724	0.064402	0.993491	-0.093962
2533	-190.660932	-2.253890	6.058990	-0.885670	0.014240	-0.464097	-0.459981	0.109350	0.881170	0.063297	0.993901	-0.090298
2534	-190.880576	-2.250749	5.939518	-0.882903	0.014240	-0.469340	-0.465415	0.105912	0.878733	0.062222	0.994274	-0.086883
2535	-191.099575	-2.247567	5.819019	-0.880303	0.014240	-0.474198	-0.470449	0.102716	0.876428	0.061188	0.994609	-0.083722
2536	-191.317982	-2.244346	5.697594	-0.877884	0.014240	-0.478662	-0.475075	0.099769	0.874271	0.060205	0.994909	-0.080820
2537	-191.535854	-2.241089	5.575347	-0.875656	0.014240	-0.482725	-0.479282	0.097079	0.872275	0.059284	0.995175	-0.078183
2538	-191.753248	-2.237795	5.452382	-0.873632	0.014240	-0.486379	-0.483066	0.094654	0.870453	0.058433	0.995408	-0.075814
2539	-191.970224	-2.234468	5.328804	-0.871821	0.014240	-0.489617	-0.486418	0.092499	0.868816	0.057661	0.995611	-0.073716
2540	-192.186844	-2.231107	5.204721	-0.870233	0.014240	-0.492435	-0.489335	0.090620	0.867375	0.056976	0.995784	-0.071893
2541	-192.403171	-2.227715	5.080239	-0.868875	0.014240	-0.494827	-0.491810	0.089022	0.866140	0.056384	0.995928	-0.070346
2542	-192.619268	-2.224293	4.955468	-0.867754	0.014240	-0.496789	-0.493840	0.087709	0.865118	0.055892	0.996044	-0.069078
2543	-192.835201	-2.220841	4.830515	-0.866877	0.014240	-0.498319	-0.495423	0.086684	0.864316	0.055504	0.996134	-0.068090
2544	-193.051034	-2.217361	4.705491	-0.866247	0.014240	-0.499413	-0.496555	0.085950	0.863739	0.055224	0.996198	-0.067383
2545	-193.266832	-2.213852	4.580504	-0.865868	0.014240	-0.500071	-0.497235	0.085509	0.863392	0.055055	0.996236	-0.066959
2546	-193.482659	-2.210315	4.455665	-0.865741	0.014240	-0.500290	-0.497461	0.085362	0.863276	0.054999	0.996248	-0.066818
2547	-193.704887	-2.206633	4.327242	-0.865328	0.021323	-0.500752	-0.497461	0.085362	0.863276	0.061153	0.996122	-0.063259
2548	-193.927008	-2.201131	4.198701	-0.864871	0.028406	-0.501189	-0.497461	0.085362	0.863276	0.067305	0.995945	-0.059697
2549	-194.149012	-2.193812	4.070048	-0.864371	0.035487	-0.501601	-0.497461	0.085362	0.863276	0.073453	0.995718	-0.056131
2550	-194.370888	-2.184675	3.941289	-0.863827	0.042566	-0.501988	-0.497461	0.085362	0.863276	0.079597	0.995440	-0.052563
2551	-194.592624	-2.173721	3.812431	-0.863239	0.049643	-0.502349	-0.497461	0.085362	0.863276	0.085737	0.995112	-0.048993
2552	-194.814208	-2.160951	3.683480	-0.862607	0.056717	-0.502684	-0.497461	0.085362	0.863276	0.091873	0.994734	-0.045419
2553	-195.035631	-2.146364	3.554444	-0.861932	0.063789	-0.502995	-0.497461	0.085362	0.863276	0.098004	0.994306	-0.041844
2554	-195.256880	-2.129962	3.425328	-0.861214	0.070858	-0.503279	-0.497461	0.085362	0.863276	0.104131	0.993827	-0.038266
2555	-195.477944	-2.111746	3.296138	-0.860451	0.077922	-0.503539	-0.497461	0.085362	0.863276	0.110252	0.993298	-0.034687
2556	-195.698812	-2.091716	3.166883	-0.859646	0.084983	-0.503773	-0.497461	0.085362	0.863276	0.116367	0.992719	-0.031105
2557	-195.919474	-2.069874	3.037567	-0.858797	0.092040	-0.503981	-0.497461	0.085362	0.863276	0.122477	0.992090	-0.027522
2558	-196.139917	-2.046220	2.908198	-0.857904	0.099092	-0.504164	-0.497461	0.085362	0.863276	0.128580	0.991410	-0.023938
2559	-196.360131	-2.020757	2.778782	-0.856968	0.106139	-0.504322	-0.497461	0.085362	0.863276	0.134677	0.990680	-0.020353
2560	-196.580105	-1.993484	2.649326	-0.855989	0.113180	-0.504454	-0.497461	0.085362	0.863276	0.140767	0.989901	-0.016766
2561	-196.799827	-1.964404	2.519836	-0.854966	0.120216	-0.504560	-0.497461	0.085362	0.863276	0.146850	0.989071	-0.013179
2562	-197.019286	-1.933518	2.390319	-0.853900	0.127246	-0.504641	-0.497461	0.085362	0.863276	0.152926	0.988191	-0.009591
2563	-197.238472	-1.900827	2.260781	-0.852791	0.134269	-0.504696	-0.497461	0.085362	0.863276	0.158994	0.987261	-0.006002
2564	-197.457373	-1.866334	2.131229	-0.851639	0.141286	-0.504726	-0.497461	0.085362	0.863276	0.165053	0.986282	-0.002413
2565	-197.675978	-1.830039	2.001669	-0.850444	0.148295	-0.504731	-0.497461	0.085362	0.863276	0.171105	0.985252	0.001175
2566	-197.894276	-1.791945	1.872109	-0.849206	0.155297	-0.504710	-0.497461	0.085362	0.863276	0.177148	0.984173	0.004764
2567	-198.112256	-1.752054	1.742553	-0.847925	0.162291	-0.504663	-0.497461	0.085362	0.863276	0.183181	0.983044	0.008353
2568	-198.329907	-1.710368	1.613010	-0.846601	0.169277	-0.504591	-0.497461	0.085362	0.863276	0.189206	0.981865	0.011941
2569	-198.547218	-1.666888	1.483486	-0.845234	0.176255	-0.504493	-0.497461	0.085362	0.863276	0.195221	0.980636	0.015529
2570	-198.764178	-1.621618	1.353987	-0.843825	0.183223	-0.504370	-0.497461	0.085362	0.863276	0.201226	0.979358	0.019116
2571	-198.980776	-1.574559	1.224519	-0.842373	0.190182	-0.504221	-0.497461	0.085362	0.863276	0.207221	0.978031	0.022702
2572	-199.197001	-1.525713	1.095090	-0.840878	0.197132	-0.504047	-0.497461	0.085362	0.863276	0.213206	0.976654	0.026286
2573	-199.412842	-1.475084	0.965706	-0.839341	0.204071	-0.503848	-0.497461	0.085362	0.863276	0.219179	0.975227	0.029870
2574	-199.628288	-1.422673	0.836372	-0.837761	0.211000	-0.503622	-0.497461	0.085362	0.863276	0.225142	0.973752	0.033451
2575	-199.843329	-1.368484	0.707097	-0.836139	0.217919	-0.503372	-0.497461	0.085362	0.863276	0.231093	0.972227	0.037032
2576	-200.057953	-1.312518	0.577886	-0.834474	0.224827	-0.503096	-0.497461	0.085362	0.863276	0.237033	0.970653	0.040610
2577	-200.272150	-1.254780	0.448747	-0.832768	0.231723	-0.502794	-0.497461	0.085362	0.863276	0.242960	0.969029	0.044186
2578	-200.485909	-1.195272	0.319684	-0.831019	0.238607	-0.502467	-0.497461	0.085362	0.863276	0.248876	0.967357	0.047760
2579	-200.699218	-1.133996	0.190706	-0.829229	0.245480	-0.502115	-0.497461	0.085362	0.863276	0.254778	0.965636	0.051332
2580	-200.912068	-1.070956	0.061818	-0.827396	0.252340	-0.501737	-0.497461	0.085362	0.863276	0.260668	0.963866	0.054901
2581	-201.124447	-1.006156	-0.066973	-0.825522	0.259187	-0.501334	-0.497461	0.085362	0.863276	0.266545	0.962048	0.058467
2582	-201.336345	-0.939598	-0.195660	-0.823606	0.266021	-0.500906	-0.497461	0.085362	0.863276	0.272408	0.960180	0.062030
2583	-201.547751	-0.871285	-0.324237	-0.821648	0.272842	-0.500452	-0.497461	0.085362	0.863276	0.278257	0.958264	0.065591
2584	-201.758654	-0.801222	-0.452698	-0.819648	0.279649	-0.499973	-0.497461	0.085362	0.863276	0.284093	0.956300	0.069147
2585	-201.969044	-0.729412	-0.581035	-0.817608	0.286441	-0.499469	-0.497461	0.085362	0.863276	0.289914	0.954288	0.072701
2586	-202.178910	-0.655858	-0.709243	-0.815526	0.293220	-0.498939	-0.497461	0.085362	0.863276	0.295720	0.952227	0.076250
2587	-202.388241	-0.580564	-0.837315	-0.813402	0.299983	-0.498385	-0.497461	0.085362	0.863276	0.301511	0.950118	0.079796
2588	-202.597027	-0.503534	-0.965244	-0.811238	0.306731	-0.497805	-0.497461	0.085362	0.863276	0.307287	0.947961	0.083338
2589	-202.805257	-0.424772	-1.093025	-0.809032	0.313464	-0.497199	-0.497461	0.085362	0.863276	0.313048	0.945756	0.086875
2590	-203.012921	-0.344282	-1.220650	-0.806786	0.320181	-0.496569	-0.497461	0.085362	0.863276	0.318793	0.943503	0.090409
2591	-203.220008	-0.262068	-1.348113	-0.804499	0.326882	-0.495914	-0.497461	0.085362	0.863276	0.324521	0.941202	0.093937
2592	-203.426508	-0.178134	-1.475408	-0.802171	0.333566	-0.495233	-0.497461	0.085362	0.863276	0.330234	0.938854	0.097461
2593	-203.632410	-0.092484	-1.602528	-0.799802	0.340233	-0.494528	-0.497461	0.085362	0.863276	0.335929	0.936459	0.100980
2594	-203.837704	-0.005122	-1.729466	-0.797394	0.346883	-0.493797	-0.497461	0.085362	0.863276	0.341608	0.934016	0.104494
2595	-204.042380	0.083946	-1.856218	-0.794944	0.353516	-0.493042	-0.497461	0.085362	0.863276	0.347269	0.931526	0.108002
2596	-204.246426	0.174717	-1.982775	-0.792455	0.360131	-0.492261	-0.497461	0.085362	0.863276	0.352913	0.928988	0.111505
2597	-204.449834	0.267186	-2.109131	-0.789926	0.366727	-0.491456	-0.497461	0.085362	0.863276	0.358538	0.926404	0.115003
2598	-204.652592	0.361347	-2.235281	-0.787356	0.373305	-0.490626	-0.497461	0.085362	0.863276	0.364146	0.923773	0.118494
2599	-204.854690	0.457198	-2.361218	-0.784747	0.379864	-0.489771	-0.497461	0.085362	0.863276	0.369736	0.921095	0.121980
2600	-205.056119	0.554732	-2.486935	-0.782098	0.386404	-0.488891	-0.497461	0.085362	0.863276	0.375306	0.918371	0.125459
2601	-205.244633	0.647900	-2.604779	-0.784747	0.379864	-0.489771	-0.497461	0.085362	0.863276	0.369736	0.921095	0.121980
2602	-205.433785	0.739491	-2.722834	-0.787356	0.373305	-0.490626	-0.497461	0.085362	0.863276	0.364146	0.923773	0.118494
2603	-205.623567	0.829502	-2.841096	-0.789926	0.366727	-0.491456	-0.497461	0.085362	0.863276	0.358538	0.926404	0.115003
2604	-205.813968	0.917927	-2.959558	-0.792455	0.360131	-0.492261	-0.497461	0.085362	0.863276	0.352913	0.928988	0.111505
2605	-206.004979	1.004762	-3.078214	-0.794944	0.353516	-0.493042	-0.497461	0.085362	0.863276	0.347269	0.931526	0.108002
2606	-206.196590	1.090003	-3.197059	-0.797394	0.346883	-0.493797	-0.497461	0.085362	0.863276	0.341608	0.934016	0.104494
2607	-206.388792	1.173645	-3.316085	-0.799802	0.340233	-0.494528	-0.497461	0.085362	0.863276	0.335929	0.936459	0.100980
2608	-206.581575	1.255684	-3.435288	-0.802171	0.333566	-0.495233	-0.497461	0.085362	0.863276	0.330234	0.938854	0.097461
2609	-206.774928	1.336116	-3.554661	-0.804499	0.326882	-0.495914	-0.497461	0.085362	0.863276	0.324521	0.941202	0.093937
2610	-206.968843	1.414937	-3.674198	-0.806786	0.320181	-0.496569	-0.497461	0.085362	0.863276	0.318793	0.943503	0.090409
2611	-207.163310	1.492142	-3.793893	-0.809032	0.313464	-0.497199	-0.497461	0.085362	0.863276	0.313048	0.945756	0.086875
2612	-207.358318	1.567729	-3.913740	-0.811238	0.306731	-0.497805	-0.497461	0.085362	0.863276	0.307287	0.947961	0.083338
2613	-207.553857	1.641693	-4.033734	-0.813402	0.299983	-0.498385	-0.497461	0.085362	0.863276	0.301511	0.950118	0.079796
2614	-207.749919	1.714030	-4.153867	-0.815526	0.293220	-0.498939	-0.497461	0.085362	0.863276	0.295720	0.952227	0.076250
2615	-207.946493	1.784737	-4.274134	-0.817608	0.286441	-0.499469	-0.497461	0.085362	0.863276	0.289914	0.954288	0.072701
2616	-208.143569	1.853810	-4.394528	-0.819648	0.279649	-0.499973	-0.497461	0.085362	0.863276	0.284093	0.956300	0.069147
2617	-208.341137	1.921246	-4.515045	-0.821648	0.272842	-0.500452	-0.497461	0.085362	0.863276	0.278257	0.958264	0.065591
2618	-208.539187	1.987041	-4.635676	-0.823606	0.266021	-0.500906	-0.497461	0.085362	0.863276	0.272408	0.960180	0.062030
2619	-208.737709	2.051192	-4.756418	-0.825522	0.259187	-0.501334	-0.497461	0.085362	0.863276	0.266545	0.962048	0.058467
2620	-208.936693	2.113695	-4.877263	-0.827396	0.252340	-0.501737	-0.497461	0.085362	0.863276	0.260668	0.963866	0.054901
2621	-209.136129	2.174548	-4.998205	-0.829229	0.245480	-0.502115	-0.497461	0.085362	0.863276	0.254778	0.965636	0.051332
2622	-209.336007	2.233748	-5.119238	-0.831019	0.238607	-0.502467	-0.497461	0.085362	0.863276	0.248876	0.967357	0.047760
2623	-209.536317	2.291291	-5.240356	-0.832768	0.231723	-0.502794	-0.497461	0.085362	0.863276	0.242960	0.969029	0.044186
2624	-209.737048	2.347174	-5.361553	-0.834474	0.224827	-0.503096	-0.497461	0.085362	0.863276	0.237033	0.970653	0.040610
2625	-209.938191	2.401396	-5.482823	-0.836139	0.217919	-0.503372	-0.497461	0.085362	0.863276	0.231093	0.972227	0.037032
2626	-210.139735	2.453952	-5.604159	-0.837761	0.211000	-0.503622	-0.497461	0.085362	0.863276	0.225142	0.973752	0.033451
2627	-210.341671	2.504841	-5.725556	-0.839341	0.204071	-0.503848	-0.497461	0.085362	0.863276	0.219179	0.975227	0.029870
2628	-210.543987	2.554059	-5.847007	-0.840878	0.197132	-0.504047	-0.497461	0.085362	0.863276	0.213206	0.976654	0.026286
2629	-210.746675	2.601605	-5.968507	-0.842373	0.190182	-0.504221	-0.497461	0.085362	0.863276	0.207221	0.978031	0.022702
2630	-210.949722	2.647475	-6.090049	-0.843825	0.183223	-0.504370	-0.497461	0.085362	0.863276	0.201226	0.979358	0.019116
2631	-211.153120	2.691668	-6.211626	-0.845234	0.176255	-0.504493	-0.497461	0.085362	0.863276	0.195221	0.980636	0.015529
2632	-211.356858	2.734182	-6.333234	-0.846601	0.169277	-0.504591	-0.497461	0.085362	0.863276	0.189206	0.981865	0.011941
2633	-211.560925	2.775013	-6.454865	-0.847925	0.162291	-0.504663	-0.497461	0.085362	0.863276	0.183181	0.983044	0.008353
2634	-211.765312	2.814161	-6.576513	-0.849206	0.155297	-0.504710	-0.497461	0.085362	0.863276	0.177148	0.984173	0.004764
2635	-211.970008	2.851622	-6.698173	-0.850444	0.148295	-0.504731	-0.497461	0.085362	0.863276	0.171105	0.985252	0.001175
2636	-212.175002	2.887396	-6.819838	-0.851639	0.141286	-0.504726	-0.497461	0.085362	0.863276	0.165053	0.986282	-0.002413
2637	-212.380285	2.921481	-6.941502	-0.852791	0.134269	-0.504696	-0.497461	0.085362	0.863276	0.158994	0.987261	-0.006002
2638	-212.585845	2.953874	-7.063159	-0.853900	0.127246	-0.504641	-0.497461	0.085362	0.863276	0.152926	0.988191	-0.009591
2639	-212.791673	2.984574	-7.184803	-0.854966	0.120216	-0.504560	-0.497461	0.085362	0.863276	0.146850	0.989071	-0.013179
2640	-212.997758	3.013579	-7.306427	-0.855989	0.113180	-0.504454	-0.497461	0.085362	0.863276	0.140767	0.989901	-0.016766
2641	-213.204090	3.040889	-7.428026	-0.856968	0.106139	-0.504322	-0.497461	0.085362	0.863276	0.134677	0.990680	-0.020353
2642	-213.410658	3.066501	-7.549593	-0.857904	0.099092	-0.504164	-0.497461	0.085362	0.863276	0.128580	0.991410	-0.023938
2643	-213.617451	3.090415	-7.671122	-0.858797	0.092040	-0.503981	-0.497461	0.085362	0.863276	0.122477	0.992090	-0.027522
2644	-213.824461	3.112629	-7.792607	-0.859646	0.084983	-0.503773	-0.497461	0.085362	0.863276	0.116367	0.992719	-0.031105
2645	-214.031674	3.133142	-7.914042	-0.860451	0.077922	-0.503539	-0.497461	0.085362	0.863276	0.110252	0.993298	-0.034687
2646	-214.239083	3.151952	-8.035421	-0.861214	0.070858	-0.503279	-0.497461	0.085362	0.863276	0.104131	0.993827	-0.038266
2647	-214.446675	3.169060	-8.156737	-0.861932	0.063789	-0.502995	-0.497461	0.085362	0.863276	0.098004	0.994306	-0.041844
2648	-214.654440	3.184464	-8.277985	-0.862607	0.056717	-0.502684	-0.497461	0.085362	0.863276	0.091873	0.994734	-0.045419
2649	-214.862369	3.198163	-8.399158	-0.863239	0.049643	-0.502349	-0.497461	0.085362	0.863276	0.085737	0.995112	-0.048993
2650	-215.070450	3.210158	-8.520250	-0.863827	0.042566	-0.501988	-0.497461	0.085362	0.863276	0.079597	0.995440	-0.052563
2651	-215.278672	3.220446	-8.641255	-0.864371	0.035487	-0.501601	-0.497461	0.085362	0.863276	0.073453	0.995718	-0.056131
2652	-215.487026	3.229027	-8.762168	-0.864871	0.028406	-0.501189	-0.497461	0.085362	0.863276	0.067305	0.995945	-0.059697
2653	-215.695501	3.235902	-8.882981	-0.865328	0.021323	-0.500752	-0.497461	0.085362	0.863276	0.061153	0.996122	-0.063259
2654	-215.904086	3.241070	-9.003689	-0.865741	0.014240	-0.500290	-0.497461	0.085362	0.863276	0.054999	0.996248	-0.066818
2655	-216.086043	3.240896	-9.188532	-0.865741	0.014240	-0.500290	-0.499933	0.022639	0.865768	0.023654	0.999642	-0.012480
2656	-216.267897	3.245063	-9.373430	-0.865741	0.014240	-0.500290	-0.500432	-0.040174	0.864843	-0.007783	0.999091	0.041906
2657	-216.449784	3.253566	-9.558146	-0.865741	0.014240	-0.500290	-0.498956	-0.102828	0.860505	-0.039190	0.994597	0.096127
2658	-216.631842	3.266387	-9.742444	-0.865741	0.014240	-0.500290	-0.495510	-0.165076	0.852772	-0.070443	0.986178	0.149969
2659	-216.814205	3.283489	-9.926092	-0.865741	0.014240	-0.500290	-0.490109	-0.226673	0.841672	-0.101417	0.973867	0.203219
2660	-216.997009	3.304819	-10.108857	-0.865741	0.014240	-0.500290	-0.482774	-0.287376	0.827251	-0.131991	0.957712	0.255667
2661	-217.180386	3.330307	-10.290512	-0.865741	0.014240	-0.500290	-0.473534	-0.346944	0.809565	-0.162044	0.937778	0.307106
2662	-217.364466	3.359866	-10.470835	-0.865741	0.014240	-0.500290	-0.462425	-0.405143	0.788684	-0.191458	0.914143	0.357333
2663	-217.549377	3.393393	-10.649606	-0.865741	0.014240	-0.500290	-0.449490	-0.461743	0.764691	-0.220116	0.886900	0.406150
2664	-217.735244	3.430770	-10.826613	-0.865741	0.014240	-0.500290	-0.434782	-0.516521	0.737679	-0.247906	0.856156	0.453364
2665	-217.922187	3.471865	-11.001653	-0.865741	0.014240	-0.500290	-0.418358	-0.569260	0.707757	-0.274717	0.822034	0.498789
2666	-218.110323	3.516527	-11.174527	-0.865741	0.014240	-0.500290	-0.400283	-0.619752	0.675041	-0.300443	0.784668	0.542245
2667	-218.299763	3.564596	-11.345047	-0.865741	0.014240	-0.500290	-0.380628	-0.667799	0.639661	-0.324985	0.744205	0.583561
2668	-218.490614	3.615896	-11.513034	-0.865741	0.014240	-0.500290	-0.359471	-0.713211	0.601757	-0.348243	0.700805	0.622574
2669	-218.682976	3.670239	-11.678318	-0.865741	0.014240	-0.500290	-0.336895	-0.755807	0.561478	-0.370127	0.654639	0.659130
2670	-218.876946	3.727423	-11.840741	-0.865741	0.014240	-0.500290	-0.312990	-0.795421	0.518983	-0.390551	0.605890	0.693085
2671	-219.072610	3.787237	-12.000155	-0.865741	0.014240	-0.500290	-0.287850	-0.831895	0.474439	-0.409433	0.554750	0.724305
2672	-219.270053	3.849460	-12.156425	-0.865741	0.014240	-0.500290	-0.261573	-0.865087	0.428024	-0.426699	0.501420	0.752666
2673	-219.469347	3.913860	-12.309427	-0.865741	0.014240	-0.500290	-0.234264	-0.894864	0.379919	-0.442282	0.446111	0.778056
2674	-219.670562	3.980196	-12.459051	-0.865741	0.014240	-0.500290	-0.206031	-0.921110	0.330314	-0.456118	0.389042	0.800376
2675	-219.873757	4.048221	-12.605201	-0.865741	0.014240	-0.500290	-0.176984	-0.943721	0.279407	-0.468155	0.330437	0.819538
2676	-220.078984	4.117680	-12.747793	-0.865741	0.014240	-0.500290	-0.147239	-0.962607	0.227396	-0.478344	0.270529	0.835465
2677	-220.286288	4.188314	-12.886758	-0.865741	0.014240	-0.500290	-0.116913	-0.977694	0.174488	-0.486646	0.209552	0.848094
2678	-220.495704	4.259858	-13.022042	-0.865741	0.014240	-0.500290	-0.086126	-0.988922	0.120892	-0.493026	0.147749	0.857377
2679	-220.707261	4.332043	-13.153603	-0.865741	0.014240	-0.500290	-0.054999	-0.996248	0.066818	-0.497461	0.085362	0.863276
2680	-220.920977	4.404599	-13.281417	-0.865741	0.014240	-0.500290	-0.023654	-0.999642	0.012480	-0.499933	0.022639	0.865768
2681	-221.136864	4.477253	-13.405472	-0.865741	0.014240	-0.500290	0.007783	-0.999091	-0.041906	-0.500432	-0.040174	0.864843
2682	-221.354923	4.549732	-13.525773	-0.865741	0.014240	-0.500290	0.039190	-0.994597	-0.096127	-0.498956	-0.102828	0.860505
2683	-221.575148	4.621765	-13.642338	-0.865741	0.014240	-0.500290	0.070443	-0.986178	-0.149969	-0.495510	-0.165076	0.852772
2684	-221.797524	4.693082	-13.755201	-0.865741	0.014240	-0.500290	0.101417	-0.973867	-0.203219	-0.490109	-0.226673	0.841672
2685	-222.022028	4.763414	-13.864410	-0.865741	0.014240	-0.500290	0.131991	-0.957712	-0.255667	-0.482774	-0.287376	0.827251
2686	-222.248628	4.832499	-13.970028	-0.865741	0.014240	-0.500290	0.162044	-0.937778	-0.307106	-0.473534	-0.346944	0.809565
2687	-222.477283	4.900078	-14.072132	-0.865741	0.014240	-0.500290	0.191458	-0.914143	-0.357333	-0.462425	-0.405143	0.788684
2688	-222.707946	4.965898	-14.170812	-0.865741	0.014240	-0.500290	0.220116	-0.886900	-0.406150	-0.449490	-0.461743	0.764691
2689	-222.940560	5.029713	-14.266172	-0.865741	0.014240	-0.500290	0.247906	-0.856156	-0.453364	-0.434782	-0.516521	0.737679
2690	-223.175062	5.091287	-14.358329	-0.865741	0.014240	-0.500290	0.274717	-0.822034	-0.498789	-0.418358	-0.569260	0.707757
2691	-223.411380	5.150388	-14.447414	-0.865741	0.014240	-0.500290	0.300443	-0.784668	-0.542245	-0.400283	-0.619752	0.675041
2692	-223.649436	5.206800	-14.533569	-0.865741	0.014240	-0.500290	0.324985	-0.744205	-0.583561	-0.380628	-0.667799	0.639661
2693	-223.889144	5.260312	-14.616947	-0.865741	0.014240	-0.500290	0.348243	-0.700805	-0.622574	-0.359471	-0.713211	0.601757
2694	-224.130412	5.310728	-14.697712	-0.865741	0.014240	-0.500290	0.370127	-0.654639	-0.659130	-0.336895	-0.755807	0.561478
2695	-224.373143	5.357863	-14.776040	-0.865741	0.014240	-0.500290	0.390551	-0.605890	-0.693085	-0.312990	-0.795421	0.518983
2696	-224.617233	5.401545	-14.852115	-0.865741	0.014240	-0.500290	0.409433	-0.554750	-0.724305	-0.287850	-0.831895	0.474439
2697	-224.862572	5.441616	-14.926130	-0.865741	0.014240	-0.500290	0.426699	-0.501420	-0.752666	-0.261573	-0.865087	0.428024
2698	-225.109047	5.477931	-14.998287	-0.865741	0.014240	-0.500290	0.442282	-0.446111	-0.778056	-0.234264	-0.894864	0.379919
2699	-225.356539	5.510361	-15.068795	-0.865741	0.014240	-0.500290	0.456118	-0.389042	-0.800376	-0.206031	-0.921110	0.330314
2700	-225.604925	5.538793	-15.137868	-0.865741	0.014240	-0.500290	0.468155	-0.330437	-0.819538	-0.176984	-0.943721	0.279407
2701	-225.854080	5.563127	-15.205729	-0.865741	0.014240	-0.500290	0.478344	-0.270529	-0.835465	-0.147239	-0.962607	0.227396
2702	-226.103874	5.583283	-15.272603	-0.865741	0.014240	-0.500290	0.486646	-0.209552	-0.848094	-0.116913	-0.977694	0.174488
2703	-226.354175	5.599195	-15.338719	-0.865741	0.014240	-0.500290	0.493026	-0.147749	-0.857377	-0.086126	-0.988922	0.120892
2704	-226.604851	5.610813	-15.404311	-0.865741	0.014240	-0.500290	0.497461	-0.085362	-0.863276	-0.054999	-0.996248	0.066818
2705	-226.855765	5.618106	-15.469612	-0.865741	0.014240	-0.500290	0.499933	-0.022639	-0.865768	-0.023654	-0.999642	0.012480
2706	-227.106781	5.621060	-15.534859	-0.865741	0.014240	-0.500290	0.500432	0.040174	-0.864843	0.007783	-0.999091	-0.041906
2707	-227.357764	5.619677	-15.600288	-0.865741	0.014240	-0.500290	0.498956	0.102828	-0.860505	0.039190	-0.994597	-0.096127
2708	-227.608577	5.613975	-15.666135	-0.865741	0.014240	-0.500290	0.495510	0.165076	-0.852772	0.070443	-0.986178	-0.149969
2709	-227.859084	5.603993	-15.732632	-0.865741	0.014240	-0.500290	0.490109	0.226673	-0.841672	0.101417	-0.973867	-0.203219
2710	-228.109151	5.589783	-15.800012	-0.865741	0.014240	-0.500290	0.482774	0.287376	-0.827251	0.131991	-0.957712	-0.255667
2711	-228.358645	5.571415	-15.868501	-0.865741	0.014240	-0.500290	0.473534	0.346944	-0.809565	0.162044	-0.937778	-0.307106
2712	-228.607435	5.548976	-15.938324	-0.865741	0.014240	-0.500290	0.462425	0.405143	-0.788684	0.191458	-0.914143	-0.357333
2713	-228.855394	5.522569	-16.009698	-0.865741	0.014240	-0.500290	0.449490	0.461743	-0.764691	0.220116	-0.886900	-0.406150
2714	-229.102398	5.492311	-16.082835	-0.865741	0.014240	-0.500290	0.434782	0.516521	-0.737679	0.247906	-0.856156	-0.453364
2715	-229.348325	5.458337	-16.157940	-0.865741	0.014240	-0.500290	0.418358	0.569260	-0.707757	0.274717	-0.822034	-0.498789
2716	-229.593060	5.420794	-16.235211	-0.865741	0.014240	-0.500290	0.400283	0.619752	-0.675041	0.300443	-0.784668	-0.542245
2717	-229.836490	5.379845	-16.314836	-0.865741	0.014240	-0.500290	0.380628	0.667799	-0.639661	0.324985	-0.744205	-0.583561
2718	-230.078510	5.335665	-16.396994	-0.865741	0.014240	-0.500290	0.359471	0.713211	-0.601757	0.348243	-0.700805	-0.622574
2719	-230.319018	5.288442	-16.481854	-0.865741	0.014240	-0.500290	0.336895	0.755807	-0.561478	0.370127	-0.654639	-0.659130
2720	-230.557919	5.238378	-16.569577	-0.865741	0.014240	-0.500290	0.312990	0.795421	-0.518983	0.390551	-0.605890	-0.693085
2721	-230.795124	5.185684	-16.660308	-0.865741	0.014240	-0.500290	0.287850	0.831895	-0.474439	0.409433	-0.554750	-0.724305
2722	-231.030552	5.130581	-16.754183	-0.865741	0.014240	-0.500290	0.261573	0.865087	-0.428024	0.426699	-0.501420	-0.752666
2723	-231.264128	5.073301	-16.851326	-0.865741	0.014240	-0.500290	0.234264	0.894864	-0.379919	0.442282	-0.446111	-0.778056
2724	-231.495784	5.014085	-16.951846	-0.865741	0.014240	-0.500290	0.206031	0.921110	-0.330314	0.456118	-0.389042	-0.800376
2725	-231.725459	4.953180	-17.055841	-0.865741	0.014240	-0.500290	0.176984	0.943721	-0.279407	0.468155	-0.330437	-0.819538
2726	-231.953103	4.890840	-17.163394	-0.865741	0.014240	-0.500290	0.147239	0.962607	-0.227396	0.478344	-0.270529	-0.835465
2727	-232.178669	4.827326	-17.274574	-0.865741	0.014240	-0.500290	0.116913	0.977694	-0.174488	0.486646	-0.209552	-0.848094
2728	-232.402124	4.762902	-17.389435	-0.865741	0.014240	-0.500290	0.086126	0.988922	-0.120892	0.493026	-0.147749	-0.857377
2729	-232.623437	4.697837	-17.508019	-0.865741	0.014240	-0.500290	0.054999	0.996248	-0.066818	0.497461	-0.085362	-0.863276
2730	-232.842591	4.632401	-17.630350	-0.865741	0.014240	-0.500290	0.023654	0.999642	-0.012480	0.499933	-0.022639	-0.865768
2731	-233.059575	4.566867	-17.756440	-0.865741	0.014240	-0.500290	-0.007783	0.999091	0.041906	0.500432	0.040174	-0.864843
2732	-233.274387	4.501507	-17.886284	-0.865741	0.014240	-0.500290	-0.039190	0.994597	0.096127	0.498956	0.102828	-0.860505
2733	-233.487032	4.436594	-18.019864	-0.865741	0.014240	-0.500290	-0.070443	0.986178	0.149969	0.495510	0.165076	-0.852772
2734	-233.697526	4.372397	-18.157145	-0.865741	0.014240	-0.500290	-0.101417	0.973867	0.203219	0.490109	0.226673	-0.841672
2735	-233.905893	4.309185	-18.298081	-0.865741	0.014240	-0.500290	-0.131991	0.957712	0.255667	0.482774	0.287376	-0.827251
2736	-234.112164	4.247220	-18.442608	-0.865741	0.014240	-0.500290	-0.162044	0.937778	0.307106	0.473534	0.346944	-0.809565
2737	-234.316379	4.186761	-18.590649	-0.865741	0.014240	-0.500290	-0.191458	0.914143	0.357333	0.462425	0.405143	-0.788684
2738	-234.518586	4.128061	-18.742115	-0.865741	0.014240	-0.500290	-0.220116	0.886900	0.406150	0.449490	0.461743	-0.764691
2739	-234.718842	4.071365	-18.896900	-0.865741	0.014240	-0.500290	-0.247906	0.856156	0.453364	0.434782	0.516521	-0.737679
2740	-234.917211	4.016912	-19.054887	-0.865741	0.014240	-0.500290	-0.274717	0.822034	0.498789	0.418358	0.569260	-0.707757
2741	-235.113764	3.964930	-19.215947	-0.865741	0.014240	-0.500290	-0.300443	0.784668	0.542245	0.400283	0.619752	-0.675041
2742	-235.308579	3.915638	-19.379937	-0.865741	0.014240	-0.500290	-0.324985	0.744205	0.583561	0.380628	0.667799	-0.639661
2743	-235.501741	3.869246	-19.546704	-0.865741	0.014240	-0.500290	-0.348243	0.700805	0.622574	0.359471	0.713211	-0.601757
2744	-235.693343	3.825950	-19.716084	-0.865741	0.014240	-0.500290	-0.370127	0.654639	0.659130	0.336895	0.755807	-0.561478
2745	-235.883482	3.785935	-19.887901	-0.865741	0.014240	-0.500290	-0.390551	0.605890	0.693085	0.312990	0.795421	-0.518983
2746	-236.072263	3.749372	-20.061971	-0.865741	0.014240	-0.500290	-0.409433	0.554750	0.724305	0.287850	0.831895	-0.474439
2747	-236.259794	3.716422	-20.238101	-0.865741	0.014240	-0.500290	-0.426699	0.501420	0.752666	0.261573	0.865087	-0.428024
2748	-236.446190	3.687227	-20.416089	-0.865741	0.014240	-0.500290	-0.442282	0.446111	0.778056	0.234264	0.894864	-0.379919
2749	-236.631568	3.661916	-20.595726	-0.865741	0.014240	-0.500290	-0.456118	0.389042	0.800376	0.206031	0.921110	-0.330314
2750	-236.816052	3.640605	-20.776797	-0.865741	0.014240	-0.500290	-0.468155	0.330437	0.819538	0.176984	0.943721	-0.279407
2751	-236.999768	3.623390	-20.959081	-0.865741	0.014240	-0.500290	-0.478344	0.270529	0.835465	0.147239	0.962607	-0.227396
2752	-237.182845	3.610354	-21.142352	-0.865741	0.014240	-0.500290	-0.486646	0.209552	0.848094	0.116913	0.977694	-0.174488
2753	-237.365414	3.601562	-21.326381	-0.865741	0.014240	-0.500290	-0.493026	0.147749	0.857377	0.086126	0.988922	-0.120892
2754	-237.547609	3.597064	-21.510934	-0.865741	0.014240	-0.500290	-0.497461	0.085362	0.863276	0.054999	0.996248	-0.066818
2755	-237.764176	3.600620	-21.636174	-0.863231	0.014240	-0.504608	-0.501767	0.085362	0.860781	0.055332	0.996248	-0.066542
2756	-237.980115	3.604176	-21.762495	-0.860700	0.014240	-0.508913	-0.506060	0.085362	0.858264	0.055663	0.996248	-0.066265
2757	-238.195420	3.607732	-21.889892	-0.858148	0.014240	-0.513205	-0.510340	0.085362	0.855726	0.055994	0.996248	-0.065986
2758	-238.410086	3.611288	-22.018362	-0.855574	0.014240	-0.517485	-0.514608	0.085362	0.853166	0.056323	0.996248	-0.065706
2759	-238.624108	3.614844	-22.147904	-0.852979	0.014240	-0.521752	-0.518863	0.085362	0.850585	0.056650	0.996248	-0.065424
2760	-238.837481	3.618400	-22.278513	-0.850362	0.014240	-0.526005	-0.523104	0.085362	0.847983	0.056976	0.996248	-0.065140
2761	-239.050198	3.621956	-22.410185	-0.847724	0.014240	-0.530246	-0.527333	0.085362	0.845360	0.057301	0.996248	-0.064855
2762	-239.262255	3.625513	-22.542919	-0.845065	0.014240	-0.534473	-0.531549	0.085362	0.842715	0.057624	0.996248	-0.064568
2763	-239.473646	3.629069	-22.676710	-0.842385	0.014240	-0.538688	-0.535751	0.085362	0.840050	0.057946	0.996248	-0.064279
2764	-239.684367	3.632625	-22.811555	-0.839684	0.014240	-0.542888	-0.539940	0.085362	0.837364	0.058266	0.996248	-0.063989
2765	-239.894411	3.636181	-22.947451	-0.836962	0.014240	-0.547075	-0.544116	0.085362	0.834656	0.058585	0.996248	-0.063697
2766	-240.103774	3.639737	-23.084395	-0.834219	0.014240	-0.551249	-0.548278	0.085362	0.831928	0.058902	0.996248	-0.063403
2767	-240.312451	3.643293	-23.222382	-0.831456	0.014240	-0.555408	-0.552426	0.085362	0.829180	0.059218	0.996248	-0.063108
2768	-240.520435	3.646849	-23.361410	-0.828671	0.014240	-0.559554	-0.556560	0.085362	0.826410	0.059533	0.996248	-0.062812
2769	-240.727723	3.650405	-23.501475	-0.825866	0.014240	-0.563686	-0.560681	0.085362	0.823620	0.059846	0.996248	-0.062514
2770	-240.934309	3.653961	-23.642573	-0.823041	0.014240	-0.567804	-0.564788	0.085362	0.820809	0.060157	0.996248	-0.062214
2771	-241.140187	3.657517	-23.784702	-0.820195	0.014240	-0.571907	-0.568880	0.085362	0.817978	0.060467	0.996248	-0.061913
2772	-241.345353	3.661073	-23.927857	-0.817328	0.014240	-0.575997	-0.572959	0.085362	0.815127	0.060776	0.996248	-0.061610
2773	-241.549801	3.664629	-24.072035	-0.814441	0.014240	-0.580072	-0.577023	0.085362	0.812255	0.061083	0.996248	-0.061306
2774	-241.753526	3.668186	-24.217232	-0.811533	0.014240	-0.584132	-0.581072	0.085362	0.809363	0.061388	0.996248	-0.061000
2775	-241.956524	3.671742	-24.363445	-0.808606	0.014240	-0.588178	-0.585107	0.085362	0.806451	0.061692	0.996248	-0.060693
2776	-242.158789	3.675298	-24.510670	-0.805658	0.014240	-0.592210	-0.589128	0.085362	0.803518	0.061994	0.996248	-0.060384
2777	-242.360317	3.678854	-24.658903	-0.802690	0.014240	-0.596226	-0.593134	0.085362	0.800566	0.062295	0.996248	-0.060073
2778	-242.561101	3.682410	-24.808142	-0.799702	0.014240	-0.600228	-0.597125	0.085362	0.797593	0.062594	0.996248	-0.059761
2779	-242.761137	3.685966	-24.958381	-0.796694	0.014240	-0.604215	-0.601101	0.085362	0.794601	0.062892	0.996248	-0.059448
2780	-242.960421	3.689522	-25.109617	-0.793667	0.014240	-0.608186	-0.605062	0.085362	0.791589	0.063188	0.996248	-0.059133
2781	-243.158947	3.693078	-25.261847	-0.790619	0.014240	-0.612143	-0.609008	0.085362	0.788557	0.063483	0.996248	-0.058817
2782	-243.356709	3.696634	-25.415066	-0.787552	0.014240	-0.616084	-0.612939	0.085362	0.785505	0.063776	0.996248	-0.058499
2783	-243.553705	3.700190	-25.569271	-0.784465	0.014240	-0.620010	-0.616855	0.085362	0.782434	0.064067	0.996248	-0.058180
2784	-243.749927	3.703746	-25.724459	-0.781359	0.014240	-0.623920	-0.620755	0.085362	0.779344	0.064357	0.996248	-0.057859
2785	-243.945372	3.707302	-25.880624	-0.778233	0.014240	-0.627815	-0.624640	0.085362	0.776233	0.064645	0.996248	-0.057537
2786	-244.140035	3.710859	-26.037764	-0.775087	0.014240	-0.631694	-0.628509	0.085362	0.773104	0.064932	0.996248	-0.057213
2787	-244.333910	3.714415	-26.195873	-0.771923	0.014240	-0.635557	-0.632363	0.085362	0.769955	0.065217	0.996248	-0.056888
2788	-244.526993	3.717971	-26.354950	-0.768739	0.014240	-0.639405	-0.636200	0.085362	0.766787	0.065500	0.996248	-0.056562
2789	-244.719280	3.721527	-26.514988	-0.765535	0.014240	-0.643236	-0.640022	0.085362	0.763600	0.065782	0.996248	-0.056234
2790	-244.910764	3.725083	-26.675985	-0.762313	0.014240	-0.647052	-0.643828	0.085362	0.760394	0.066062	0.996248	-0.055905
2791	-245.101442	3.728639	-26.837937	-0.759072	0.014240	-0.650851	-0.647618	0.085362	0.757169	0.066340	0.996248	-0.055574
2792	-245.291309	3.732195	-27.000838	-0.755812	0.014240	-0.654634	-0.651391	0.085362	0.753925	0.066617	0.996248	-0.055242
2793	-245.480360	3.735751	-27.164686	-0.752533	0.014240	-0.658401	-0.655149	0.085362	0.750662	0.066892	0.996248	-0.054909
2794	-245.668590	3.739307	-27.329476	-0.749235	0.014240	-0.662151	-0.658890	0.085362	0.747380	0.067165	0.996248	-0.054574
2795	-245.855995	3.742863	-27.495205	-0.745918	0.014240	-0.665885	-0.662614	0.085362	0.744080	0.067437	0.996248	-0.054238
2796	-246.042569	3.746419	-27.661867	-0.742583	0.014240	-0.669602	-0.666323	0.085362	0.740761	0.067707	0.996248	-0.053900
2797	-246.228309	3.749975	-27.829459	-0.739230	0.014240	-0.673303	-0.670014	0.085362	0.737424	0.067975	0.996248	-0.053561
2798	-246.413210	3.753532	-27.997976	-0.735858	0.014240	-0.676987	-0.673689	0.085362	0.734069	0.068242	0.996248	-0.053221
2799	-246.597266	3.757088	-28.167415	-0.732467	0.014240	-0.680653	-0.677347	0.085362	0.730695	0.068507	0.996248	-0.052880
2800	-246.780474	3.760644	-28.337771	-0.729059	0.014240	-0.684303	-0.680988	0.085362	0.727303	0.068770	0.996248	-0.052537
2801	-246.962829	3.764200	-28.509040	-0.725632	0.014240	-0.687936	-0.684612	0.085362	0.723892	0.069032	0.996248	-0.052193
2802	-247.144326	3.767756	-28.681218	-0.722187	0.014240	-0.691552	-0.688219	0.085362	0.720464	0.069292	0.996248	-0.051847
2803	-247.324961	3.771312	-28.854300	-0.718724	0.014240	-0.695150	-0.691809	0.085362	0.717018	0.069550	0.996248	-0.051501
2804	-247.504730	3.774868	-29.028282	-0.715243	0.014240	-0.698731	-0.695381	0.085362	0.713553	0.069806	0.996248	-0.051153
2805	-247.683627	3.778424	-29.203160	-0.711744	0.014240	-0.702295	-0.698936	0.085362	0.710071	0.070061	0.996248	-0.050803
2806	-247.861648	3.781980	-29.378929	-0.708227	0.014240	-0.705841	-0.702474	0.085362	0.706572	0.070314	0.996248	-0.050453
2807	-248.038789	3.785536	-29.555585	-0.704693	0.014240	-0.709369	-0.705994	0.085362	0.703054	0.070565	0.996248	-0.050101
2808	-248.215046	3.789092	-29.733123	-0.701141	0.014240	-0.712880	-0.709497	0.085362	0.699519	0.070814	0.996248	-0.049748
2809	-248.390414	3.792648	-29.911540	-0.697572	0.014240	-0.716373	-0.712982	0.085362	0.695967	0.071062	0.996248	-0.049394
2810	-248.564888	3.796205	-30.090830	-0.693985	0.014240	-0.719848	-0.716449	0.085362	0.692397	0.071307	0.996248	-0.049038
2811	-248.738465	3.799761	-30.270990	-0.690382	0.014240	-0.723305	-0.719898	0.085362	0.688810	0.071551	0.996248	-0.048681
2812	-248.911140	3.803317	-30.452014	-0.686760	0.014240	-0.726744	-0.723330	0.085362	0.685206	0.071794	0.996248	-0.048323
2813	-249.082909	3.806873	-30.633898	-0.683122	0.014240	-0.730165	-0.726743	0.085362	0.681585	0.072034	0.996248	-0.047964
2814	-249.253767	3.810429	-30.816638	-0.679467	0.014240	-0.733568	-0.730138	0.085362	0.677947	0.072273	0.996248	-0.047604
2815	-249.423710	3.813985	-31.000229	-0.675794	0.014240	-0.736953	-0.733515	0.085362	0.674291	0.072510	0.996248	-0.047242
2816	-249.592734	3.817541	-31.184667	-0.672105	0.014240	-0.740319	-0.736874	0.085362	0.670619	0.072745	0.996248	-0.046879
2817	-249.760835	3.821097	-31.369946	-0.668399	0.014240	-0.743666	-0.740214	0.085362	0.666931	0.072978	0.996248	-0.046516
2818	-249.928008	3.824653	-31.556063	-0.664676	0.014240	-0.746996	-0.743536	0.085362	0.663225	0.073209	0.996248	-0.046150
2819	-250.094250	3.828209	-31.743013	-0.660937	0.014240	-0.750306	-0.746839	0.085362	0.659503	0.073439	0.996248	-0.045784
2820	-250.259555	3.831765	-31.930790	-0.657182	0.014240	-0.753598	-0.750124	0.085362	0.655765	0.073667	0.996248	-0.045417
2821	-250.423921	3.835321	-32.119391	-0.653410	0.014240	-0.756871	-0.753390	0.085362	0.652010	0.073893	0.996248	-0.045048
2822	-250.587343	3.838878	-32.308810	-0.649621	0.014240	-0.760125	-0.756637	0.085362	0.648239	0.074117	0.996248	-0.044679
2823	-250.749817	3.842434	-32.499043	-0.645817	0.014240	-0.763360	-0.759865	0.085362	0.644452	0.074339	0.996248	-0.044308
2824	-250.911339	3.845990	-32.690085	-0.641996	0.014240	-0.766576	-0.763074	0.085362	0.640649	0.074559	0.996248	-0.043936
2825	-251.071904	3.849546	-32.881932	-0.638159	0.014240	-0.769773	-0.766264	0.085362	0.636830	0.074778	0.996248	-0.043563
2826	-251.231509	3.853102	-33.074578	-0.634306	0.014240	-0.772951	-0.769436	0.085362	0.632995	0.074994	0.996248	-0.043189
2827	-251.390150	3.856658	-33.268019	-0.630438	0.014240	-0.776109	-0.772588	0.085362	0.629144	0.075209	0.996248	-0.042814
2828	-251.547823	3.860214	-33.462250	-0.626554	0.014240	-0.779248	-0.775720	0.085362	0.625277	0.075422	0.996248	-0.042438
2829	-251.704524	3.863770	-33.657266	-0.622654	0.014240	-0.782368	-0.778834	0.085362	0.621395	0.075633	0.996248	-0.042061
2830	-251.860249	3.867326	-33.853062	-0.618739	0.014240	-0.785468	-0.781927	0.085362	0.617497	0.075842	0.996248	-0.041682
2831	-252.014994	3.870882	-34.049633	-0.614808	0.014240	-0.788548	-0.785002	0.085362	0.613584	0.076050	0.996248	-0.041303
2832	-252.168755	3.874438	-34.246975	-0.610862	0.014240	-0.791609	-0.788057	0.085362	0.609656	0.076255	0.996248	-0.040923
2833	-252.321529	3.877994	-34.445082	-0.606900	0.014240	-0.794650	-0.791092	0.085362	0.605712	0.076458	0.996248	-0.040541
2834	-252.473311	3.881551	-34.643950	-0.602924	0.014240	-0.797672	-0.794107	0.085362	0.601753	0.076660	0.996248	-0.040159
2835	-252.624099	3.885107	-34.843574	-0.598932	0.014240	-0.800673	-0.797103	0.085362	0.597780	0.076859	0.996248	-0.039776
2836	-252.773887	3.888663	-35.043948	-0.594926	0.014240	-0.803654	-0.800078	0.085362	0.593791	0.077057	0.996248	-0.039391
2837	-252.922673	3.892219	-35.245068	-0.590905	0.014240	-0.806616	-0.803034	0.085362	0.589788	0.077253	0.996248	-0.039006
2838	-253.070452	3.895775	-35.446929	-0.586868	0.014240	-0.809557	-0.805970	0.085362	0.585769	0.077447	0.996248	-0.038620
2839	-253.217221	3.899331	-35.649525	-0.582818	0.014240	-0.812478	-0.808885	0.085362	0.581737	0.077639	0.996248	-0.038232
2840	-253.362977	3.902887	-35.852851	-0.578753	0.014240	-0.815379	-0.811781	0.085362	0.577689	0.077829	0.996248	-0.037844
2841	-253.507715	3.906443	-36.056903	-0.574673	0.014240	-0.818259	-0.814656	0.085362	0.573628	0.078017	0.996248	-0.037455
2842	-253.651432	3.909999	-36.261675	-0.570579	0.014240	-0.821119	-0.817511	0.085362	0.569552	0.078203	0.996248	-0.037065
2843	-253.794125	3.913555	-36.467163	-0.566471	0.014240	-0.823959	-0.820345	0.085362	0.565462	0.078387	0.996248	-0.036674
2844	-253.935790	3.917111	-36.673361	-0.562348	0.014240	-0.826778	-0.823159	0.085362	0.561357	0.078569	0.996248	-0.036282
2845	-254.076423	3.920667	-36.880263	-0.558212	0.014240	-0.829576	-0.825953	0.085362	0.557239	0.078749	0.996248	-0.035889
2846	-254.216021	3.924223	-37.087866	-0.554061	0.014240	-0.832354	-0.828726	0.085362	0.553107	0.078928	0.996248	-0.035495
2847	-254.354580	3.927780	-37.296163	-0.549897	0.014240	-0.835111	-0.831478	0.085362	0.548961	0.079104	0.996248	-0.035100
2848	-254.492097	3.931336	-37.505150	-0.545719	0.014240	-0.837847	-0.834209	0.085362	0.544801	0.079278	0.996248	-0.034705
2849	-254.628569	3.934892	-37.714821	-0.541528	0.014240	-0.840562	-0.836920	0.085362	0.540628	0.079451	0.996248	-0.034308
2850	-254.763991	3.938448	-37.925170	-0.537323	0.014240	-0.843256	-0.839610	0.085362	0.536441	0.079621	0.996248	-0.033911
2851	-254.898362	3.942004	-38.136194	-0.533105	0.014240	-0.845930	-0.842279	0.085362	0.532241	0.079789	0.996248	-0.033513
2852	-255.031677	3.945560	-38.347886	-0.528873	0.014240	-0.848582	-0.844926	0.085362	0.528027	0.079956	0.996248	-0.033114
2853	-255.163932	3.949116	-38.560241	-0.524628	0.014240	-0.851212	-0.847553	0.085362	0.523801	0.080120	0.996248	-0.032714
2854	-255.295126	3.952672	-38.773255	-0.520370	0.014240	-0.853822	-0.850159	0.085362	0.519561	0.080283	0.996248	-0.032314
2855	-255.425254	3.956228	-38.986920	-0.516099	0.014240	-0.856411	-0.852743	0.085362	0.515308	0.080443	0.996248	-0.031912
2856	-255.554313	3.959784	-39.201233	-0.511815	0.014240	-0.858978	-0.855306	0.085362	0.511043	0.080601	0.996248	-0.031510
2857	-255.682300	3.963340	-39.416188	-0.507519	0.014240	-0.861523	-0.857848	0.085362	0.506764	0.080758	0.996248	-0.031107
2858	-255.809212	3.966896	-39.631780	-0.503209	0.014240	-0.864047	-0.860368	0.085362	0.502474	0.080912	0.996248	-0.030704
2859	-255.935046	3.970453	-39.848003	-0.498888	0.014240	-0.866550	-0.862867	0.085362	0.498170	0.081064	0.996248	-0.030299
2860	-256.059798	3.974009	-40.064851	-0.494553	0.014240	-0.869031	-0.865345	0.085362	0.493854	0.081215	0.996248	-0.029894
2861	-256.183465	3.977565	-40.282320	-0.490207	0.014240	-0.871490	-0.867800	0.085362	0.489526	0.081363	0.996248	-0.029488
2862	-256.306045	3.981121	-40.500404	-0.485848	0.014240	-0.873927	-0.870235	0.085362	0.485186	0.081509	0.996248	-0.029081
2863	-256.427534	3.984677	-40.719097	-0.481477	0.014240	-0.876343	-0.872647	0.085362	0.480833	0.081654	0.996248	-0.028674
2864	-256.547929	3.988233	-40.938395	-0.477094	0.014240	-0.878737	-0.875038	0.085362	0.476469	0.081796	0.996248	-0.028265
2865	-256.667228	3.991789	-41.158291	-0.472699	0.014240	-0.881109	-0.877406	0.085362	0.472092	0.081936	0.996248	-0.027857
2866	-256.785427	3.995345	-41.378780	-0.468292	0.014240	-0.883459	-0.879753	0.085362	0.467704	0.082074	0.996248	-0.027447
2867	-256.902522	3.998901	-41.599856	-0.463874	0.014240	-0.885787	-0.882078	0.085362	0.463304	0.082210	0.996248	-0.027037
2868	-257.018513	4.002457	-41.821515	-0.459444	0.014240	-0.888092	-0.884381	0.085362	0.458893	0.082344	0.996248	-0.026626
2869	-257.133395	4.006013	-42.043751	-0.455003	0.014240	-0.890376	-0.886662	0.085362	0.454470	0.082476	0.996248	-0.026214
2870	-257.247165	4.009569	-42.266557	-0.450550	0.014240	-0.892638	-0.888921	0.085362	0.450036	0.082606	0.996248	-0.025802
2871	-257.359821	4.013126	-42.489929	-0.446086	0.014240	-0.894877	-0.891158	0.085362	0.445591	0.082734	0.996248	-0.025389
2872	-257.471360	4.016682	-42.713860	-0.441611	0.014240	-0.897094	-0.893372	0.085362	0.441134	0.082860	0.996248	-0.024975
2873	-257.581779	4.020238	-42.938346	-0.437125	0.014240	-0.899288	-0.895564	0.085362	0.436667	0.082983	0.996248	-0.024561
2874	-257.691076	4.023794	-43.163381	-0.432628	0.014240	-0.901460	-0.897734	0.085362	0.432188	0.083105	0.996248	-0.024147
2875	-257.799247	4.027350	-43.388959	-0.428120	0.014240	-0.903610	-0.899882	0.085362	0.427699	0.083224	0.996248	-0.023731
2876	-257.906291	4.030906	-43.615074	-0.423602	0.014240	-0.905737	-0.902006	0.085362	0.423199	0.083342	0.996248	-0.023315
2877	-258.012203	4.034462	-43.841721	-0.419073	0.014240	-0.907841	-0.904109	0.085362	0.418689	0.083457	0.996248	-0.022899
2878	-258.116983	4.038018	-44.068894	-0.414533	0.014240	-0.909923	-0.906189	0.085362	0.414168	0.083571	0.996248	-0.022482
2879	-258.220626	4.041574	-44.296588	-0.409983	0.014240	-0.911982	-0.908246	0.085362	0.409637	0.083682	0.996248	-0.022064
2880	-258.323131	4.045130	-44.524796	-0.405423	0.014240	-0.914018	-0.910281	0.085362	0.405095	0.083791	0.996248	-0.021646
2881	-258.424495	4.048686	-44.753514	-0.400853	0.014240	-0.916032	-0.912293	0.085362	0.400544	0.083898	0.996248	-0.021227
2882	-258.524715	4.052242	-44.982735	-0.396273	0.014240	-0.918022	-0.914282	0.085362	0.395982	0.084003	0.996248	-0.020808
2883	-258.623789	4.055799	-45.212454	-0.391683	0.014240	-0.919990	-0.916248	0.085362	0.391411	0.084106	0.996248	-0.020388
2884	-258.721714	4.059355	-45.442665	-0.387083	0.014240	-0.921935	-0.918192	0.085362	0.386830	0.084207	0.996248	-0.019967
2885	-258.818489	4.062911	-45.673362	-0.382474	0.014240	-0.923857	-0.920112	0.085362	0.382239	0.084305	0.996248	-0.019547
2886	-258.914110	4.066467	-45.904539	-0.377855	0.014240	-0.925755	-0.922010	0.085362	0.377639	0.084402	0.996248	-0.019125
2887	-259.008575	4.070023	-46.136191	-0.373226	0.014240	-0.927631	-0.923885	0.085362	0.373029	0.084496	0.996248	-0.018704
2888	-259.101882	4.073579	-46.368312	-0.368588	0.014240	-0.929484	-0.925736	0.085362	0.368410	0.084589	0.996248	-0.018281
2889	-259.194029	4.077135	-46.600896	-0.363941	0.014240	-0.931313	-0.927565	0.085362	0.363782	0.084679	0.996248	-0.017859
2890	-259.285012	4.080691	-46.833938	-0.359285	0.014240	-0.933119	-0.929370	0.085362	0.359144	0.084767	0.996248	-0.017435
2891	-259.374831	4.084247	-47.067431	-0.354620	0.014240	-0.934902	-0.931152	0.085362	0.354498	0.084853	0.996248	-0.017012
2892	-259.463482	4.087803	-47.301369	-0.349946	0.014240	-0.936661	-0.932911	0.085362	0.349843	0.084937	0.996248	-0.016588
2893	-259.550964	4.091359	-47.535748	-0.345264	0.014240	-0.938398	-0.934647	0.085362	0.345179	0.085019	0.996248	-0.016163
2894	-259.637274	4.094915	-47.770560	-0.340573	0.014240	-0.940110	-0.936359	0.085362	0.340507	0.085099	0.996248	-0.015739
2895	-259.722410	4.098472	-48.005801	-0.335873	0.014240	-0.941800	-0.938048	0.085362	0.335826	0.085176	0.996248	-0.015313
2896	-259.806371	4.102028	-48.241464	-0.331165	0.014240	-0.943465	-0.939714	0.085362	0.331136	0.085252	0.996248	-0.014888
2897	-259.889153	4.105584	-48.477543	-0.326449	0.014240	-0.945108	-0.941356	0.085362	0.326439	0.085325	0.996248	-0.014462
2898	-259.970755	4.109140	-48.714033	-0.321724	0.014240	-0.946726	-0.942975	0.085362	0.321733	0.085396	0.996248	-0.014035
2899	-260.051175	4.112696	-48.950928	-0.316992	0.014240	-0.948321	-0.944570	0.085362	0.317019	0.085465	0.996248	-0.013609
2900	-260.130410	4.116252	-49.188221	-0.312251	0.014240	-0.949893	-0.946141	0.085362	0.312298	0.085532	0.996248	-0.013182
2901	-260.208460	4.119808	-49.425907	-0.307503	0.014240	-0.951441	-0.947689	0.085362	0.307568	0.085597	0.996248	-0.012754
2902	-260.285321	4.123364	-49.663980	-0.302747	0.014240	-0.952965	-0.949214	0.085362	0.302831	0.085659	0.996248	-0.012327
2903	-260.360992	4.126920	-49.902434	-0.297984	0.014240	-0.954465	-0.950714	0.085362	0.298086	0.085720	0.996248	-0.011899
2904	-260.435472	4.130476	-50.141263	-0.293213	0.014240	-0.955941	-0.952191	0.085362	0.293334	0.085778	0.996248	-0.011470
2905	-260.508758	4.134032	-50.380460	-0.288435	0.014240	-0.957394	-0.953645	0.085362	0.288575	0.085834	0.996248	-0.011042
2906	-260.580848	4.137588	-50.620021	-0.283649	0.014240	-0.958822	-0.955074	0.085362	0.283808	0.085889	0.996248	-0.010613
2907	-260.651740	4.141145	-50.859939	-0.278857	0.014240	-0.960227	-0.956480	0.085362	0.279035	0.085940	0.996248	-0.010184
2908	-260.721434	4.144701	-51.100208	-0.274058	0.014240	-0.961608	-0.957861	0.085362	0.274254	0.085990	0.996248	-0.009754
2909	-260.789926	4.148257	-51.340822	-0.269251	0.014240	-0.962965	-0.959219	0.085362	0.269466	0.086038	0.996248	-0.009325
2910	-260.857216	4.151813	-51.581775	-0.264438	0.014240	-0.964297	-0.960553	0.085362	0.264672	0.086083	0.996248	-0.008895
2911	-260.923302	4.155369	-51.823062	-0.259619	0.014240	-0.965606	-0.961863	0.085362	0.259871	0.086127	0.996248	-0.008465
2912	-260.988182	4.158925	-52.064675	-0.254793	0.014240	-0.966891	-0.963149	0.085362	0.255064	0.086168	0.996248	-0.008035
2913	-261.051854	4.162481	-52.306609	-0.249960	0.014240	-0.968151	-0.964411	0.085362	0.250250	0.086207	0.996248	-0.007604
2914	-261.114317	4.166037	-52.548859	-0.245122	0.014240	-0.969388	-0.965649	0.085362	0.245430	0.086244	0.996248	-0.007174
2915	-261.175569	4.169593	-52.791417	-0.240277	0.014240	-0.970600	-0.966862	0.085362	0.240604	0.086279	0.996248	-0.006743
2916	-261.235609	4.173149	-53.034278	-0.235426	0.014240	-0.971788	-0.968052	0.085362	0.235772	0.086311	0.996248	-0.006312
2917	-261.294435	4.176705	-53.277436	-0.230570	0.014240	-0.972952	-0.969218	0.085362	0.230934	0.086342	0.996248	-0.005881
2918	-261.352047	4.180261	-53.520885	-0.225707	0.014240	-0.974091	-0.970359	0.085362	0.226091	0.086370	0.996248	-0.005449
2919	-261.408441	4.183818	-53.764618	-0.220839	0.014240	-0.975206	-0.971476	0.085362	0.221241	0.086396	0.996248	-0.005018
2920	-261.463617	4.187374	-54.008631	-0.215966	0.014240	-0.976297	-0.972569	0.085362	0.216386	0.086420	0.996248	-0.004586
2921	-261.517574	4.190930	-54.252915	-0.211087	0.014240	-0.977364	-0.973638	0.085362	0.211526	0.086442	0.996248	-0.004154
2922	-261.570311	4.194486	-54.497466	-0.206203	0.014240	-0.978406	-0.974682	0.085362	0.206661	0.086462	0.996248	-0.003723
2923	-261.621825	4.198042	-54.742278	-0.201314	0.014240	-0.979423	-0.975702	0.085362	0.201790	0.086479	0.996248	-0.003291
2924	-261.672116	4.201598	-54.987344	-0.196419	0.014240	-0.980417	-0.976698	0.085362	0.196914	0.086495	0.996248	-0.002859
2925	-261.721182	4.205154	-55.232657	-0.191520	0.014240	-0.981385	-0.977669	0.085362	0.192034	0.086508	0.996248	-0.002427
2926	-261.769022	4.208710	-55.478213	-0.186616	0.014240	-0.982330	-0.978616	0.085362	0.187148	0.086519	0.996248	-0.001995
2927	-261.815635	4.212266	-55.724005	-0.181708	0.014240	-0.983250	-0.979538	0.085362	0.182258	0.086528	0.996248	-0.001563
2928	-261.861021	4.215822	-55.970026	-0.176794	0.014240	-0.984145	-0.980436	0.085362	0.177363	0.086534	0.996248	-0.001130
2929	-261.905176	4.219378	-56.216272	-0.171877	0.014240	-0.985016	-0.981310	0.085362	0.172464	0.086539	0.996248	-0.000698
2930	-261.948102	4.222934	-56.462734	-0.166955	0.014240	-0.985862	-0.982159	0.085362	0.167561	0.086541	0.996248	-0.000266
2931	-261.989795	4.226491	-56.709408	-0.162029	0.014240	-0.986683	-0.982984	0.085362	0.162653	0.086542	0.996248	0.000166
2932	-262.030257	4.230047	-56.956287	-0.157099	0.014240	-0.987480	-0.983784	0.085362	0.157742	0.086540	0.996248	0.000599
2933	-262.069484	4.233603	-57.203365	-0.152165	0.014240	-0.988253	-0.984560	0.085362	0.152826	0.086536	0.996248	0.001031
2934	-262.107477	4.237159	-57.450636	-0.147227	0.014240	-0.989000	-0.985311	0.085362	0.147907	0.086529	0.996248	0.001463
2935	-262.144235	4.240715	-57.698093	-0.142286	0.014240	-0.989723	-0.986037	0.085362	0.142984	0.086521	0.996248	0.001895
2936	-262.179756	4.244271	-57.945731	-0.137341	0.014240	-0.990422	-0.986739	0.085362	0.138057	0.086510	0.996248	0.002327
2937	-262.214040	4.247827	-58.193544	-0.132392	0.014240	-0.991095	-0.987416	0.085362	0.133127	0.086498	0.996248	0.002759
2938	-262.247086	4.251383	-58.441524	-0.127440	0.014240	-0.991744	-0.988069	0.085362	0.128194	0.086483	0.996248	0.003191
2939	-262.278893	4.254939	-58.689667	-0.122486	0.014240	-0.992368	-0.988697	0.085362	0.123257	0.086466	0.996248	0.003623
2940	-262.309460	4.258495	-58.937965	-0.117528	0.014240	-0.992968	-0.989300	0.085362	0.118318	0.086447	0.996248	0.004055
2941	-262.338787	4.262051	-59.186413	-0.112567	0.014240	-0.993542	-0.989878	0.085362	0.113375	0.086425	0.996248	0.004487
2942	-262.366872	4.265607	-59.435004	-0.107603	0.014240	-0.994092	-0.990432	0.085362	0.108430	0.086402	0.996248	0.004918
2943	-262.393716	4.269164	-59.683732	-0.102637	0.014240	-0.994617	-0.990962	0.085362	0.103481	0.086376	0.996248	0.005350
2944	-262.419316	4.272720	-59.932592	-0.097668	0.014240	-0.995117	-0.991466	0.085362	0.098531	0.086348	0.996248	0.005781
2945	-262.443674	4.276276	-60.181576	-0.092696	0.014240	-0.995593	-0.991946	0.085362	0.093578	0.086319	0.996248	0.006212
2946	-262.466787	4.279832	-60.430678	-0.087723	0.014240	-0.996043	-0.992401	0.085362	0.088622	0.086286	0.996248	0.006643
2947	-262.488657	4.283388	-60.679893	-0.082747	0.014240	-0.996469	-0.992831	0.085362	0.083664	0.086252	0.996248	0.007074
2948	-262.509281	4.286944	-60.929215	-0.077769	0.014240	-0.996870	-0.993237	0.085362	0.078705	0.086216	0.996248	0.007505
2949	-262.528660	4.290500	-61.178636	-0.072789	0.014240	-0.997246	-0.993617	0.085362	0.073743	0.086177	0.996248	0.007935
2950	-262.546792	4.294056	-61.428150	-0.067807	0.014240	-0.997597	-0.993973	0.085362	0.068779	0.086136	0.996248	0.008366
2951	-262.563678	4.297612	-61.677752	-0.062824	0.014240	-0.997923	-0.994304	0.085362	0.063814	0.086094	0.996248	0.008796
2952	-262.579318	4.301168	-61.927436	-0.057839	0.014240	-0.998224	-0.994611	0.085362	0.058847	0.086049	0.996248	0.009226
2953	-262.593710	4.304724	-62.177194	-0.052852	0.014240	-0.998501	-0.994892	0.085362	0.053879	0.086001	0.996248	0.009655
2954	-262.606855	4.308280	-62.427021	-0.047865	0.014240	-0.998752	-0.995149	0.085362	0.048909	0.085952	0.996248	0.010085
2955	-262.618751	4.311837	-62.676911	-0.042876	0.014240	-0.998979	-0.995381	0.085362	0.043938	0.085901	0.996248	0.010514
2956	-262.629399	4.315393	-62.926857	-0.037886	0.014240	-0.999181	-0.995588	0.085362	0.038966	0.085847	0.996248	0.010943
2957	-262.638799	4.318949	-63.176853	-0.032895	0.014240	-0.999357	-0.995770	0.085362	0.033993	0.085791	0.996248	0.011372
2958	-262.646950	4.322505	-63.426893	-0.027903	0.014240	-0.999509	-0.995927	0.085362	0.029019	0.085734	0.996248	0.011800
2959	-262.653853	4.326061	-63.676970	-0.022910	0.014240	-0.999636	-0.996060	0.085362	0.024044	0.085674	0.996248	0.012228
2960	-262.659506	4.329617	-63.927079	-0.017917	0.014240	-0.999738	-0.996167	0.085362	0.019069	0.085611	0.996248	0.012656
2961	-262.663909	4.333173	-64.177213	-0.012924	0.014240	-0.999815	-0.996250	0.085362	0.014094	0.085547	0.996248	0.013083
2962	-262.667064	4.336729	-64.427366	-0.007930	0.014240	-0.999867	-0.996308	0.085362	0.009118	0.085481	0.996248	0.013510
2963	-262.668969	4.340285	-64.677531	-0.002936	0.014240	-0.999894	-0.996341	0.085362	0.004141	0.085412	0.996248	0.013937
2964	-262.669624	4.343841	-64.927703	0.002058	0.014240	-0.999896	-0.996350	0.085362	-0.000835	0.085341	0.996248	0.014363
2965	-262.669030	4.347397	-65.177875	0.007052	0.014240	-0.999874	-0.996333	0.085362	-0.005811	0.085269	0.996248	0.014790
2966	-262.667187	4.350953	-65.428041	0.012046	0.014240	-0.999826	-0.996292	0.085362	-0.010787	0.085194	0.996248	0.015215
2967	-262.664094	4.354510	-65.678194	0.017039	0.014240	-0.999753	-0.996225	0.085362	-0.015763	0.085117	0.996248	0.015641
2968	-262.659752	4.358066	-65.928329	0.022032	0.014240	-0.999656	-0.996134	0.085362	-0.020739	0.085038	0.996248	0.016065
2969	-262.654160	4.361622	-66.178439	0.027025	0.014240	-0.999533	-0.996018	0.085362	-0.025714	0.084956	0.996248	0.016490
2970	-262.647319	4.365178	-66.428518	0.032017	0.014240	-0.999386	-0.995877	0.085362	-0.030688	0.084873	0.996248	0.016914
2971	-262.639230	4.368734	-66.678560	0.037008	0.014240	-0.999214	-0.995712	0.085362	-0.035662	0.084787	0.996248	0.017338
2972	-262.629891	4.372290	-66.928559	0.041998	0.014240	-0.999016	-0.995521	0.085362	-0.040635	0.084700	0.996248	0.017761
2973	-262.619304	4.375846	-67.178507	0.046987	0.014240	-0.998794	-0.995306	0.085362	-0.045606	0.084610	0.996248	0.018184
2974	-262.607469	4.379402	-67.428400	0.051975	0.014240	-0.998547	-0.995065	0.085362	-0.050577	0.084518	0.996248	0.018606
2975	-262.594386	4.382958	-67.678230	0.056962	0.014240	-0.998275	-0.994800	0.085362	-0.055546	0.084424	0.996248	0.019028
2976	-262.580055	4.386514	-67.927992	0.061947	0.014240	-0.997978	-0.994511	0.085362	-0.060514	0.084328	0.996248	0.019450
2977	-262.564477	4.390070	-68.177679	0.066931	0.014240	-0.997656	-0.994196	0.085362	-0.065480	0.084230	0.996248	0.019870
2978	-262.547652	4.393626	-68.427285	0.071913	0.014240	-0.997309	-0.993857	0.085362	-0.070445	0.084129	0.996248	0.020291
2979	-262.529581	4.397182	-68.676805	0.076893	0.014240	-0.996938	-0.993492	0.085362	-0.075408	0.084027	0.996248	0.020711
2980	-262.510264	4.400739	-68.926230	0.081871	0.014240	-0.996541	-0.993103	0.085362	-0.080369	0.083923	0.996248	0.021130
2981	-262.489701	4.404295	-69.175556	0.086848	0.014240	-0.996120	-0.992689	0.085362	-0.085328	0.083816	0.996248	0.021549
2982	-262.467893	4.407851	-69.424777	0.091822	0.014240	-0.995674	-0.992251	0.085362	-0.090285	0.083707	0.996248	0.021968
2983	-262.444840	4.411407	-69.673885	0.096794	0.014240	-0.995203	-0.991788	0.085362	-0.095240	0.083596	0.996248	0.022385
2984	-262.420544	4.414963	-69.922875	0.101763	0.014240	-0.994707	-0.991300	0.085362	-0.100192	0.083484	0.996248	0.022803
2985	-262.395004	4.418519	-70.171741	0.106730	0.014240	-0.994186	-0.990787	0.085362	-0.105142	0.083369	0.996248	0.023219
2986	-262.368222	4.422075	-70.420476	0.111694	0.014240	-0.993641	-0.990249	0.085362	-0.110089	0.083252	0.996248	0.023635
2987	-262.340198	4.425631	-70.669074	0.116655	0.014240	-0.993070	-0.989687	0.085362	-0.115034	0.083133	0.996248	0.024051
2988	-262.310932	4.429187	-70.917529	0.121614	0.014240	-0.992475	-0.989100	0.085362	-0.119976	0.083011	0.996248	0.024466
2989	-262.280426	4.432743	-71.165835	0.126569	0.014240	-0.991856	-0.988489	0.085362	-0.124914	0.082888	0.996248	0.024880
2990	-262.248680	4.436299	-71.413985	0.131522	0.014240	-0.991211	-0.987852	0.085362	-0.129850	0.082763	0.996248	0.025294
2991	-262.215695	4.439855	-71.661974	0.136471	0.014240	-0.990542	-0.987192	0.085362	-0.134782	0.082636	0.996248	0.025707
2992	-262.181472	4.443412	-71.909794	0.141416	0.014240	-0.989848	-0.986506	0.085362	-0.139711	0.082506	0.996248	0.026119
2993	-262.146012	4.446968	-72.157441	0.146358	0.014240	-0.989129	-0.985796	0.085362	-0.144636	0.082375	0.996248	0.026531
2994	-262.109315	4.450524	-72.404908	0.151297	0.014240	-0.988386	-0.985061	0.085362	-0.149558	0.082241	0.996248	0.026942
2995	-262.071383	4.454080	-72.652188	0.156232	0.014240	-0.987618	-0.984302	0.085362	-0.154476	0.082106	0.996248	0.027352
2996	-262.032216	4.457636	-72.899276	0.161162	0.014240	-0.986825	-0.983518	0.085362	-0.159390	0.081968	0.996248	0.027762
2997	-261.991815	4.461192	-73.146165	0.166089	0.014240	-0.986008	-0.982710	0.085362	-0.164301	0.081828	0.996248	0.028171
2998	-261.950182	4.464748	-73.392849	0.171012	0.014240	-0.985166	-0.981877	0.085362	-0.169207	0.081686	0.996248	0.028580
2999	-261.907317	4.468304	-73.639322	0.175930	0.014240	-0.984300	-0.981020	0.085362	-0.174109	0.081543	0.996248	0.028987
3000	-261.863222	4.471860	-73.885578	0.180844	0.014240	-0.983409	-0.980138	0.085362	-0.179006	0.081397	0.996248	0.029394
3001	-261.817897	4.475416	-74.131610	0.185753	0.014240	-0.982493	-0.979231	0.085362	-0.183900	0.081249	0.996248	0.029800
3002	-261.771344	4.478972	-74.377413	0.190658	0.014240	-0.981553	-0.978301	0.085362	-0.188788	0.081099	0.996248	0.030206
3003	-261.723564	4.482528	-74.622981	0.195558	0.014240	-0.980589	-0.977346	0.085362	-0.193672	0.080947	0.996248	0.030610
3004	-261.674559	4.486085	-74.868307	0.200453	0.014240	-0.979600	-0.976366	0.085362	-0.198551	0.080793	0.996248	0.031014
3005	-261.624328	4.489641	-75.113385	0.205344	0.014240	-0.978586	-0.975362	0.085362	-0.203425	0.080638	0.996248	0.031418
3006	-261.572874	4.493197	-75.358209	0.210229	0.014240	-0.977549	-0.974334	0.085362	-0.208294	0.080480	0.996248	0.031820
3007	-261.520198	4.496753	-75.602773	0.215108	0.014240	-0.976486	-0.973282	0.085362	-0.213158	0.080320	0.996248	0.032221
3008	-261.466301	4.500309	-75.847071	0.219983	0.014240	-0.975400	-0.972205	0.085362	-0.218016	0.080158	0.996248	0.032622
3009	-261.411184	4.503865	-76.091097	0.224852	0.014240	-0.974289	-0.971104	0.085362	-0.222869	0.079994	0.996248	0.033022
3010	-261.354850	4.507421	-76.334844	0.229715	0.014240	-0.973154	-0.969979	0.085362	-0.227717	0.079828	0.996248	0.033421
3011	-261.297299	4.510977	-76.578307	0.234573	0.014240	-0.971994	-0.968829	0.085362	-0.232558	0.079660	0.996248	0.033820
3012	-261.238532	4.514533	-76.821480	0.239425	0.014240	-0.970811	-0.967656	0.085362	-0.237394	0.079490	0.996248	0.034217
3013	-261.178552	4.518089	-77.064356	0.244270	0.014240	-0.969603	-0.966458	0.085362	-0.242224	0.079318	0.996248	0.034614
3014	-261.117359	4.521645	-77.306929	0.249110	0.014240	-0.968370	-0.965236	0.085362	-0.247048	0.079144	0.996248	0.035009
3015	-261.054955	4.525201	-77.549194	0.253944	0.014240	-0.967114	-0.963990	0.085362	-0.251866	0.078968	0.996248	0.035404
3016	-260.991343	4.528758	-77.791144	0.258771	0.014240	-0.965834	-0.962720	0.085362	-0.256678	0.078791	0.996248	0.035798
3017	-260.926522	4.532314	-78.032773	0.263591	0.014240	-0.964529	-0.961426	0.085362	-0.261483	0.078611	0.996248	0.036191
3018	-260.860496	4.535870	-78.274075	0.268405	0.014240	-0.963201	-0.960108	0.085362	-0.266282	0.078429	0.996248	0.036583
3019	-260.793265	4.539426	-78.515045	0.273213	0.014240	-0.961848	-0.958766	0.085362	-0.271074	0.078245	0.996248	0.036975
3020	-260.724832	4.542982	-78.755676	0.278013	0.014240	-0.960472	-0.957400	0.085362	-0.275859	0.078060	0.996248	0.037365
3021	-260.655198	4.546538	-78.995962	0.282807	0.014240	-0.959071	-0.956010	0.085362	-0.280637	0.077872	0.996248	0.037754
3022	-260.584364	4.550094	-79.235897	0.287594	0.014240	-0.957647	-0.954597	0.085362	-0.285409	0.077683	0.996248	0.038143
3023	-260.512333	4.553650	-79.475476	0.292373	0.014240	-0.956198	-0.953159	0.085362	-0.290173	0.077491	0.996248	0.038530
3024	-260.439106	4.557206	-79.714692	0.297145	0.014240	-0.954726	-0.951698	0.085362	-0.294930	0.077298	0.996248	0.038917
3025	-260.364685	4.560762	-79.953539	0.301910	0.014240	-0.953230	-0.950213	0.085362	-0.299679	0.077102	0.996248	0.039303
3026	-260.289072	4.564318	-80.192011	0.306667	0.014240	-0.951710	-0.948705	0.085362	-0.304422	0.076905	0.996248	0.039687
3027	-260.212269	4.567874	-80.430103	0.311417	0.014240	-0.950167	-0.947172	0.085362	-0.309156	0.076706	0.996248	0.040071
3028	-260.134278	4.571431	-80.667808	0.316159	0.014240	-0.948599	-0.945617	0.085362	-0.313883	0.076505	0.996248	0.040453
3029	-260.055101	4.574987	-80.905121	0.320893	0.014240	-0.947009	-0.944037	0.085362	-0.318602	0.076302	0.996248	0.040835
3030	-259.974739	4.578543	-81.142035	0.325618	0.014240	-0.945394	-0.942434	0.085362	-0.323313	0.076097	0.996248	0.041216
3031	-259.893196	4.582099	-81.378545	0.330336	0.014240	-0.943756	-0.940807	0.085362	-0.328016	0.075890	0.996248	0.041595
3032	-259.810471	4.585655	-81.614645	0.335046	0.014240	-0.942094	-0.939157	0.085362	-0.332711	0.075682	0.996248	0.041974
3033	-259.726569	4.589211	-81.850328	0.339747	0.014240	-0.940409	-0.937484	0.085362	-0.337398	0.075471	0.996248	0.042351
3034	-259.641491	4.592767	-82.085590	0.344440	0.014240	-0.938700	-0.935787	0.085362	-0.342076	0.075258	0.996248	0.042728
3035	-259.555238	4.596323	-82.320424	0.349124	0.014240	-0.936968	-0.934067	0.085362	-0.346745	0.075044	0.996248	0.043103
3036	-259.467814	4.599879	-82.554824	0.353799	0.014240	-0.935213	-0.932323	0.085362	-0.351406	0.074828	0.996248	0.043477
3037	-259.379220	4.603435	-82.788784	0.358466	0.014240	-0.933434	-0.930557	0.085362	-0.356058	0.074610	0.996248	0.043850
3038	-259.289459	4.606991	-83.022299	0.363123	0.014240	-0.931632	-0.928767	0.085362	-0.360702	0.074390	0.996248	0.044222
3039	-259.198533	4.610547	-83.255363	0.367772	0.014240	-0.929807	-0.926954	0.085362	-0.365336	0.074168	0.996248	0.044593
3040	-259.106443	4.614104	-83.487970	0.372411	0.014240	-0.927959	-0.925117	0.085362	-0.369961	0.073944	0.996248	0.044963
3041	-259.013193	4.617660	-83.720114	0.377041	0.014240	-0.926087	-0.923258	0.085362	-0.374577	0.073719	0.996248	0.045332
3042	-258.918785	4.621216	-83.951789	0.381662	0.014240	-0.924192	-0.921376	0.085362	-0.379184	0.073492	0.996248	0.045700
3043	-258.823221	4.624772	-84.182990	0.386273	0.014240	-0.922275	-0.919470	0.085362	-0.383781	0.073262	0.996248	0.046066
3044	-258.726503	4.628328	-84.413711	0.390875	0.014240	-0.920334	-0.917542	0.085362	-0.388368	0.073031	0.996248	0.046432
3045	-258.628634	4.631884	-84.643945	0.395467	0.014240	-0.918370	-0.915591	0.085362	-0.392946	0.072799	0.996248	0.046796
3046	-258.529617	4.635440	-84.873688	0.400048	0.014240	-0.916383	-0.913617	0.085362	-0.397514	0.072564	0.996248	0.047159
3047	-258.429453	4.638996	-85.102934	0.404620	0.014240	-0.914374	-0.911620	0.085362	-0.402072	0.072328	0.996248	0.047521
3048	-258.328145	4.642552	-85.331677	0.409182	0.014240	-0.912342	-0.909600	0.085362	-0.406621	0.072089	0.996248	0.047881
3049	-258.225696	4.646108	-85.559910	0.413734	0.014240	-0.910287	-0.907558	0.085362	-0.411159	0.071849	0.996248	0.048241
3050	-258.122109	4.649664	-85.787629	0.418275	0.014240	-0.908209	-0.905493	0.085362	-0.415686	0.071607	0.996248	0.048599
3051	-258.017385	4.653220	-86.014828	0.422806	0.014240	-0.906108	-0.903406	0.085362	-0.420204	0.071364	0.996248	0.048956
3052	-257.911528	4.656777	-86.241501	0.427326	0.014240	-0.903985	-0.901296	0.085362	-0.424710	0.071118	0.996248	0.049312
3053	-257.804541	4.660333	-86.467643	0.431836	0.014240	-0.901840	-0.899163	0.085362	-0.429207	0.070871	0.996248	0.049666
3054	-257.696425	4.663889	-86.693247	0.436335	0.014240	-0.899672	-0.897009	0.085362	-0.433692	0.070622	0.996248	0.050020
3055	-257.587183	4.667445	-86.918309	0.440823	0.014240	-0.897481	-0.894831	0.085362	-0.438167	0.070372	0.996248	0.050372
3056	-257.476819	4.671001	-87.142822	0.445300	0.014240	-0.895268	-0.892632	0.085362	-0.442631	0.070119	0.996248	0.050723
3057	-257.365335	4.674557	-87.366781	0.449766	0.014240	-0.893033	-0.890410	0.085362	-0.447084	0.069865	0.996248	0.051072
3058	-257.252734	4.678113	-87.590181	0.454221	0.014240	-0.890775	-0.888166	0.085362	-0.451525	0.069609	0.996248	0.051421
3059	-257.139019	4.681669	-87.813015	0.458664	0.014240	-0.888496	-0.885899	0.085362	-0.455956	0.069351	0.996248	0.051768
3060	-257.024191	4.685225	-88.035278	0.463096	0.014240	-0.886194	-0.883611	0.085362	-0.460375	0.069092	0.996248	0.052113
3061	-256.908256	4.688781	-88.256966	0.467516	0.014240	-0.883870	-0.881301	0.085362	-0.464782	0.068831	0.996248	0.052458
3062	-256.791214	4.692337	-88.478071	0.471925	0.014240	-0.881524	-0.878968	0.085362	-0.469178	0.068568	0.996248	0.052801
3063	-256.673070	4.695893	-88.698589	0.476322	0.014240	-0.879156	-0.876614	0.085362	-0.473562	0.068303	0.996248	0.053143
3064	-256.553825	4.699450	-88.918515	0.480707	0.014240	-0.876766	-0.874238	0.085362	-0.477935	0.068037	0.996248	0.053483
3065	-256.433484	4.703006	-89.137842	0.485080	0.014240	-0.874354	-0.871840	0.085362	-0.482295	0.067769	0.996248	0.053822
3066	-256.312049	4.706562	-89.356565	0.489441	0.014240	-0.871920	-0.869420	0.085362	-0.486644	0.067499	0.996248	0.054160
3067	-256.189522	4.710118	-89.574679	0.493790	0.014240	-0.869465	-0.866979	0.085362	-0.490980	0.067228	0.996248	0.054497
3068	-256.065908	4.713674	-89.792178	0.498126	0.014240	-0.866988	-0.864516	0.085362	-0.495304	0.066955	0.996248	0.054832
3069	-255.941209	4.717230	-90.009057	0.502450	0.014240	-0.864489	-0.862031	0.085362	-0.499616	0.066680	0.996248	0.055165
3070	-255.815429	4.720786	-90.225311	0.506762	0.014240	-0.861969	-0.859525	0.085362	-0.503915	0.066404	0.996248	0.055498
3071	-255.688570	4.724342	-90.440934	0.511061	0.014240	-0.859427	-0.856997	0.085362	-0.508202	0.066126	0.996248	0.055829
3072	-255.560636	4.727898	-90.655920	0.515347	0.014240	-0.856863	-0.854448	0.085362	-0.512476	0.065846	0.996248	0.056158
3073	-255.431629	4.731454	-90.870265	0.519620	0.014240	-0.854279	-0.851878	0.085362	-0.516737	0.065565	0.996248	0.056486
3074	-255.301554	4.735010	-91.083963	0.523880	0.014240	-0.851673	-0.849287	0.085362	-0.520985	0.065282	0.996248	0.056813
3075	-255.170412	4.738566	-91.297008	0.528127	0.014240	-0.849046	-0.846674	0.085362	-0.525220	0.064997	0.996248	0.057139
3076	-255.038209	4.742123	-91.509396	0.532361	0.014240	-0.846397	-0.844040	0.085362	-0.529443	0.064711	0.996248	0.057462
3077	-254.904946	4.745679	-91.721121	0.536582	0.014240	-0.843728	-0.841385	0.085362	-0.533652	0.064423	0.996248	0.057785
3078	-254.770628	4.749235	-91.932177	0.540790	0.014240	-0.841037	-0.838709	0.085362	-0.537847	0.064134	0.996248	0.058106
3079	-254.635257	4.752791	-92.142560	0.544983	0.014240	-0.838326	-0.836013	0.085362	-0.542030	0.063843	0.996248	0.058426
3080	-254.498836	4.756347	-92.352265	0.549164	0.014240	-0.835594	-0.833295	0.085362	-0.546198	0.063550	0.996248	0.058744
3081	-254.361371	4.759903	-92.561285	0.553330	0.014240	-0.832840	-0.830557	0.085362	-0.550353	0.063256	0.996248	0.059060
3082	-254.222863	4.763459	-92.769616	0.557483	0.014240	-0.830066	-0.827798	0.085362	-0.554495	0.062960	0.996248	0.059376
3083	-254.083316	4.767015	-92.977253	0.561622	0.014240	-0.827271	-0.825018	0.085362	-0.558622	0.062663	0.996248	0.059689
3084	-253.942734	4.770571	-93.184190	0.565747	0.014240	-0.824456	-0.822217	0.085362	-0.562736	0.062364	0.996248	0.060002
3085	-253.801120	4.774127	-93.390423	0.569857	0.014240	-0.821620	-0.819396	0.085362	-0.566836	0.062064	0.996248	0.060312
3086	-253.658478	4.777683	-93.595946	0.573954	0.014240	-0.818764	-0.816555	0.085362	-0.570921	0.061762	0.996248	0.060622
3087	-253.514811	4.781239	-93.800753	0.578036	0.014240	-0.815887	-0.813693	0.085362	-0.574992	0.061458	0.996248	0.060929
3088	-253.370123	4.784796	-94.004841	0.582104	0.014240	-0.812990	-0.810811	0.085362	-0.579049	0.061153	0.996248	0.061235
3089	-253.224417	4.788352	-94.208203	0.586157	0.014240	-0.810072	-0.807909	0.085362	-0.583092	0.060846	0.996248	0.061540
3090	-253.077697	4.791908	-94.410835	0.590196	0.014240	-0.807134	-0.804987	0.085362	-0.587120	0.060538	0.996248	0.061843
3091	-252.929968	4.795464	-94.612732	0.594220	0.014240	-0.804177	-0.802044	0.085362	-0.591133	0.060229	0.996248	0.062145
3092	-252.781231	4.799020	-94.813888	0.598229	0.014240	-0.801199	-0.799082	0.085362	-0.595131	0.059918	0.996248	0.062445
3093	-252.631492	4.802576	-95.014299	0.602223	0.014240	-0.798201	-0.796100	0.085362	-0.599115	0.059605	0.996248	0.062743
3094	-252.480754	4.806132	-95.213960	0.606202	0.014240	-0.795183	-0.793097	0.085362	-0.603084	0.059291	0.996248	0.063040
3095	-252.329021	4.809688	-95.412865	0.610166	0.014240	-0.792145	-0.790075	0.085362	-0.607037	0.058975	0.996248	0.063336
3096	-252.176296	4.813244	-95.611010	0.614115	0.014240	-0.789088	-0.787034	0.085362	-0.610976	0.058658	0.996248	0.063629
3097	-252.022583	4.816800	-95.808390	0.618049	0.014240	-0.786011	-0.783972	0.085362	-0.614899	0.058340	0.996248	0.063922
3098	-251.867886	4.820356	-96.004999	0.621967	0.014240	-0.782914	-0.780891	0.085362	-0.618807	0.058020	0.996248	0.064212
3099	-251.712209	4.823912	-96.200834	0.625869	0.014240	-0.779798	-0.777791	0.085362	-0.622699	0.057698	0.996248	0.064501
3100	-251.555556	4.827468	-96.395888	0.629756	0.014240	-0.776662	-0.774671	0.085362	-0.626576	0.057375	0.996248	0.064788
3101	-251.397931	4.831025	-96.590158	0.633627	0.014240	-0.773507	-0.771532	0.085362	-0.630438	0.057051	0.996248	0.065074
3102	-251.239338	4.834581	-96.783638	0.637483	0.014240	-0.770333	-0.768374	0.085362	-0.634283	0.056725	0.996248	0.065358
3103	-251.079780	4.838137	-96.976323	0.641322	0.014240	-0.767139	-0.765196	0.085362	-0.638113	0.056398	0.996248	0.065641
3104	-250.919261	4.841693	-97.168209	0.645146	0.014240	-0.763927	-0.761999	0.085362	-0.641927	0.056070	0.996248	0.065922
3105	-250.757787	4.845249	-97.359291	0.648953	0.014240	-0.760695	-0.758784	0.085362	-0.645725	0.055740	0.996248	0.066201
3106	-250.595360	4.848805	-97.549564	0.652745	0.014240	-0.757444	-0.755549	0.085362	-0.649507	0.055408	0.996248	0.066479
3107	-250.431984	4.852361	-97.739023	0.656519	0.014240	-0.754175	-0.752296	0.085362	-0.653272	0.055076	0.996248	0.066754
3108	-250.267665	4.855917	-97.927664	0.660278	0.014240	-0.750886	-0.749024	0.085362	-0.657021	0.054741	0.996248	0.067029
3109	-250.102405	4.859473	-98.115482	0.664020	0.014240	-0.747579	-0.745733	0.085362	-0.660754	0.054406	0.996248	0.067301
3110	-249.936210	4.863029	-98.302473	0.667746	0.014240	-0.744253	-0.742423	0.085362	-0.664471	0.054069	0.996248	0.067572
3111	-249.769082	4.866585	-98.488631	0.671455	0.014240	-0.740909	-0.739095	0.085362	-0.668170	0.053731	0.996248	0.067841
3112	-249.601027	4.870141	-98.673951	0.675147	0.014240	-0.737546	-0.735749	0.085362	-0.671853	0.053392	0.996248	0.068109
3113	-249.432048	4.873698	-98.858431	0.678822	0.014240	-0.734165	-0.732384	0.085362	-0.675520	0.053051	0.996248	0.068375
3114	-249.262150	4.877254	-99.042063	0.682480	0.014240	-0.730765	-0.729001	0.085362	-0.679169	0.052709	0.996248	0.068639
3115	-249.091337	4.880810	-99.224845	0.686122	0.014240	-0.727347	-0.725600	0.085362	-0.682802	0.052365	0.996248	0.068901
3116	-248.919613	4.884366	-99.406772	0.689746	0.014240	-0.723911	-0.722180	0.085362	-0.686417	0.052020	0.996248	0.069162
3117	-248.746983	4.887922	-99.587839	0.693353	0.014240	-0.720457	-0.718743	0.085362	-0.690016	0.051674	0.996248	0.069421
3118	-248.573450	4.891478	-99.768041	0.696943	0.014240	-0.716985	-0.715288	0.085362	-0.693597	0.051327	0.996248	0.069678
3119	-248.399020	4.895034	-99.947374	0.700515	0.014240	-0.713496	-0.711815	0.085362	-0.697161	0.050978	0.996248	0.069934
3120	-248.223696	4.898590	-100.125834	0.704070	0.014240	-0.709988	-0.708324	0.085362	-0.700707	0.050628	0.996248	0.070187
3121	-248.047483	4.902146	-100.303416	0.707607	0.014240	-0.706463	-0.704815	0.085362	-0.704236	0.050277	0.996248	0.070439
3122	-247.870385	4.905702	-100.480115	0.711127	0.014240	-0.702920	-0.701289	0.085362	-0.707748	0.049925	0.996248	0.070690
3123	-247.692407	4.909258	-100.655928	0.714629	0.014240	-0.699359	-0.697745	0.085362	-0.711242	0.049571	0.996248	0.070938
3124	-247.513553	4.912814	-100.830850	0.718113	0.014240	-0.695781	-0.694184	0.085362	-0.714718	0.049216	0.996248	0.071185
3125	-247.333827	4.916371	-101.004876	0.721579	0.014240	-0.692186	-0.690606	0.085362	-0.718176	0.048860	0.996248	0.071430
3126	-247.153235	4.919927	-101.178002	0.725027	0.014240	-0.688573	-0.687010	0.085362	-0.721616	0.048502	0.996248	0.071673
3127	-246.971780	4.923483	-101.350224	0.728457	0.014240	-0.684943	-0.683398	0.085362	-0.725039	0.048144	0.996248	0.071914
3128	-246.789467	4.927039	-101.521538	0.731869	0.014240	-0.681296	-0.679768	0.085362	-0.728443	0.047784	0.996248	0.072154
3129	-246.606301	4.930595	-101.691939	0.735263	0.014240	-0.677633	-0.676121	0.085362	-0.731829	0.047423	0.996248	0.072391
3130	-246.422286	4.934151	-101.861423	0.738638	0.014240	-0.673952	-0.672457	0.085362	-0.735197	0.047061	0.996248	0.072627
3131	-246.237427	4.937707	-102.029986	0.741995	0.014240	-0.670254	-0.668777	0.085362	-0.738546	0.046698	0.996248	0.072862
3132	-246.051728	4.941263	-102.197624	0.745333	0.014240	-0.666540	-0.665080	0.085362	-0.741877	0.046333	0.996248	0.073094
3133	-245.865195	4.944819	-102.364332	0.748653	0.014240	-0.662809	-0.661366	0.085362	-0.745190	0.045968	0.996248	0.073324
3134	-245.677831	4.948375	-102.530106	0.751954	0.014240	-0.659061	-0.657636	0.085362	-0.748484	0.045601	0.996248	0.073553
3135	-245.489641	4.951931	-102.694943	0.755237	0.014240	-0.655298	-0.653890	0.085362	-0.751759	0.045233	0.996248	0.073780
3136	-245.300630	4.955487	-102.858837	0.758500	0.014240	-0.651517	-0.650127	0.085362	-0.755016	0.044864	0.996248	0.074005
3137	-245.110804	4.959044	-103.021785	0.761745	0.014240	-0.647721	-0.646348	0.085362	-0.758253	0.044494	0.996248	0.074228
3138	-244.920165	4.962600	-103.183784	0.764970	0.014240	-0.643908	-0.642553	0.085362	-0.761472	0.044122	0.996248	0.074449
3139	-244.728720	4.966156	-103.344828	0.768177	0.014240	-0.640079	-0.638741	0.085362	-0.764672	0.043750	0.996248	0.074669
3140	-244.536473	4.969712	-103.504913	0.771364	0.014240	-0.636235	-0.634914	0.085362	-0.767852	0.043376	0.996248	0.074886
3141	-244.343429	4.973268	-103.664037	0.774532	0.014240	-0.632374	-0.631071	0.085362	-0.771014	0.043002	0.996248	0.075102
3142	-244.149593	4.976824	-103.822195	0.777681	0.014240	-0.628498	-0.627212	0.085362	-0.774156	0.042626	0.996248	0.075316
3143	-243.954969	4.980380	-103.979382	0.780810	0.014240	-0.624606	-0.623338	0.085362	-0.777279	0.042249	0.996248	0.075528
3144	-243.759562	4.983936	-104.135595	0.783920	0.014240	-0.620698	-0.619448	0.085362	-0.780383	0.041872	0.996248	0.075738
3145	-243.563378	4.987492	-104.290831	0.787011	0.014240	-0.616775	-0.615543	0.085362	-0.783467	0.041493	0.996248	0.075946
3146	-243.366421	4.991048	-104.445084	0.790081	0.014240	-0.612837	-0.611622	0.085362	-0.786532	0.041113	0.996248	0.076152
3147	-243.168695	4.994604	-104.598352	0.793132	0.014240	-0.608883	-0.607686	0.085362	-0.789577	0.040732	0.996248	0.076357
3148	-242.970207	4.998160	-104.750631	0.796163	0.014240	-0.604914	-0.603735	0.085362	-0.792602	0.040350	0.996248	0.076559
3149	-242.770961	5.001717	-104.901916	0.799175	0.014240	-0.600930	-0.599768	0.085362	-0.795607	0.039967	0.996248	0.076760
3150	-242.570961	5.005273	-105.052205	0.802166	0.014240	-0.596931	-0.595787	0.085362	-0.798593	0.039584	0.996248	0.076959
3151	-242.370213	5.008829	-105.201492	0.805138	0.014240	-0.592917	-0.591791	0.085362	-0.801559	0.039199	0.996248	0.077155
3152	-242.168723	5.012385	-105.349775	0.808089	0.014240	-0.588888	-0.587780	0.085362	-0.804504	0.038813	0.996248	0.077350
3153	-241.966494	5.015941	-105.497050	0.811020	0.014240	-0.584845	-0.583755	0.085362	-0.807430	0.038426	0.996248	0.077543
3154	-241.763532	5.019497	-105.643313	0.813931	0.014240	-0.580787	-0.579715	0.085362	-0.810336	0.038038	0.996248	0.077734
3155	-241.559842	5.023053	-105.788560	0.816822	0.014240	-0.576714	-0.575660	0.085362	-0.813221	0.037650	0.996248	0.077923
3156	-241.355429	5.026609	-105.932788	0.819692	0.014240	-0.572628	-0.571592	0.085362	-0.816086	0.037260	0.996248	0.078110
3157	-241.150299	5.030165	-106.075994	0.822542	0.014240	-0.568526	-0.567508	0.085362	-0.818931	0.036869	0.996248	0.078295
3158	-240.944455	5.033721	-106.218173	0.825371	0.014240	-0.564411	-0.563411	0.085362	-0.821755	0.036478	0.996248	0.078478
3159	-240.737904	5.037277	-106.359322	0.828180	0.014240	-0.560282	-0.559300	0.085362	-0.824559	0.036085	0.996248	0.078660
3160	-240.530651	5.040833	-106.499438	0.830968	0.014240	-0.556138	-0.555175	0.085362	-0.827342	0.035692	0.996248	0.078839
3161	-240.322701	5.044390	-106.638517	0.833735	0.014240	-0.551981	-0.551035	0.085362	-0.830104	0.035298	0.996248	0.079016
3162	-240.114058	5.047946	-106.776555	0.836482	0.014240	-0.547810	-0.546882	0.085362	-0.832846	0.034903	0.996248	0.079191
3163	-239.904729	5.051502	-106.913550	0.839207	0.014240	-0.543625	-0.542716	0.085362	-0.835567	0.034507	0.996248	0.079365
3164	-239.694718	5.055058	-107.049498	0.841912	0.014240	-0.539427	-0.538536	0.085362	-0.838267	0.034110	0.996248	0.079536
3165	-239.484030	5.058614	-107.184395	0.844596	0.014240	-0.535215	-0.534342	0.085362	-0.840947	0.033712	0.996248	0.079705
3166	-239.272672	5.062170	-107.318238	0.847258	0.014240	-0.530990	-0.530136	0.085362	-0.843605	0.033314	0.996248	0.079873
3167	-239.060648	5.065726	-107.451024	0.849900	0.014240	-0.526752	-0.525916	0.085362	-0.846242	0.032914	0.996248	0.080038
3168	-238.847963	5.069282	-107.582749	0.852520	0.014240	-0.522501	-0.521682	0.085362	-0.848859	0.032514	0.996248	0.080202
3169	-238.634622	5.072838	-107.713410	0.855119	0.014240	-0.518236	-0.517436	0.085362	-0.851454	0.032113	0.996248	0.080363
3170	-238.420632	5.076394	-107.843004	0.857697	0.014240	-0.513959	-0.513177	0.085362	-0.854027	0.031712	0.996248	0.080522
3171	-238.205998	5.079950	-107.971527	0.860253	0.014240	-0.509668	-0.508905	0.085362	-0.856580	0.031309	0.996248	0.080680
3172	-237.990724	5.083506	-108.098977	0.862788	0.014240	-0.505366	-0.504621	0.085362	-0.859111	0.030906	0.996248	0.080835
3173	-237.774816	5.087063	-108.225351	0.865301	0.014240	-0.501050	-0.500323	0.085362	-0.861620	0.030501	0.996248	0.080988
3174	-237.558280	5.090619	-108.350644	0.867793	0.014240	-0.496722	-0.496014	0.085362	-0.864109	0.030097	0.996248	0.081140
3175	-237.341120	5.094175	-108.474854	0.870263	0.014240	-0.492382	-0.491692	0.085362	-0.866575	0.029691	0.996248	0.081289
3176	-237.123343	5.097731	-108.597978	0.872711	0.014240	-0.488029	-0.487357	0.085362	-0.869020	0.029285	0.996248	0.081436
3177	-236.904954	5.101287	-108.720013	0.875138	0.014240	-0.483664	-0.483011	0.085362	-0.871443	0.028877	0.996248	0.081582
3178	-236.685958	5.104843	-108.840955	0.877543	0.014240	-0.479287	-0.478652	0.085362	-0.873845	0.028470	0.996248	0.081725
3179	-236.466360	5.108399	-108.960802	0.879926	0.014240	-0.474898	-0.474282	0.085362	-0.876225	0.028061	0.996248	0.081866
3180	-236.246167	5.111955	-109.079551	0.882287	0.014240	-0.470497	-0.469900	0.085362	-0.878583	0.027652	0.996248	0.082005
3181	-236.025384	5.115511	-109.197199	0.884625	0.014240	-0.466085	-0.465506	0.085362	-0.880919	0.027242	0.996248	0.082142
3182	-235.804015	5.119067	-109.313743	0.886942	0.014240	-0.461661	-0.461100	0.085362	-0.883233	0.026831	0.996248	0.082277
3183	-235.582067	5.122623	-109.429179	0.889237	0.014240	-0.457225	-0.456683	0.085362	-0.885525	0.026420	0.996248	0.082410
3184	-235.359546	5.126179	-109.543505	0.891510	0.014240	-0.452778	-0.452255	0.085362	-0.887795	0.026008	0.996248	0.082541
3185	-235.136456	5.129736	-109.656719	0.893760	0.014240	-0.448320	-0.447815	0.085362	-0.890042	0.025596	0.996248	0.082670
3186	-234.912804	5.133292	-109.768817	0.895988	0.014240	-0.443850	-0.443364	0.085362	-0.892268	0.025182	0.996248	0.082797
3187	-234.688594	5.136848	-109.879796	0.898194	0.014240	-0.439369	-0.438902	0.085362	-0.894471	0.024768	0.996248	0.082922
3188	-234.463833	5.140404	-109.989655	0.900377	0.014240	-0.434878	-0.434429	0.085362	-0.896652	0.024354	0.996248	0.083044
3189	-234.238526	5.143960	-110.098389	0.902538	0.014240	-0.430375	-0.429945	0.085362	-0.898811	0.023939	0.996248	0.083165
3190	-234.012679	5.147516	-110.205997	0.904676	0.014240	-0.425862	-0.425450	0.085362	-0.900947	0.023523	0.996248	0.083283
3191	-233.786297	5.151072	-110.312475	0.906792	0.014240	-0.421339	-0.420945	0.085362	-0.903061	0.023107	0.996248	0.083400
3192	-233.559386	5.154628	-110.417821	0.908885	0.014240	-0.416804	-0.416430	0.085362	-0.905152	0.022690	0.996248	0.083514
3193	-233.331952	5.158184	-110.522033	0.910955	0.014240	-0.412260	-0.411904	0.085362	-0.907220	0.022273	0.996248	0.083627
3194	-233.104000	5.161740	-110.625107	0.913003	0.014240	-0.407705	-0.407367	0.085362	-0.909266	0.021855	0.996248	0.083737
3195	-232.875537	5.165296	-110.727042	0.915028	0.014240	-0.403139	-0.402821	0.085362	-0.911290	0.021436	0.996248	0.083845
3196	-232.646567	5.168852	-110.827834	0.917030	0.014240	-0.398564	-0.398264	0.085362	-0.913290	0.021017	0.996248	0.083951
3197	-232.417096	5.172409	-110.927482	0.919009	0.014240	-0.393979	-0.393698	0.085362	-0.915268	0.020598	0.996248	0.084055
3198	-232.187131	5.175965	-111.025982	0.920965	0.014240	-0.389384	-0.389122	0.085362	-0.917223	0.020178	0.996248	0.084157
3199	-231.956676	5.179521	-111.123332	0.922899	0.014240	-0.384779	-0.384536	0.085362	-0.919155	0.019757	0.996248	0.084256
3200	-231.725738	5.183077	-111.219530	0.924809	0.014240	-0.380165	-0.379940	0.085362	-0.921064	0.019336	0.996248	0.084354
3201	-231.494323	5.186633	-111.314574	0.926696	0.014240	-0.375541	-0.375335	0.085362	-0.922950	0.018914	0.996248	0.084450
3202	-231.262435	5.190189	-111.408460	0.928560	0.014240	-0.370908	-0.370721	0.085362	-0.924813	0.018492	0.996248	0.084543
3203	-231.030082	5.193745	-111.501187	0.930401	0.014240	-0.366266	-0.366097	0.085362	-0.926653	0.018070	0.996248	0.084634
3204	-230.797269	5.197301	-111.592753	0.932219	0.014240	-0.361614	-0.361464	0.085362	-0.928470	0.017647	0.996248	0.084723
3205	-230.564001	5.200857	-111.683154	0.934013	0.014240	-0.356954	-0.356822	0.085362	-0.930264	0.017224	0.996248	0.084811
3206	-230.330284	5.204413	-111.772389	0.935785	0.014240	-0.352284	-0.352172	0.085362	-0.932035	0.016800	0.996248	0.084895
3207	-230.096125	5.207969	-111.860456	0.937532	0.014240	-0.347606	-0.347512	0.085362	-0.933782	0.016376	0.996248	0.084978
3208	-229.861528	5.211525	-111.947352	0.939257	0.014240	-0.342919	-0.342844	0.085362	-0.935506	0.015951	0.996248	0.085059
3209	-229.626501	5.215082	-112.033076	0.940958	0.014240	-0.338224	-0.338167	0.085362	-0.937207	0.015526	0.996248	0.085138
3210	-229.391048	5.218638	-112.117624	0.942635	0.014240	-0.333520	-0.333482	0.085362	-0.938884	0.015101	0.996248	0.085214
3211	-229.155177	5.222194	-112.200996	0.944290	0.014240	-0.328808	-0.328789	0.085362	-0.940538	0.014675	0.996248	0.085289
3212	-228.918891	5.225750	-112.283188	0.945920	0.014240	-0.324087	-0.324087	0.085362	-0.942168	0.014249	0.996248	0.085361
3213	-228.682198	5.229306	-112.364199	0.947527	0.014240	-0.319359	-0.319377	0.085362	-0.943775	0.013822	0.996248	0.085431
3214	-228.445104	5.232862	-112.444027	0.949110	0.014240	-0.314622	-0.314659	0.085362	-0.945359	0.013395	0.996248	0.085499
3215	-228.207613	5.236418	-112.522670	0.950670	0.014240	-0.309878	-0.309934	0.085362	-0.946918	0.012968	0.996248	0.085565
3216	-227.969733	5.239974	-112.600126	0.952206	0.014240	-0.305126	-0.305201	0.085362	-0.948454	0.012540	0.996248	0.085628
3217	-227.731469	5.243530	-112.676392	0.953718	0.014240	-0.300366	-0.300460	0.085362	-0.949967	0.012113	0.996248	0.085690
3218	-227.492827	5.247086	-112.751468	0.955206	0.014240	-0.295599	-0.295711	0.085362	-0.951456	0.011685	0.996248	0.085749
3219	-227.253813	5.250642	-112.825351	0.956670	0.014240	-0.290825	-0.290955	0.085362	-0.952921	0.011256	0.996248	0.085807
3220	-227.014433	5.254198	-112.898039	0.958111	0.014240	-0.286043	-0.286192	0.085362	-0.954362	0.010827	0.996248	0.085862
3221	-226.774693	5.257754	-112.969530	0.959528	0.014240	-0.281254	-0.281422	0.085362	-0.955780	0.010398	0.996248	0.085915
3222	-226.534599	5.261311	-113.039824	0.960920	0.014240	-0.276458	-0.276645	0.085362	-0.957173	0.009969	0.996248	0.085966
3223	-226.294156	5.264867	-113.108917	0.962289	0.014240	-0.271655	-0.271861	0.085362	-0.958543	0.009540	0.996248	0.086014
3224	-226.053372	5.268423	-113.176808	0.963634	0.014240	-0.266846	-0.267070	0.085362	-0.959889	0.009110	0.996248	0.086061
3225	-225.812251	5.271979	-113.243496	0.964955	0.014240	-0.262029	-0.262272	0.085362	-0.961211	0.008680	0.996248	0.086105
3226	-225.570801	5.275535	-113.308979	0.966252	0.014240	-0.257207	-0.257468	0.085362	-0.962509	0.008250	0.996248	0.086148
3227	-225.329026	5.279091	-113.373255	0.967524	0.014240	-0.252377	-0.252658	0.085362	-0.963783	0.007819	0.996248	0.086188
3228	-225.086934	5.282647	-113.436323	0.968773	0.014240	-0.247542	-0.247841	0.085362	-0.965033	0.007389	0.996248	0.086226
3229	-224.844529	5.286203	-113.498181	0.969997	0.014240	-0.242700	-0.243018	0.085362	-0.966259	0.006958	0.996248	0.086262
3230	-224.601819	5.289759	-113.558827	0.971197	0.014240	-0.237852	-0.238189	0.085362	-0.967460	0.006527	0.996248	0.086295
3231	-224.358808	5.293315	-113.618261	0.972373	0.014240	-0.232999	-0.233354	0.085362	-0.968638	0.006096	0.996248	0.086327
3232	-224.115504	5.296871	-113.676480	0.973524	0.014240	-0.228139	-0.228513	0.085362	-0.969791	0.005665	0.996248	0.086356
3233	-223.871912	5.300427	-113.733482	0.974652	0.014240	-0.223274	-0.223667	0.085362	-0.970920	0.005234	0.996248	0.086383
3234	-223.628039	5.303984	-113.789268	0.975755	0.014240	-0.218403	-0.218814	0.085362	-0.972025	0.004802	0.996248	0.086408
3235	-223.383889	5.307540	-113.843835	0.976833	0.014240	-0.213527	-0.213957	0.085362	-0.973106	0.004370	0.996248	0.086431
3236	-223.139471	5.311096	-113.897182	0.977888	0.014240	-0.208646	-0.209094	0.085362	-0.974163	0.003939	0.996248	0.086452
3237	-222.894789	5.314652	-113.949307	0.978918	0.014240	-0.203759	-0.204226	0.085362	-0.975195	0.003507	0.996248	0.086471
3238	-222.649849	5.318208	-114.000210	0.979923	0.014240	-0.198867	-0.199353	0.085362	-0.976203	0.003075	0.996248	0.086487
3239	-222.404659	5.321764	-114.049888	0.980904	0.014240	-0.193970	-0.194474	0.085362	-0.977186	0.002643	0.996248	0.086501
3240	-222.159223	5.325320	-114.098342	0.981861	0.014240	-0.189069	-0.189591	0.085362	-0.978145	0.002211	0.996248	0.086514
3241	-221.913549	5.328876	-114.145569	0.982793	0.014240	-0.184162	-0.184704	0.085362	-0.979080	0.001779	0.996248	0.086523
3242	-221.667641	5.332432	-114.191568	0.983700	0.014240	-0.179252	-0.179811	0.085362	-0.979990	0.001346	0.996248	0.086531
3243	-221.421507	5.335988	-114.236339	0.984583	0.014240	-0.174336	-0.174914	0.085362	-0.980876	0.000914	0.996248	0.086537
3244	-221.175153	5.339544	-114.279879	0.985442	0.014240	-0.169416	-0.170013	0.085362	-0.981738	0.000482	0.996248	0.086540
3245	-220.928584	5.343100	-114.322189	0.986276	0.014240	-0.164492	-0.165108	0.085362	-0.982575	0.000050	0.996248	0.086542
3246	-220.681806	5.346657	-114.363267	0.987085	0.014240	-0.159564	-0.160198	0.085362	-0.983387	-0.000382	0.996248	0.086541
3247	-220.434827	5.350213	-114.403111	0.987869	0.014240	-0.154632	-0.155285	0.085362	-0.984175	-0.000815	0.996248	0.086538
3248	-220.187652	5.353769	-114.441722	0.988629	0.014240	-0.149696	-0.150367	0.085362	-0.984938	-0.001247	0.996248	0.086533
3249	-219.940287	5.357325	-114.479097	0.989365	0.014240	-0.144757	-0.145446	0.085362	-0.985677	-0.001679	0.996248	0.086525
3250	-219.692738	5.360881	-114.515237	0.990075	0.014240	-0.139814	-0.140521	0.085362	-0.986391	-0.002111	0.996248	0.086516
3251	-219.445012	5.364437	-114.550140	0.990761	0.014240	-0.134867	-0.135593	0.085362	-0.987081	-0.002543	0.996248	0.086504
3252	-219.197115	5.367993	-114.583805	0.991423	0.014240	-0.129917	-0.130661	0.085362	-0.987745	-0.002975	0.996248	0.086491
3253	-218.949053	5.371549	-114.616231	0.992059	0.014240	-0.124963	-0.125726	0.085362	-0.988386	-0.003407	0.996248	0.086475
3254	-218.700832	5.375105	-114.647418	0.992671	0.014240	-0.120007	-0.120788	0.085362	-0.989001	-0.003839	0.996248	0.086457
3255	-218.452458	5.378661	-114.677365	0.993258	0.014240	-0.115047	-0.115847	0.085362	-0.989592	-0.004271	0.996248	0.086436
3256	-218.203938	5.382217	-114.706071	0.993820	0.014240	-0.110085	-0.110903	0.085362	-0.990159	-0.004703	0.996248	0.086414
3257	-217.955277	5.385773	-114.733536	0.994358	0.014240	-0.105120	-0.105956	0.085362	-0.990700	-0.005134	0.996248	0.086389
3258	-217.706483	5.389330	-114.759758	0.994870	0.014240	-0.100152	-0.101006	0.085362	-0.991217	-0.005565	0.996248	0.086363
3259	-217.457560	5.392886	-114.784737	0.995358	0.014240	-0.095182	-0.096054	0.085362	-0.991709	-0.005997	0.996248	0.086334
3260	-217.208516	5.396442	-114.808473	0.995821	0.014240	-0.090210	-0.091100	0.085362	-0.992176	-0.006428	0.996248	0.086303
3261	-216.959356	5.399998	-114.830964	0.996259	0.014240	-0.085235	-0.086144	0.085362	-0.992619	-0.006859	0.996248	0.086270
3262	-216.710088	5.403554	-114.852211	0.996672	0.014240	-0.080258	-0.081185	0.085362	-0.993037	-0.007290	0.996248	0.086234
3263	-216.460716	5.407110	-114.872212	0.997061	0.014240	-0.075279	-0.076224	0.085362	-0.993430	-0.007720	0.996248	0.086197
3264	-216.211247	5.410666	-114.890968	0.997424	0.014240	-0.070298	-0.071261	0.085362	-0.993798	-0.008151	0.996248	0.086157
3265	-215.961688	5.414222	-114.908478	0.997763	0.014240	-0.065316	-0.066297	0.085362	-0.994142	-0.008581	0.996248	0.086115
3266	-215.712044	5.417778	-114.924741	0.998077	0.014240	-0.060331	-0.061331	0.085362	-0.994461	-0.009011	0.996248	0.086071
3267	-215.462323	5.421334	-114.939756	0.998366	0.014240	-0.055346	-0.056363	0.085362	-0.994754	-0.009441	0.996248	0.086025
3268	-215.212529	5.424890	-114.953525	0.998630	0.014240	-0.050359	-0.051394	0.085362	-0.995024	-0.009870	0.996248	0.085977
3269	-214.962670	5.428446	-114.966045	0.998869	0.014240	-0.045370	-0.046424	0.085362	-0.995268	-0.010299	0.996248	0.085927
3270	-214.712752	5.432003	-114.977318	0.999083	0.014240	-0.040381	-0.041452	0.085362	-0.995487	-0.010729	0.996248	0.085874
3271	-214.462780	5.435559	-114.987342	0.999272	0.014240	-0.035390	-0.036480	0.085362	-0.995682	-0.011157	0.996248	0.085820
3272	-214.212761	5.439115	-114.996118	0.999436	0.014240	-0.030399	-0.031506	0.085362	-0.995852	-0.011586	0.996248	0.085763
3273	-213.962702	5.442671	-115.003644	0.999576	0.014240	-0.025407	-0.026532	0.085362	-0.995997	-0.012014	0.996248	0.085704
3274	-213.712608	5.446227	-115.009922	0.999690	0.014240	-0.020414	-0.021557	0.085362	-0.996117	-0.012442	0.996248	0.085643
3275	-213.462486	5.449783	-115.014950	0.999780	0.014240	-0.015421	-0.016581	0.085362	-0.996212	-0.012869	0.996248	0.085580
3276	-213.212341	5.453339	-115.018729	0.999844	0.014240	-0.010427	-0.011606	0.085362	-0.996282	-0.013297	0.996248	0.085514
3277	-212.962182	5.456895	-115.021259	0.999884	0.014240	-0.005433	-0.006629	0.085362	-0.996328	-0.013724	0.996248	0.085447
3278	-212.712012	5.460451	-115.022539	0.999899	0.014240	-0.000439	-0.001653	0.085362	-0.996349	-0.014150	0.996248	0.085377
3279	-212.461839	5.464007	-115.022570	0.999888	0.014240	0.004555	0.003323	0.085362	-0.996344	-0.014577	0.996248	0.085305
3280	-212.211670	5.467563	-115.021351	0.999853	0.014240	0.009549	0.008299	0.085362	-0.996315	-0.015002	0.996248	0.085231
3281	-211.961509	5.471119	-115.018883	0.999793	0.014240	0.014543	0.013275	0.085362	-0.996262	-0.015428	0.996248	0.085155
3282	-211.711364	5.474676	-115.015165	0.999708	0.014240	0.019536	0.018251	0.085362	-0.996183	-0.015853	0.996248	0.085077
3283	-211.461241	5.478232	-115.010198	0.999598	0.014240	0.024529	0.023226	0.085362	-0.996079	-0.016278	0.996248	0.084997
3284	-211.211145	5.481788	-115.003982	0.999463	0.014240	0.029521	0.028201	0.085362	-0.995951	-0.016702	0.996248	0.084915
3285	-210.961084	5.485344	-114.996517	0.999303	0.014240	0.034513	0.033175	0.085362	-0.995798	-0.017126	0.996248	0.084830
3286	-210.711063	5.488900	-114.987803	0.999118	0.014240	0.039503	0.038148	0.085362	-0.995619	-0.017549	0.996248	0.084744
3287	-210.461089	5.492456	-114.977840	0.998908	0.014240	0.044493	0.043121	0.085362	-0.995416	-0.017973	0.996248	0.084655
3288	-210.211168	5.496012	-114.966629	0.998674	0.014240	0.049481	0.048092	0.085362	-0.995189	-0.018395	0.996248	0.084564
3289	-209.961306	5.499568	-114.954170	0.998414	0.014240	0.054469	0.053062	0.085362	-0.994936	-0.018817	0.996248	0.084471
3290	-209.711509	5.503124	-114.940463	0.998129	0.014240	0.059455	0.058030	0.085362	-0.994659	-0.019239	0.996248	0.084376
3291	-209.461783	5.506680	-114.925509	0.997820	0.014240	0.064439	0.062997	0.085362	-0.994356	-0.019660	0.996248	0.084279
3292	-209.212136	5.510236	-114.909307	0.997486	0.014240	0.069422	0.067963	0.085362	-0.994029	-0.020081	0.996248	0.084180
3293	-208.962572	5.513792	-114.891859	0.997127	0.014240	0.074403	0.072927	0.085362	-0.993677	-0.020501	0.996248	0.084078
3294	-208.713099	5.517349	-114.873164	0.996743	0.014240	0.079383	0.077889	0.085362	-0.993301	-0.020921	0.996248	0.083975
3295	-208.463722	5.520905	-114.853224	0.996334	0.014240	0.084360	0.082849	0.085362	-0.992899	-0.021340	0.996248	0.083869
3296	-208.214448	5.524461	-114.832039	0.995900	0.014240	0.089335	0.087807	0.085362	-0.992473	-0.021758	0.996248	0.083762
3297	-207.965283	5.528017	-114.809609	0.995441	0.014240	0.094308	0.092763	0.085362	-0.992022	-0.022176	0.996248	0.083652
3298	-207.716233	5.531573	-114.785934	0.994958	0.014240	0.099279	0.097717	0.085362	-0.991547	-0.022594	0.996248	0.083540
3299	-207.467305	5.535129	-114.761016	0.994450	0.014240	0.104247	0.102668	0.085362	-0.991046	-0.023011	0.996248	0.083426
3300	-207.218504	5.538685	-114.734855	0.993916	0.014240	0.109212	0.107616	0.085362	-0.990521	-0.023427	0.996248	0.083310
3301	-206.969836	5.542241	-114.707452	0.993359	0.014240	0.114175	0.112562	0.085362	-0.989971	-0.023843	0.996248	0.083192
3302	-206.721309	5.545797	-114.678807	0.992776	0.014240	0.119135	0.117505	0.085362	-0.989397	-0.024258	0.996248	0.083072
3303	-206.472928	5.549353	-114.648921	0.992169	0.014240	0.124092	0.122445	0.085362	-0.988797	-0.024673	0.996248	0.082950
3304	-206.224699	5.552909	-114.617795	0.991536	0.014240	0.129046	0.127382	0.085362	-0.988174	-0.025087	0.996248	0.082826
3305	-205.976629	5.556465	-114.585429	0.990879	0.014240	0.133997	0.132316	0.085362	-0.987525	-0.025500	0.996248	0.082700
3306	-205.728723	5.560022	-114.551825	0.990198	0.014240	0.138944	0.137247	0.085362	-0.986852	-0.025913	0.996248	0.082571
3307	-205.480989	5.563578	-114.516983	0.989492	0.014240	0.143888	0.142174	0.085362	-0.986154	-0.026325	0.996248	0.082441
3308	-205.233431	5.567134	-114.480905	0.988761	0.014240	0.148828	0.147098	0.085362	-0.985432	-0.026737	0.996248	0.082308
3309	-204.986057	5.570690	-114.443590	0.988005	0.014240	0.153765	0.152018	0.085362	-0.984685	-0.027147	0.996248	0.082174
3310	-204.738872	5.574246	-114.405040	0.987225	0.014240	0.158697	0.156934	0.085362	-0.983913	-0.027557	0.996248	0.082037
3311	-204.491883	5.577802	-114.365256	0.986420	0.014240	0.163626	0.161846	0.085362	-0.983117	-0.027967	0.996248	0.081898
3312	-204.245096	5.581358	-114.324239	0.985590	0.014240	0.168551	0.166754	0.085362	-0.982296	-0.028376	0.996248	0.081758
3313	-203.998517	5.584914	-114.281990	0.984736	0.014240	0.173471	0.171658	0.085362	-0.981451	-0.028784	0.996248	0.081615
3314	-203.752151	5.588470	-114.238510	0.983857	0.014240	0.178388	0.176558	0.085362	-0.980582	-0.029191	0.996248	0.081470
3315	-203.506006	5.592026	-114.193800	0.982954	0.014240	0.183299	0.181454	0.085362	-0.979688	-0.029597	0.996248	0.081323
3316	-203.260088	5.595582	-114.147861	0.982026	0.014240	0.188206	0.186344	0.085362	-0.978769	-0.030003	0.996248	0.081174
3317	-203.014402	5.599138	-114.100694	0.981074	0.014240	0.193109	0.191231	0.085362	-0.977826	-0.030408	0.996248	0.081024
3318	-202.768954	5.602695	-114.052301	0.980097	0.014240	0.198006	0.196112	0.085362	-0.976859	-0.030813	0.996248	0.080871
3319	-202.523751	5.606251	-114.002683	0.979096	0.014240	0.202899	0.200989	0.085362	-0.975867	-0.031216	0.996248	0.080716
3320	-202.278800	5.609807	-113.951840	0.978070	0.014240	0.207787	0.205860	0.085362	-0.974851	-0.031619	0.996248	0.080559
3321	-202.034105	5.613363	-113.899775	0.977020	0.014240	0.212669	0.210726	0.085362	-0.973811	-0.032021	0.996248	0.080400
3322	-201.789673	5.616919	-113.846488	0.975946	0.014240	0.217546	0.215588	0.085362	-0.972746	-0.032422	0.996248	0.080239
3323	-201.545510	5.620475	-113.791982	0.974847	0.014240	0.222418	0.220443	0.085362	-0.971657	-0.032822	0.996248	0.080076
3324	-201.301623	5.624031	-113.736256	0.973724	0.014240	0.227284	0.225294	0.085362	-0.970544	-0.033222	0.996248	0.079911
3325	-201.058017	5.627587	-113.679313	0.972577	0.014240	0.232145	0.230138	0.085362	-0.969407	-0.033621	0.996248	0.079744
3326	-200.814699	5.631143	-113.621154	0.971405	0.014240	0.236999	0.234977	0.085362	-0.968245	-0.034018	0.996248	0.079575
3327	-200.571674	5.634699	-113.561780	0.970210	0.014240	0.241848	0.239810	0.085362	-0.967060	-0.034415	0.996248	0.079404
3328	-200.328948	5.638255	-113.501193	0.968990	0.014240	0.246691	0.244637	0.085362	-0.965850	-0.034812	0.996248	0.079232
3329	-200.086528	5.641811	-113.439395	0.967745	0.014240	0.251528	0.249458	0.085362	-0.964616	-0.035207	0.996248	0.079057
3330	-199.844420	5.645368	-113.376387	0.966477	0.014240	0.256358	0.254273	0.085362	-0.963358	-0.035601	0.996248	0.078880
3331	-199.602630	5.648924	-113.312170	0.965185	0.014240	0.261182	0.259081	0.085362	-0.962076	-0.035995	0.996248	0.078701
3332	-199.361163	5.652480	-113.246746	0.963868	0.014240	0.265999	0.263883	0.085362	-0.960770	-0.036387	0.996248	0.078520
3333	-199.120027	5.656036	-113.180118	0.962527	0.014240	0.270810	0.268678	0.085362	-0.959440	-0.036779	0.996248	0.078338
3334	-198.879226	5.659592	-113.112285	0.961163	0.014240	0.275614	0.273467	0.085362	-0.958086	-0.037170	0.996248	0.078153
3335	-198.638766	5.663148	-113.043251	0.959774	0.014240	0.280411	0.278249	0.085362	-0.956708	-0.037560	0.996248	0.077966
3336	-198.398655	5.666704	-112.973017	0.958362	0.014240	0.285201	0.283024	0.085362	-0.955307	-0.037949	0.996248	0.077778
3337	-198.158897	5.670260	-112.901584	0.956925	0.014240	0.289984	0.287792	0.085362	-0.953881	-0.038337	0.996248	0.077587
3338	-197.919499	5.673816	-112.828955	0.955465	0.014240	0.294760	0.292552	0.085362	-0.952432	-0.038724	0.996248	0.077395
3339	-197.680467	5.677372	-112.755131	0.953981	0.014240	0.299529	0.297306	0.085362	-0.950959	-0.039110	0.996248	0.077200
3340	-197.441807	5.680928	-112.680114	0.952473	0.014240	0.304290	0.302051	0.085362	-0.949462	-0.039495	0.996248	0.077004
3341	-197.203524	5.684484	-112.603906	0.950941	0.014240	0.309043	0.306790	0.085362	-0.947942	-0.039879	0.996248	0.076806
3342	-196.965625	5.688040	-112.526509	0.949386	0.014240	0.313789	0.311521	0.085362	-0.946397	-0.040262	0.996248	0.076606
3343	-196.728115	5.691597	-112.447924	0.947807	0.014240	0.318527	0.316244	0.085362	-0.944830	-0.040644	0.996248	0.076404
3344	-196.491001	5.695153	-112.368155	0.946204	0.014240	0.323256	0.320959	0.085362	-0.943238	-0.041025	0.996248	0.076200
3345	-196.254288	5.698709	-112.287202	0.944578	0.014240	0.327978	0.325666	0.085362	-0.941624	-0.041405	0.996248	0.075994
3346	-196.017982	5.702265	-112.205067	0.942928	0.014240	0.332692	0.330365	0.085362	-0.939985	-0.041784	0.996248	0.075786
3347	-195.782090	5.705821	-112.121754	0.941255	0.014240	0.337397	0.335055	0.085362	-0.938324	-0.042162	0.996248	0.075576
3348	-195.546616	5.709377	-112.037263	0.939558	0.014240	0.342094	0.339738	0.085362	-0.936638	-0.042539	0.996248	0.075365
3349	-195.311568	5.712933	-111.951598	0.937837	0.014240	0.346783	0.344412	0.085362	-0.934930	-0.042915	0.996248	0.075152
3350	-195.076950	5.716489	-111.864759	0.936094	0.014240	0.351462	0.349077	0.085362	-0.933198	-0.043290	0.996248	0.074936
3351	-194.842769	5.720045	-111.776750	0.934327	0.014240	0.356133	0.353733	0.085362	-0.931443	-0.043664	0.996248	0.074719
3352	-194.609031	5.723601	-111.687572	0.932536	0.014240	0.360796	0.358381	0.085362	-0.929665	-0.044037	0.996248	0.074500
3353	-194.375741	5.727157	-111.597228	0.930723	0.014240	0.365449	0.363020	0.085362	-0.927863	-0.044408	0.996248	0.074279
3354	-194.142905	5.730713	-111.505720	0.928886	0.014240	0.370093	0.367650	0.085362	-0.926038	-0.044778	0.996248	0.074056
3355	-193.910529	5.734270	-111.413050	0.927026	0.014240	0.374727	0.372270	0.085362	-0.924191	-0.045148	0.996248	0.073832
3356	-193.678618	5.737826	-111.319220	0.925143	0.014240	0.379353	0.376881	0.085362	-0.922320	-0.045516	0.996248	0.073606
3357	-193.447179	5.741382	-111.224234	0.923236	0.014240	0.383969	0.381483	0.085362	-0.920426	-0.045883	0.996248	0.073377
3358	-193.216218	5.744938	-111.128093	0.921307	0.014240	0.388575	0.386076	0.085362	-0.918509	-0.046249	0.996248	0.073147
3359	-192.985740	5.748494	-111.030799	0.919355	0.014240	0.393172	0.390658	0.085362	-0.916569	-0.046614	0.996248	0.072915
3360	-192.755750	5.752050	-110.932355	0.917380	0.014240	0.397759	0.395231	0.085362	-0.914607	-0.046977	0.996248	0.072682
3361	-192.526255	5.755606	-110.832764	0.915381	0.014240	0.402336	0.399795	0.085362	-0.912621	-0.047340	0.996248	0.072446
3362	-192.297260	5.759162	-110.732028	0.913361	0.014240	0.406903	0.404348	0.085362	-0.910613	-0.047701	0.996248	0.072209
3363	-192.068771	5.762718	-110.630150	0.911317	0.014240	0.411459	0.408891	0.085362	-0.908582	-0.048061	0.996248	0.071970
3364	-191.840794	5.766274	-110.527131	0.909250	0.014240	0.416006	0.413424	0.085362	-0.906529	-0.048420	0.996248	0.071729
3365	-191.613334	5.769830	-110.422976	0.907161	0.014240	0.420542	0.417946	0.085362	-0.904452	-0.048778	0.996248	0.071486
3366	-191.386398	5.773386	-110.317685	0.905050	0.014240	0.425068	0.422458	0.085362	-0.902354	-0.049134	0.996248	0.071241
3367	-191.159990	5.776943	-110.211262	0.902915	0.014240	0.429583	0.426960	0.085362	-0.900232	-0.049489	0.996248	0.070995
3368	-190.934116	5.780499	-110.103710	0.900758	0.014240	0.434087	0.431451	0.085362	-0.898089	-0.049843	0.996248	0.070747
3369	-190.708782	5.784055	-109.995031	0.898579	0.014240	0.438580	0.435931	0.085362	-0.895923	-0.050196	0.996248	0.070497
3370	-190.483994	5.787611	-109.885228	0.896377	0.014240	0.443063	0.440400	0.085362	-0.893734	-0.050547	0.996248	0.070246
3371	-190.259758	5.791167	-109.774304	0.894153	0.014240	0.447534	0.444859	0.085362	-0.891523	-0.050898	0.996248	0.069992
3372	-190.036078	5.794723	-109.662261	0.891907	0.014240	0.451995	0.449306	0.085362	-0.889290	-0.051247	0.996248	0.069737
3373	-189.812960	5.798279	-109.549102	0.889638	0.014240	0.456444	0.453742	0.085362	-0.887035	-0.051594	0.996248	0.069480
3374	-189.590410	5.801835	-109.434830	0.887347	0.014240	0.460881	0.458167	0.085362	-0.884758	-0.051941	0.996248	0.069222
3375	-189.368434	5.805391	-109.319448	0.885034	0.014240	0.465308	0.462580	0.085362	-0.882459	-0.052286	0.996248	0.068961
3376	-189.147037	5.808947	-109.202959	0.882699	0.014240	0.469722	0.466982	0.085362	-0.880137	-0.052629	0.996248	0.068699
3377	-188.926225	5.812503	-109.085366	0.880342	0.014240	0.474125	0.471372	0.085362	-0.877794	-0.052972	0.996248	0.068436
3378	-188.706002	5.816059	-108.966671	0.877963	0.014240	0.478516	0.475750	0.085362	-0.875429	-0.053313	0.996248	0.068170
3379	-188.486375	5.819616	-108.846878	0.875562	0.014240	0.482895	0.480116	0.085362	-0.873042	-0.053653	0.996248	0.067903
3380	-188.267350	5.823172	-108.725989	0.873140	0.014240	0.487262	0.484471	0.085362	-0.870633	-0.053991	0.996248	0.067634
3381	-188.048930	5.826728	-108.604008	0.870695	0.014240	0.491617	0.488813	0.085362	-0.868202	-0.054328	0.996248	0.067364
3382	-187.831123	5.830284	-108.480938	0.868229	0.014240	0.495960	0.493143	0.085362	-0.865750	-0.054664	0.996248	0.067092
3383	-187.613933	5.833840	-108.356781	0.865741	0.014240	0.500290	0.497461	0.085362	-0.863276	-0.054999	0.996248	0.066818
3384	-187.397553	5.837399	-108.231740	0.865741	0.014240	0.500290	0.497461	0.085362	-0.863276	-0.054999	0.996248	0.066818
3385	-187.181173	5.840958	-108.106699	0.865741	0.014240	0.500290	0.497461	0.085362	-0.863276	-0.054999	0.996248	0.066818
3386	-186.964792	5.844517	-107.981659	0.865741	0.014240	0.500290	0.497461	0.085362	-0.863276	-0.054999	0.996248	0.066818
3387	-186.748412	5.848076	-107.856618	0.865741	0.014240	0.500290	0.497461	0.085362	-0.863276	-0.054999	0.996248	0.066818
3388	-186.532032	5.851635	-107.731577	0.865741	0.014240	0.500290	0.497461	0.085362	-0.863276	-0.054999	0.996248	0.066818
3389	-186.315652	5.855194	-107.606537	0.865741	0.014240	0.500290	0.497461	0.085362	-0.863276	-0.054999	0.996248	0.066818
3390	-186.099272	5.858753	-107.481496	0.865741	0.014240	0.500290	0.497461	0.085362	-0.863276	-0.054999	0.996248	0.066818
3391	-185.882891	5.862312	-107.356455	0.865741	0.014240	0.500290	0.497461	0.085362	-0.863276	-0.054999	0.996248	0.066818
3392	-185.666511	5.865871	-107.231415	0.865741	0.014240	0.500290	0.497461	0.085362	-0.863276	-0.054999	0.996248	0.066818
3393	-185.450131	5.869430	-107.106374	0.865741	0.014240	0.500290	0.497461	0.085362	-0.863276	-0.054999	0.996248	0.066818
3394	-185.233751	5.872989	-106.981333	0.865741	0.014240	0.500290	0.497461	0.085362	-0.863276	-0.054999	0.996248	0.066818
3395	-185.017370	5.876548	-106.856293	0.865741	0.014240	0.500290	0.497461	0.085362	-0.863276	-0.054999	0.996248	0.066818
3396	-184.800990	5.880107	-106.731252	0.865741	0.014240	0.500290	0.497461	0.085362	-0.863276	-0.054999	0.996248	0.066818
3397	-184.584610	5.883666	-106.606211	0.865741	0.014240	0.500290	0.497461	0.085362	-0.863276	-0.054999	0.996248	0.066818
3398	-184.368230	5.887225	-106.481171	0.865741	0.014240	0.500290	0.497461	0.085362	-0.863276	-0.054999	0.996248	0.066818
3399	-184.151850	5.890784	-106.356130	0.865741	0.014240	0.500290	0.497461	0.085362	-0.863276	-0.054999	0.996248	0.066818
3400	-183.935469	5.894343	-106.231089	0.865741	0.014240	0.500290	0.497461	0.085362	-0.863276	-0.054999	0.996248	0.066818
3401	-183.719089	5.897903	-106.106049	0.865741	0.014240	0.500290	0.497461	0.085362	-0.863276	-0.054999	0.996248	0.066818
3402	-183.502709	5.901462	-105.981008	0.865741	0.014240	0.500290	0.497461	0.085362	-0.863276	-0.054999	0.996248	0.066818
3403	-183.286329	5.905021	-105.855967	0.865741	0.014240	0.500290	0.497461	0.085362	-0.863276	-0.054999	0.996248	0.066818
3404	-183.069948	5.908580	-105.730927	0.865741	0.014240	0.500290	0.497461	0.085362	-0.863276	-0.054999	0.996248	0.066818
3405	-182.853568	5.912139	-105.605886	0.865741	0.014240	0.500290	0.497461	0.085362	-0.863276	-0.054999	0.996248	0.066818
3406	-182.637188	5.915698	-105.480845	0.865741	0.014240	0.500290	0.497461	0.085362	-0.863276	-0.054999	0.996248	0.066818
3407	-182.420808	5.919257	-105.355805	0.865741	0.014240	0.500290	0.497461	0.085362	-0.863276	-0.054999	0.996248	0.066818
3408	-182.204428	5.922816	-105.230764	0.865741	0.014240	0.500290	0.497461	0.085362	-0.863276	-0.054999	0.996248	0.066818
3409	-181.988047	5.926375	-105.105723	0.865741	0.014240	0.500290	0.497461	0.085362	-0.863276	-0.054999	0.996248	0.066818
3410	-181.771667	5.929934	-104.980683	0.865741	0.014240	0.500290	0.497461	0.085362	-0.863276	-0.054999	0.996248	0.066818
3411	-181.555287	5.933493	-104.855642	0.865741	0.014240	0.500290	0.497461	0.085362	-0.863276	-0.054999	0.996248	0.066818
3412	-181.338907	5.937052	-104.730601	0.865741	0.014240	0.500290	0.497461	0.085362	-0.863276	-0.054999	0.996248	0.066818
3413	-181.122526	5.940611	-104.605561	0.865741	0.014240	0.500290	0.497461	0.085362	-0.863276	-0.054999	0.996248	0.066818
3414	-180.906146	5.944170	-104.480520	0.865741	0.014240	0.500290	0.497461	0.085362	-0.863276	-0.054999	0.996248	0.066818
3415	-180.689766	5.947729	-104.355479	0.865741	0.014240	0.500290	0.497461	0.085362	-0.863276	-0.054999	0.996248	0.066818
3416	-180.473386	5.951288	-104.230439	0.865741	0.014240	0.500290	0.497461	0.085362	-0.863276	-0.054999	0.996248	0.066818
3417	-180.257006	5.954847	-104.105398	0.865741	0.014240	0.500290	0.497461	0.085362	-0.863276	-0.054999	0.996248	0.066818
3418	-180.040625	5.958406	-103.980357	0.865741	0.014240	0.500290	0.497461	0.085362	-0.863276	-0.054999	0.996248	0.066818
3419	-179.824245	5.961965	-103.855317	0.865741	0.014240	0.500290	0.497461	0.085362	-0.863276	-0.054999	0.996248	0.066818
3420	-179.607865	5.965524	-103.730276	0.865741	0.014240	0.500290	0.497461	0.085362	-0.863276	-0.054999	0.996248	0.066818
3421	-179.391485	5.969083	-103.605235	0.865741	0.014240	0.500290	0.497461	0.085362	-0.863276	-0.054999	0.996248	0.066818
3422	-179.175104	5.972642	-103.480195	0.865741	0.014240	0.500290	0.497461	0.085362	-0.863276	-0.054999	0.996248	0.066818
3423	-178.958724	5.976201	-103.355154	0.865741	0.014240	0.500290	0.497461	0.085362	-0.863276	-0.054999	0.996248	0.066818
3424	-178.742344	5.979760	-103.230113	0.865741	0.014240	0.500290	0.497461	0.085362	-0.863276	-0.054999	0.996248	0.066818
3425	-178.525964	5.983319	-103.105073	0.865741	0.014240	0.500290	0.497461	0.085362	-0.863276	-0.054999	0.996248	0.066818
3426	-178.309584	5.986878	-102.980032	0.865741	0.014240	0.500290	0.497461	0.085362	-0.863276	-0.054999	0.996248	0.066818
3427	-178.093203	5.990437	-102.854991	0.865741	0.014240	0.500290	0.497461	0.085362	-0.863276	-0.054999	0.996248	0.066818
3428	-177.876823	5.993996	-102.729951	0.865741	0.014240	0.500290	0.497461	0.085362	-0.863276	-0.054999	0.996248	0.066818
3429	-177.660443	5.997555	-102.604910	0.865741	0.014240	0.500290	0.497461	0.085362	-0.863276	-0.054999	0.996248	0.066818
3430	-177.444063	6.001115	-102.479869	0.865741	0.014240	0.500290	0.497461	0.085362	-0.863276	-0.054999	0.996248	0.066818
3431	-177.227682	6.004674	-102.354828	0.865741	0.014240	0.500290	0.497461	0.085362	-0.863276	-0.054999	0.996248	0.066818
3432	-177.011302	6.008233	-102.229788	0.865741	0.014240	0.500290	0.497461	0.085362	-0.863276	-0.054999	0.996248	0.066818
3433	-176.794922	6.011792	-102.104747	0.865741	0.014240	0.500290	0.497461	0.085362	-0.863276	-0.054999	0.996248	0.066818
3434	-176.578542	6.015351	-101.979706	0.865741	0.014240	0.500290	0.497461	0.085362	-0.863276	-0.054999	0.996248	0.066818
3435	-176.362162	6.018910	-101.854666	0.865741	0.014240	0.500290	0.497461	0.085362	-0.863276	-0.054999	0.996248	0.066818
3436	-176.145781	6.022469	-101.729625	0.865741	0.014240	0.500290	0.497461	0.085362	-0.863276	-0.054999	0.996248	0.066818
3437	-175.929401	6.026028	-101.604584	0.865741	0.014240	0.500290	0.497461	0.085362	-0.863276	-0.054999	0.996248	0.066818
3438	-175.713021	6.029587	-101.479544	0.865741	0.014240	0.500290	0.497461	0.085362	-0.863276	-0.054999	0.996248	0.066818
3439	-175.496641	6.033146	-101.354503	0.865741	0.014240	0.500290	0.497461	0.085362	-0.863276	-0.054999	0.996248	0.066818
3440	-175.280260	6.036705	-101.229462	0.865741	0.014240	0.500290	0.497461	0.085362	-0.863276	-0.054999	0.996248	0.066818
3441	-175.063880	6.040264	-101.104422	0.865741	0.014240	0.500290	0.497461	0.085362	-0.863276	-0.054999	0.996248	0.066818
3442	-174.847500	6.043823	-100.979381	0.865741	0.014240	0.500290	0.497461	0.085362	-0.863276	-0.054999	0.996248	0.066818
3443	-174.631120	6.047382	-100.854340	0.865741	0.014240	0.500290	0.497461	0.085362	-0.863276	-0.054999	0.996248	0.066818
3444	-174.414740	6.050941	-100.729300	0.865741	0.014240	0.500290	0.497461	0.085362	-0.863276	-0.054999	0.996248	0.066818
3445	-174.198359	6.054500	-100.604259	0.865741	0.014240	0.500290	0.497461	0.085362	-0.863276	-0.054999	0.996248	0.066818
3446	-173.981979	6.058059	-100.479218	0.865741	0.014240	0.500290	0.497461	0.085362	-0.863276	-0.054999	0.996248	0.066818
3447	-173.765599	6.061618	-100.354178	0.865741	0.014240	0.500290	0.497461	0.085362	-0.863276	-0.054999	0.996248	0.066818
3448	-173.549219	6.065177	-100.229137	0.865741	0.014240	0.500290	0.497461	0.085362	-0.863276	-0.054999	0.996248	0.066818
3449	-173.332838	6.068736	-100.104096	0.865741	0.014240	0.500290	0.497461	0.085362	-0.863276	-0.054999	0.996248	0.066818
3450	-173.116458	6.072295	-99.979056	0.865741	0.014240	0.500290	0.497461	0.085362	-0.863276	-0.054999	0.996248	0.066818
3451	-172.900078	6.075854	-99.854015	0.865741	0.014240	0.500290	0.497461	0.085362	-0.863276	-0.054999	0.996248	0.066818
3452	-172.683698	6.079413	-99.728974	0.865741	0.014240	0.500290	0.497461	0.085362	-0.863276	-0.054999	0.996248	0.066818
3453	-172.467318	6.082972	-99.603934	0.865741	0.014240	0.500290	0.497461	0.085362	-0.863276	-0.054999	0.996248	0.066818
3454	-172.250937	6.086531	-99.478893	0.865741	0.014240	0.500290	0.497461	0.085362	-0.863276	-0.054999	0.996248	0.066818
3455	-172.034557	6.090090	-99.353852	0.865741	0.014240	0.500290	0.497461	0.085362	-0.863276	-0.054999	0.996248	0.066818
3456	-171.818177	6.093649	-99.228812	0.865741	0.014240	0.500290	0.497461	0.085362	-0.863276	-0.054999	0.996248	0.066818
3457	-171.601797	6.097208	-99.103771	0.865741	0.014240	0.500290	0.497461	0.085362	-0.863276	-0.054999	0.996248	0.066818
3458	-171.385416	6.100767	-98.978730	0.865741	0.014240	0.500290	0.497461	0.085362	-0.863276	-0.054999	0.996248	0.066818
3459	-171.169036	6.104327	-98.853690	0.865741	0.014240	0.500290	0.497461	0.085362	-0.863276	-0.054999	0.996248	0.066818
3460	-170.952656	6.107886	-98.728649	0.865741	0.014240	0.500290	0.497461	0.085362	-0.863276	-0.054999	0.996248	0.066818
3461	-170.736276	6.111445	-98.603608	0.865741	0.014240	0.500290	0.497461	0.085362	-0.863276	-0.054999	0.996248	0.066818
3462	-170.519896	6.115004	-98.478568	0.865741	0.014240	0.500290	0.497461	0.085362	-0.863276	-0.054999	0.996248	0.066818
3463	-170.303515	6.118563	-98.353527	0.865741	0.014240	0.500290	0.497461	0.085362	-0.863276	-0.054999	0.996248	0.066818
3464	-170.087135	6.122122	-98.228486	0.865741	0.014240	0.500290	0.497461	0.085362	-0.863276	-0.054999	0.996248	0.066818
3465	-169.870755	6.125681	-98.103446	0.865741	0.014240	0.500290	0.497461	0.085362	-0.863276	-0.054999	0.996248	0.066818
3466	-169.654375	6.129240	-97.978405	0.865741	0.014240	0.500290	0.497461	0.085362	-0.863276	-0.054999	0.996248	0.066818
3467	-169.437994	6.132799	-97.853364	0.865741	0.014240	0.500290	0.497461	0.085362	-0.863276	-0.054999	0.996248	0.066818
3468	-169.221614	6.136358	-97.728324	0.865741	0.014240	0.500290	0.497461	0.085362	-0.863276	-0.054999	0.996248	0.066818
3469	-169.005234	6.139917	-97.603283	0.865741	0.014240	0.500290	0.497461	0.085362	-0.863276	-0.054999	0.996248	0.066818
3470	-168.788854	6.143476	-97.478242	0.865741	0.014240	0.500290	0.497461	0.085362	-0.863276	-0.054999	0.996248	0.066818
3471	-168.572474	6.147035	-97.353202	0.865741	0.014240	0.500290	0.497461	0.085362	-0.863276	-0.054999	0.996248	0.066818
3472	-168.356093	6.150594	-97.228161	0.865741	0.014240	0.500290	0.497461	0.085362	-0.863276	-0.054999	0.996248	0.066818
3473	-168.139713	6.154153	-97.103120	0.865741	0.014240	0.500290	0.497461	0.085362	-0.863276	-0.054999	0.996248	0.066818
3474	-167.923333	6.157712	-96.978079	0.865741	0.014240	0.500290	0.497461	0.085362	-0.863276	-0.054999	0.996248	0.066818
3475	-167.706953	6.161271	-96.853039	0.865741	0.014240	0.500290	0.497461	0.085362	-0.863276	-0.054999	0.996248	0.066818
3476	-167.490572	6.164830	-96.727998	0.865741	0.014240	0.500290	0.497461	0.085362	-0.863276	-0.054999	0.996248	0.066818
3477	-167.274192	6.168389	-96.602957	0.865741	0.014240	0.500290	0.497461	0.085362	-0.863276	-0.054999	0.996248	0.066818
3478	-167.057812	6.171948	-96.477917	0.865741	0.014240	0.500290	0.497461	0.085362	-0.863276	-0.054999	0.996248	0.066818
3479	-166.841432	6.175507	-96.352876	0.865741	0.014240	0.500290	0.497461	0.085362	-0.863276	-0.054999	0.996248	0.066818
3480	-166.625052	6.179066	-96.227835	0.865741	0.014240	0.500290	0.497461	0.085362	-0.863276	-0.054999	0.996248	0.066818
3481	-166.408671	6.182625	-96.102795	0.865741	0.014240	0.500290	0.497461	0.085362	-0.863276	-0.054999	0.996248	0.066818
3482	-166.192291	6.186184	-95.977754	0.865741	0.014240	0.500290	0.497461	0.085362	-0.863276	-0.054999	0.996248	0.066818
3483	-165.975911	6.189743	-95.852713	0.865741	0.014240	0.500290	0.497461	0.085362	-0.863276	-0.054999	0.996248	0.066818
3484	-165.759531	6.193302	-95.727673	0.865741	0.014240	0.500290	0.497461	0.085362	-0.863276	-0.054999	0.996248	0.066818
3485	-165.543150	6.196861	-95.602632	0.865741	0.014240	0.500290	0.497461	0.085362	-0.863276	-0.054999	0.996248	0.066818
3486	-165.326770	6.200420	-95.477591	0.865741	0.014240	0.500290	0.497461	0.085362	-0.863276	-0.054999	0.996248	0.066818
3487	-165.110390	6.203980	-95.352551	0.865741	0.014240	0.500290	0.497461	0.085362	-0.863276	-0.054999	0.996248	0.066818
3488	-164.894010	6.207539	-95.227510	0.865741	0.014240	0.500290	0.497461	0.085362	-0.863276	-0.054999	0.996248	0.066818
3489	-164.677629	6.211098	-95.102469	0.865741	0.014240	0.500290	0.497461	0.085362	-0.863276	-0.054999	0.996248	0.066818
3490	-164.461249	6.214657	-94.977429	0.865741	0.014240	0.500290	0.497461	0.085362	-0.863276	-0.054999	0.996248	0.066818
3491	-164.244869	6.218216	-94.852388	0.865741	0.014240	0.500290	0.497461	0.085362	-0.863276	-0.054999	0.996248	0.066818
3492	-164.028489	6.221775	-94.727347	0.865741	0.014240	0.500290	0.497461	0.085362	-0.863276	-0.054999	0.996248	0.066818
3493	-163.812109	6.225334	-94.602307	0.865741	0.014240	0.500290	0.497461	0.085362	-0.863276	-0.054999	0.996248	0.066818
3494	-163.595728	6.228893	-94.477266	0.865741	0.014240	0.500290	0.497461	0.085362	-0.863276	-0.054999	0.996248	0.066818
3495	-163.379348	6.232452	-94.352225	0.865741	0.014240	0.500290	0.497461	0.085362	-0.863276	-0.054999	0.996248	0.066818
3496	-163.162968	6.236011	-94.227185	0.865741	0.014240	0.500290	0.497461	0.085362	-0.863276	-0.054999	0.996248	0.066818
3497	-162.946588	6.239570	-94.102144	0.865741	0.014240	0.500290	0.497461	0.085362	-0.863276	-0.054999	0.996248	0.066818
3498	-162.730207	6.243129	-93.977103	0.865741	0.014240	0.500290	0.497461	0.085362	-0.863276	-0.054999	0.996248	0.066818
3499	-162.513827	6.246688	-93.852063	0.865741	0.014240	0.500290	0.497461	0.085362	-0.863276	-0.054999	0.996248	0.066818
3500	-162.297447	6.250247	-93.727022	0.865741	0.014240	0.500290	0.497461	0.085362	-0.863276	-0.054999	0.996248	0.066818
3501	-162.081067	6.253806	-93.601981	0.865741	0.014240	0.500290	0.497461	0.085362	-0.863276	-0.054999	0.996248	0.066818
3502	-161.864687	6.257365	-93.476941	0.865741	0.014240	0.500290	0.497461	0.085362	-0.863276	-0.054999	0.996248	0.066818
3503	-161.648306	6.260924	-93.351900	0.865741	0.014240	0.500290	0.497461	0.085362	-0.863276	-0.054999	0.996248	0.066818
3504	-161.431926	6.264483	-93.226859	0.865741	0.014240	0.500290	0.497461	0.085362	-0.863276	-0.054999	0.996248	0.066818
3505	-161.215546	6.268042	-93.101819	0.865741	0.014240	0.500290	0.497461	0.085362	-0.863276	-0.054999	0.996248	0.066818
3506	-160.999166	6.271601	-92.976778	0.865741	0.014240	0.500290	0.497461	0.085362	-0.863276	-0.054999	0.996248	0.066818
3507	-160.782785	6.275160	-92.851737	0.865741	0.014240	0.500290	0.497461	0.085362	-0.863276	-0.054999	0.996248	0.066818
3508	-160.566405	6.278719	-92.726697	0.865741	0.014240	0.500290	0.497461	0.085362	-0.863276	-0.054999	0.996248	0.066818
3509	-160.350025	6.282278	-92.601656	0.865741	0.014240	0.500290	0.497461	0.085362	-0.863276	-0.054999	0.996248	0.066818
3510	-160.133645	6.285837	-92.476615	0.865741	0.014240	0.500290	0.497461	0.085362	-0.863276	-0.054999	0.996248	0.066818
3511	-159.917265	6.289396	-92.351575	0.865741	0.014240	0.500290	0.497461	0.085362	-0.863276	-0.054999	0.996248	0.066818
3512	-159.700884	6.292955	-92.226534	0.865741	0.014240	0.500290	0.497461	0.085362	-0.863276	-0.054999	0.996248	0.066818
3513	-159.484504	6.296514	-92.101493	0.865741	0.014240	0.500290	0.497461	0.085362	-0.863276	-0.054999	0.996248	0.066818
3514	-159.268124	6.300073	-91.976453	0.865741	0.014240	0.500290	0.497461	0.085362	-0.863276	-0.054999	0.996248	0.066818
3515	-159.051744	6.303632	-91.851412	0.865741	0.014240	0.500290	0.497461	0.085362	-0.863276	-0.054999	0.996248	0.066818
3516	-158.835363	6.307192	-91.726371	0.865741	0.014240	0.500290	0.497461	0.085362	-0.863276	-0.054999	0.996248	0.066818
3517	-158.618983	6.310751	-91.601331	0.865741	0.014240	0.500290	0.497461	0.085362	-0.863276	-0.054999	0.996248	0.066818
3518	-158.402603	6.314310	-91.476290	0.865741	0.014240	0.500290	0.497461	0.085362	-0.863276	-0.054999	0.996248	0.066818
3519	-158.186223	6.317869	-91.351249	0.865741	0.014240	0.500290	0.497461	0.085362	-0.863276	-0.054999	0.996248	0.066818
3520	-157.969843	6.321428	-91.226208	0.865741	0.014240	0.500290	0.497461	0.085362	-0.863276	-0.054999	0.996248	0.066818
3521	-157.753462	6.324987	-91.101168	0.865741	0.014240	0.500290	0.497461	0.085362	-0.863276	-0.054999	0.996248	0.066818
3522	-157.537082	6.328546	-90.976127	0.865741	0.014240	0.500290	0.497461	0.085362	-0.863276	-0.054999	0.996248	0.066818
3523	-157.320702	6.332105	-90.851086	0.865741	0.014240	0.500290	0.497461	0.085362	-0.863276	-0.054999	0.996248	0.066818
3524	-157.104322	6.335664	-90.726046	0.865741	0.014240	0.500290	0.497461	0.085362	-0.863276	-0.054999	0.996248	0.066818
3525	-156.887941	6.339223	-90.601005	0.865741	0.014240	0.500290	0.497461	0.085362	-0.863276	-0.054999	0.996248	0.066818
3526	-156.671561	6.342782	-90.475964	0.865741	0.014240	0.500290	0.497461	0.085362	-0.863276	-0.054999	0.996248	0.066818
3527	-156.455181	6.346341	-90.350924	0.865741	0.014240	0.500290	0.497461	0.085362	-0.863276	-0.054999	0.996248	0.066818
3528	-156.238801	6.349900	-90.225883	0.865741	0.014240	0.500290	0.497461	0.085362	-0.863276	-0.054999	0.996248	0.066818
3529	-156.022421	6.353459	-90.100842	0.865741	0.014240	0.500290	0.497461	0.085362	-0.863276	-0.054999	0.996248	0.066818
3530	-155.806040	6.357018	-89.975802	0.865741	0.014240	0.500290	0.497461	0.085362	-0.863276	-0.054999	0.996248	0.066818
3531	-155.589660	6.360577	-89.850761	0.865741	0.014240	0.500290	0.497461	0.085362	-0.863276	-0.054999	0.996248	0.066818
3532	-155.373280	6.364136	-89.725720	0.865741	0.014240	0.500290	0.497461	0.085362	-0.863276	-0.054999	0.996248	0.066818
3533	-155.156900	6.367695	-89.600680	0.865741	0.014240	0.500290	0.497461	0.085362	-0.863276	-0.054999	0.996248	0.066818
3534	-154.940519	6.371254	-89.475639	0.865741	0.014240	0.500290	0.497461	0.085362	-0.863276	-0.054999	0.996248	0.066818
3535	-154.724139	6.374813	-89.350598	0.865741	0.014240	0.500290	0.497461	0.085362	-0.863276	-0.054999	0.996248	0.066818
3536	-154.507759	6.378372	-89.225558	0.865741	0.014240	0.500290	0.497461	0.085362	-0.863276	-0.054999	0.996248	0.066818
3537	-154.291379	6.381931	-89.100517	0.865741	0.014240	0.500290	0.497461	0.085362	-0.863276	-0.054999	0.996248	0.066818
3538	-154.074999	6.385490	-88.975476	0.865741	0.014240	0.500290	0.497461	0.085362	-0.863276	-0.054999	0.996248	0.066818
3539	-153.858618	6.389049	-88.850436	0.865741	0.014240	0.500290	0.497461	0.085362	-0.863276	-0.054999	0.996248	0.066818
3540	-153.642238	6.392608	-88.725395	0.865741	0.014240	0.500290	0.497461	0.085362	-0.863276	-0.054999	0.996248	0.066818
3541	-153.425858	6.396167	-88.600354	0.865741	0.014240	0.500290	0.497461	0.085362	-0.863276	-0.054999	0.996248	0.066818
3542	-153.209478	6.399726	-88.475314	0.865741	0.014240	0.500290	0.497461	0.085362	-0.863276	-0.054999	0.996248	0.066818
3543	-152.993097	6.403285	-88.350273	0.865741	0.014240	0.500290	0.497461	0.085362	-0.863276	-0.054999	0.996248	0.066818
3544	-152.776717	6.406844	-88.225232	0.865741	0.014240	0.500290	0.497461	0.085362	-0.863276	-0.054999	0.996248	0.066818
3545	-152.560337	6.410404	-88.100192	0.865741	0.014240	0.500290	0.497461	0.085362	-0.863276	-0.054999	0.996248	0.066818
3546	-152.343957	6.413963	-87.975151	0.865741	0.014240	0.500290	0.497461	0.085362	-0.863276	-0.054999	0.996248	0.066818
3547	-152.127577	6.417522	-87.850110	0.865741	0.014240	0.500290	0.497461	0.085362	-0.863276	-0.054999	0.996248	0.066818
3548	-151.911196	6.421081	-87.725070	0.865741	0.014240	0.500290	0.497461	0.085362	-0.863276	-0.054999	0.996248	0.066818
3549	-151.694816	6.424640	-87.600029	0.865741	0.014240	0.500290	0.497461	0.085362	-0.863276	-0.054999	0.996248	0.066818
3550	-151.478436	6.428199	-87.474988	0.865741	0.014240	0.500290	0.497461	0.085362	-0.863276	-0.054999	0.996248	0.066818
3551	-151.262056	6.431758	-87.349948	0.865741	0.014240	0.500290	0.497461	0.085362	-0.863276	-0.054999	0.996248	0.066818
3552	-151.045675	6.435317	-87.224907	0.865741	0.014240	0.500290	0.497461	0.085362	-0.863276	-0.054999	0.996248	0.066818
3553	-150.829295	6.438876	-87.099866	0.865741	0.014240	0.500290	0.497461	0.085362	-0.863276	-0.054999	0.996248	0.066818
3554	-150.612915	6.442435	-86.974826	0.865741	0.014240	0.500290	0.497461	0.085362	-0.863276	-0.054999	0.996248	0.066818
3555	-150.396535	6.445994	-86.849785	0.865741	0.014240	0.500290	0.497461	0.085362	-0.863276	-0.054999	0.996248	0.066818
3556	-150.180155	6.449553	-86.724744	0.865741	0.014240	0.500290	0.497461	0.085362	-0.863276	-0.054999	0.996248	0.066818
3557	-149.963774	6.453112	-86.599704	0.865741	0.014240	0.500290	0.497461	0.085362	-0.863276	-0.054999	0.996248	0.066818
3558	-149.747394	6.456671	-86.474663	0.865741	0.014240	0.500290	0.497461	0.085362	-0.863276	-0.054999	0.996248	0.066818
3559	-149.531014	6.460230	-86.349622	0.865741	0.014240	0.500290	0.497461	0.085362	-0.863276	-0.054999	0.996248	0.066818
3560	-149.314634	6.463789	-86.224582	0.865741	0.014240	0.500290	0.497461	0.085362	-0.863276	-0.054999	0.996248	0.066818
3561	-149.098253	6.467348	-86.099541	0.865741	0.014240	0.500290	0.497461	0.085362	-0.863276	-0.054999	0.996248	0.066818
3562	-148.881873	6.470907	-85.974500	0.865741	0.014240	0.500290	0.497461	0.085362	-0.863276	-0.054999	0.996248	0.066818
3563	-148.665493	6.474466	-85.849460	0.865741	0.014240	0.500290	0.497461	0.085362	-0.863276	-0.054999	0.996248	0.066818
3564	-148.449113	6.478025	-85.724419	0.865741	0.014240	0.500290	0.497461	0.085362	-0.863276	-0.054999	0.996248	0.066818
3565	-148.232733	6.481584	-85.599378	0.865741	0.014240	0.500290	0.497461	0.085362	-0.863276	-0.054999	0.996248	0.066818
3566	-148.016352	6.485143	-85.474337	0.865741	0.014240	0.500290	0.497461	0.085362	-0.863276	-0.054999	0.996248	0.066818
3567	-147.799972	6.488702	-85.349297	0.865741	0.014240	0.500290	0.497461	0.085362	-0.863276	-0.054999	0.996248	0.066818
3568	-147.583592	6.492261	-85.224256	0.865741	0.014240	0.500290	0.497461	0.085362	-0.863276	-0.054999	0.996248	0.066818
3569	-147.367212	6.495820	-85.099215	0.865741	0.014240	0.500290	0.497461	0.085362	-0.863276	-0.054999	0.996248	0.066818
3570	-147.150831	6.499379	-84.974175	0.865741	0.014240	0.500290	0.497461	0.085362	-0.863276	-0.054999	0.996248	0.066818
3571	-146.934451	6.502938	-84.849134	0.865741	0.014240	0.500290	0.497461	0.085362	-0.863276	-0.054999	0.996248	0.066818
3572	-146.718071	6.506497	-84.724093	0.865741	0.014240	0.500290	0.497461	0.085362	-0.863276	-0.054999	0.996248	0.066818
3573	-146.501691	6.510057	-84.599053	0.865741	0.014240	0.500290	0.497461	0.085362	-0.863276	-0.054999	0.996248	0.066818
3574	-146.285311	6.513616	-84.474012	0.865741	0.014240	0.500290	0.497461	0.085362	-0.863276	-0.054999	0.996248	0.066818
3575	-146.068930	6.517175	-84.348971	0.865741	0.014240	0.500290	0.497461	0.085362	-0.863276	-0.054999	0.996248	0.066818
3576	-145.852550	6.520734	-84.223931	0.865741	0.014240	0.500290	0.497461	0.085362	-0.863276	-0.054999	0.996248	0.066818
3577	-145.636170	6.524293	-84.098890	0.865741	0.014240	0.500290	0.497461	0.085362	-0.863276	-0.054999	0.996248	0.066818
3578	-145.419790	6.527852	-83.973849	0.865741	0.014240	0.500290	0.497461	0.085362	-0.863276	-0.054999	0.996248	0.066818
3579	-145.203409	6.531411	-83.848809	0.865741	0.014240	0.500290	0.497461	0.085362	-0.863276	-0.054999	0.996248	0.066818
3580	-144.987029	6.534970	-83.723768	0.865741	0.014240	0.500290	0.497461	0.085362	-0.863276	-0.054999	0.996248	0.066818
3581	-144.770649	6.538529	-83.598727	0.865741	0.014240	0.500290	0.497461	0.085362	-0.863276	-0.054999	0.996248	0.066818
3582	-144.554269	6.542088	-83.473687	0.865741	0.014240	0.500290	0.497461	0.085362	-0.863276	-0.054999	0.996248	0.066818
3583	-144.337889	6.545647	-83.348646	0.865741	0.014240	0.500290	0.497461	0.085362	-0.863276	-0.054999	0.996248	0.066818
3584	-144.121508	6.549206	-83.223605	0.865741	0.014240	0.500290	0.497461	0.085362	-0.863276	-0.054999	0.996248	0.066818
3585	-143.905128	6.552765	-83.098565	0.865741	0.014240	0.500290	0.497461	0.085362	-0.863276	-0.054999	0.996248	0.066818
3586	-143.688748	6.556324	-82.973524	0.865741	0.014240	0.500290	0.497461	0.085362	-0.863276	-0.054999	0.996248	0.066818
3587	-143.472368	6.559883	-82.848483	0.865741	0.014240	0.500290	0.497461	0.085362	-0.863276	-0.054999	0.996248	0.066818
3588	-143.255987	6.563442	-82.723443	0.865741	0.014240	0.500290	0.497461	0.085362	-0.863276	-0.054999	0.996248	0.066818
3589	-143.039607	6.567001	-82.598402	0.865741	0.014240	0.500290	0.497461	0.085362	-0.863276	-0.054999	0.996248	0.066818
3590	-142.823227	6.570560	-82.473361	0.865741	0.014240	0.500290	0.497461	0.085362	-0.863276	-0.054999	0.996248	0.066818
3591	-142.606847	6.574119	-82.348321	0.865741	0.014240	0.500290	0.497461	0.085362	-0.863276	-0.054999	0.996248	0.066818
3592	-142.390467	6.577678	-82.223280	0.865741	0.014240	0.500290	0.497461	0.085362	-0.863276	-0.054999	0.996248	0.066818
3593	-142.174086	6.581237	-82.098239	0.865741	0.014240	0.500290	0.497461	0.085362	-0.863276	-0.054999	0.996248	0.066818
3594	-141.957706	6.584796	-81.973199	0.865741	0.014240	0.500290	0.497461	0.085362	-0.863276	-0.054999	0.996248	0.066818
3595	-141.741326	6.588355	-81.848158	0.865741	0.014240	0.500290	0.497461	0.085362	-0.863276	-0.054999	0.996248	0.066818
3596	-141.524946	6.591914	-81.723117	0.865741	0.014240	0.500290	0.497461	0.085362	-0.863276	-0.054999	0.996248	0.066818
3597	-141.308565	6.595473	-81.598077	0.865741	0.014240	0.500290	0.497461	0.085362	-0.863276	-0.054999	0.996248	0.066818
3598	-141.092185	6.599032	-81.473036	0.865741	0.014240	0.500290	0.497461	0.085362	-0.863276	-0.054999	0.996248	0.066818
3599	-140.875805	6.602591	-81.347995	0.865741	0.014240	0.500290	0.497461	0.085362	-0.863276	-0.054999	0.996248	0.066818
3600	-140.659425	6.606150	-81.222955	0.865741	0.014240	0.500290	0.497461	0.085362	-0.863276	-0.054999	0.996248	0.066818
3601	-140.443045	6.609709	-81.097914	0.865741	0.014240	0.500290	0.497461	0.085362	-0.863276	-0.054999	0.996248	0.066818
3602	-140.226664	6.613269	-80.972873	0.865741	0.014240	0.500290	0.497461	0.085362	-0.863276	-0.054999	0.996248	0.066818
3603	-140.010284	6.616828	-80.847833	0.865741	0.014240	0.500290	0.497461	0.085362	-0.863276	-0.054999	0.996248	0.066818
3604	-139.793904	6.620387	-80.722792	0.865741	0.014240	0.500290	0.497461	0.085362	-0.863276	-0.054999	0.996248	0.066818
3605	-139.577524	6.623946	-80.597751	0.865741	0.014240	0.500290	0.497461	0.085362	-0.863276	-0.054999	0.996248	0.066818
3606	-139.361143	6.627505	-80.472711	0.865741	0.014240	0.500290	0.497461	0.085362	-0.863276	-0.054999	0.996248	0.066818
3607	-139.144763	6.631064	-80.347670	0.865741	0.014240	0.500290	0.497461	0.085362	-0.863276	-0.054999	0.996248	0.066818
3608	-138.928383	6.634623	-80.222629	0.865741	0.014240	0.500290	0.497461	0.085362	-0.863276	-0.054999	0.996248	0.066818
3609	-138.712003	6.638182	-80.097589	0.865741	0.014240	0.500290	0.497461	0.085362	-0.863276	-0.054999	0.996248	0.066818
3610	-138.495622	6.641741	-79.972548	0.865741	0.014240	0.500290	0.497461	0.085362	-0.863276	-0.054999	0.996248	0.066818
3611	-138.279242	6.645300	-79.847507	0.865741	0.014240	0.500290	0.497461	0.085362	-0.863276	-0.054999	0.996248	0.066818
3612	-138.062862	6.648859	-79.722466	0.865741	0.014240	0.500290	0.497461	0.085362	-0.863276	-0.054999	0.996248	0.066818
3613	-137.846482	6.652418	-79.597426	0.865741	0.014240	0.500290	0.497461	0.085362	-0.863276	-0.054999	0.996248	0.066818
3614	-137.630102	6.655977	-79.472385	0.865741	0.014240	0.500290	0.497461	0.085362	-0.863276	-0.054999	0.996248	0.066818
3615	-137.413721	6.659536	-79.347344	0.865741	0.014240	0.500290	0.497461	0.085362	-0.863276	-0.054999	0.996248	0.066818
3616	-137.197341	6.663095	-79.222304	0.865741	0.014240	0.500290	0.497461	0.085362	-0.863276	-0.054999	0.996248	0.066818
3617	-136.980961	6.666654	-79.097263	0.865741	0.014240	0.500290	0.497461	0.085362	-0.863276	-0.054999	0.996248	0.066818
3618	-136.764581	6.670213	-78.972222	0.865741	0.014240	0.500290	0.497461	0.085362	-0.863276	-0.054999	0.996248	0.066818
3619	-136.548200	6.673772	-78.847182	0.865741	0.014240	0.500290	0.497461	0.085362	-0.863276	-0.054999	0.996248	0.066818
3620	-136.331820	6.677331	-78.722141	0.865741	0.014240	0.500290	0.497461	0.085362	-0.863276	-0.054999	0.996248	0.066818
3621	-136.115440	6.680890	-78.597100	0.865741	0.014240	0.500290	0.497461	0.085362	-0.863276	-0.054999	0.996248	0.066818
3622	-135.899060	6.684449	-78.472060	0.865741	0.014240	0.500290	0.497461	0.085362	-0.863276	-0.054999	0.996248	0.066818
3623	-135.682680	6.688008	-78.347019	0.865741	0.014240	0.500290	0.497461	0.085362	-0.863276	-0.054999	0.996248	0.066818
3624	-135.466299	6.691567	-78.221978	0.865741	0.014240	0.500290	0.497461	0.085362	-0.863276	-0.054999	0.996248	0.066818
3625	-135.249919	6.695126	-78.096938	0.865741	0.014240	0.500290	0.497461	0.085362	-0.863276	-0.054999	0.996248	0.066818
3626	-135.033539	6.698685	-77.971897	0.865741	0.014240	0.500290	0.497461	0.085362	-0.863276	-0.054999	0.996248	0.066818
3627	-134.817159	6.702244	-77.846856	0.865741	0.014240	0.500290	0.497461	0.085362	-0.863276	-0.054999	0.996248	0.066818
3628	-134.600778	6.705803	-77.721816	0.865741	0.014240	0.500290	0.497461	0.085362	-0.863276	-0.054999	0.996248	0.066818
3629	-134.384398	6.709362	-77.596775	0.865741	0.014240	0.500290	0.497461	0.085362	-0.863276	-0.054999	0.996248	0.066818
3630	-134.168018	6.712921	-77.471734	0.865741	0.014240	0.500290	0.497461	0.085362	-0.863276	-0.054999	0.996248	0.066818
3631	-133.951638	6.716481	-77.346694	0.865741	0.014240	0.500290	0.497461	0.085362	-0.863276	-0.054999	0.996248	0.066818
3632	-133.735258	6.720040	-77.221653	0.865741	0.014240	0.500290	0.497461	0.085362	-0.863276	-0.054999	0.996248	0.066818
3633	-133.518877	6.723599	-77.096612	0.865741	0.014240	0.500290	0.497461	0.085362	-0.863276	-0.054999	0.996248	0.066818
3634	-133.302497	6.727158	-76.971572	0.865741	0.014240	0.500290	0.497461	0.085362	-0.863276	-0.054999	0.996248	0.066818
3635	-133.086117	6.730717	-76.846531	0.865741	0.014240	0.500290	0.497461	0.085362	-0.863276	-0.054999	0.996248	0.066818
3636	-132.869737	6.734276	-76.721490	0.865741	0.014240	0.500290	0.497461	0.085362	-0.863276	-0.054999	0.996248	0.066818
3637	-132.653356	6.737835	-76.596450	0.865741	0.014240	0.500290	0.497461	0.085362	-0.863276	-0.054999	0.996248	0.066818
3638	-132.436976	6.741394	-76.471409	0.865741	0.014240	0.500290	0.497461	0.085362	-0.863276	-0.054999	0.996248	0.066818
3639	-132.220596	6.744953	-76.346368	0.865741	0.014240	0.500290	0.497461	0.085362	-0.863276	-0.054999	0.996248	0.066818
3640	-132.004216	6.748512	-76.221328	0.865741	0.014240	0.500290	0.497461	0.085362	-0.863276	-0.054999	0.996248	0.066818
3641	-131.787836	6.752071	-76.096287	0.865741	0.014240	0.500290	0.497461	0.085362	-0.863276	-0.054999	0.996248	0.066818
3642	-131.571455	6.755630	-75.971246	0.865741	0.014240	0.500290	0.497461	0.085362	-0.863276	-0.054999	0.996248	0.066818
3643	-131.355075	6.759189	-75.846206	0.865741	0.014240	0.500290	0.497461	0.085362	-0.863276	-0.054999	0.996248	0.066818
3644	-131.138695	6.762748	-75.721165	0.865741	0.014240	0.500290	0.497461	0.085362	-0.863276	-0.054999	0.996248	0.066818
3645	-130.922315	6.766307	-75.596124	0.865741	0.014240	0.500290	0.497461	0.085362	-0.863276	-0.054999	0.996248	0.066818
3646	-130.705934	6.769866	-75.471084	0.865741	0.014240	0.500290	0.497461	0.085362	-0.863276	-0.054999	0.996248	0.066818
3647	-130.489554	6.773425	-75.346043	0.865741	0.014240	0.500290	0.497461	0.085362	-0.863276	-0.054999	0.996248	0.066818
3648	-130.273174	6.776984	-75.221002	0.865741	0.014240	0.500290	0.497461	0.085362	-0.863276	-0.054999	0.996248	0.066818
3649	-130.056794	6.780543	-75.095962	0.865741	0.014240	0.500290	0.497461	0.085362	-0.863276	-0.054999	0.996248	0.066818
3650	-129.840414	6.784102	-74.970921	0.865741	0.014240	0.500290	0.497461	0.085362	-0.863276	-0.054999	0.996248	0.066818
3651	-129.624033	6.787661	-74.845880	0.865741	0.014240	0.500290	0.497461	0.085362	-0.863276	-0.054999	0.996248	0.066818
3652	-129.407653	6.791220	-74.720840	0.865741	0.014240	0.500290	0.497461	0.085362	-0.863276	-0.054999	0.996248	0.066818
3653	-129.191273	6.794779	-74.595799	0.865741	0.014240	0.500290	0.497461	0.085362	-0.863276	-0.054999	0.996248	0.066818
3654	-128.974893	6.798338	-74.470758	0.865741	0.014240	0.500290	0.497461	0.085362	-0.863276	-0.054999	0.996248	0.066818
3655	-128.758512	6.801897	-74.345717	0.865741	0.014240	0.500290	0.497461	0.085362	-0.863276	-0.054999	0.996248	0.066818
3656	-128.542132	6.805456	-74.220677	0.865741	0.014240	0.500290	0.497461	0.085362	-0.863276	-0.054999	0.996248	0.066818
3657	-128.325752	6.809015	-74.095636	0.865741	0.014240	0.500290	0.497461	0.085362	-0.863276	-0.054999	0.996248	0.066818
3658	-128.109372	6.812574	-73.970595	0.865741	0.014240	0.500290	0.497461	0.085362	-0.863276	-0.054999	0.996248	0.066818
3659	-127.892992	6.816134	-73.845555	0.865741	0.014240	0.500290	0.497461	0.085362	-0.863276	-0.054999	0.996248	0.066818
3660	-127.676611	6.819693	-73.720514	0.865741	0.014240	0.500290	0.497461	0.085362	-0.863276	-0.054999	0.996248	0.066818
3661	-127.460231	6.823252	-73.595473	0.865741	0.014240	0.500290	0.497461	0.085362	-0.863276	-0.054999	0.996248	0.066818
3662	-127.243851	6.826811	-73.470433	0.865741	0.014240	0.500290	0.497461	0.085362	-0.863276	-0.054999	0.996248	0.066818
3663	-127.027471	6.830370	-73.345392	0.865741	0.014240	0.500290	0.497461	0.085362	-0.863276	-0.054999	0.996248	0.066818
3664	-126.811090	6.833929	-73.220351	0.865741	0.014240	0.500290	0.497461	0.085362	-0.863276	-0.054999	0.996248	0.066818
3665	-126.594710	6.837488	-73.095311	0.865741	0.014240	0.500290	0.497461	0.085362	-0.863276	-0.054999	0.996248	0.066818
3666	-126.378330	6.841047	-72.970270	0.865741	0.014240	0.500290	0.497461	0.085362	-0.863276	-0.054999	0.996248	0.066818
3667	-126.161950	6.844606	-72.845229	0.865741	0.014240	0.500290	0.497461	0.085362	-0.863276	-0.054999	0.996248	0.066818
3668	-125.945570	6.848165	-72.720189	0.865741	0.014240	0.500290	0.497461	0.085362	-0.863276	-0.054999	0.996248	0.066818
3669	-125.729189	6.851724	-72.595148	0.865741	0.014240	0.500290	0.497461	0.085362	-0.863276	-0.054999	0.996248	0.066818
3670	-125.512809	6.855283	-72.470107	0.865741	0.014240	0.500290	0.497461	0.085362	-0.863276	-0.054999	0.996248	0.066818
3671	-125.296429	6.858842	-72.345067	0.865741	0.014240	0.500290	0.497461	0.085362	-0.863276	-0.054999	0.996248	0.066818
3672	-125.080049	6.862401	-72.220026	0.865741	0.014240	0.500290	0.497461	0.085362	-0.863276	-0.054999	0.996248	0.066818
3673	-124.863668	6.865960	-72.094985	0.865741	0.014240	0.500290	0.497461	0.085362	-0.863276	-0.054999	0.996248	0.066818
3674	-124.647288	6.869519	-71.969945	0.865741	0.014240	0.500290	0.497461	0.085362	-0.863276	-0.054999	0.996248	0.066818
3675	-124.430908	6.873078	-71.844904	0.865741	0.014240	0.500290	0.497461	0.085362	-0.863276	-0.054999	0.996248	0.066818
3676	-124.214528	6.876637	-71.719863	0.865741	0.014240	0.500290	0.497461	0.085362	-0.863276	-0.054999	0.996248	0.066818
3677	-123.998148	6.880196	-71.594823	0.865741	0.014240	0.500290	0.497461	0.085362	-0.863276	-0.054999	0.996248	0.066818
3678	-123.781767	6.883755	-71.469782	0.865741	0.014240	0.500290	0.497461	0.085362	-0.863276	-0.054999	0.996248	0.066818
3679	-123.565387	6.887314	-71.344741	0.865741	0.014240	0.500290	0.497461	0.085362	-0.863276	-0.054999	0.996248	0.066818
3680	-123.349007	6.890873	-71.219701	0.865741	0.014240	0.500290	0.497461	0.085362	-0.863276	-0.054999	0.996248	0.066818
3681	-123.132627	6.894432	-71.094660	0.865741	0.014240	0.500290	0.497461	0.085362	-0.863276	-0.054999	0.996248	0.066818
3682	-122.916246	6.897991	-70.969619	0.865741	0.014240	0.500290	0.497461	0.085362	-0.863276	-0.054999	0.996248	0.066818
3683	-122.699866	6.901550	-70.844579	0.865741	0.014240	0.500290	0.497461	0.085362	-0.863276	-0.054999	0.996248	0.066818
3684	-122.483486	6.905109	-70.719538	0.865741	0.014240	0.500290	0.497461	0.085362	-0.863276	-0.054999	0.996248	0.066818
3685	-122.267106	6.908668	-70.594497	0.865741	0.014240	0.500290	0.497461	0.085362	-0.863276	-0.054999	0.996248	0.066818
3686	-122.050726	6.912227	-70.469457	0.865741	0.014240	0.500290	0.497461	0.085362	-0.863276	-0.054999	0.996248	0.066818
3687	-121.834345	6.915786	-70.344416	0.865741	0.014240	0.500290	0.497461	0.085362	-0.863276	-0.054999	0.996248	0.066818
3688	-121.617965	6.919346	-70.219375	0.865741	0.014240	0.500290	0.497461	0.085362	-0.863276	-0.054999	0.996248	0.066818
3689	-121.401585	6.922905	-70.094335	0.865741	0.014240	0.500290	0.497461	0.085362	-0.863276	-0.054999	0.996248	0.066818
3690	-121.185205	6.926464	-69.969294	0.865741	0.014240	0.500290	0.497461	0.085362	-0.863276	-0.054999	0.996248	0.066818
3691	-120.968824	6.930023	-69.844253	0.865741	0.014240	0.500290	0.497461	0.085362	-0.863276	-0.054999	0.996248	0.066818
3692	-120.752444	6.933582	-69.719213	0.865741	0.014240	0.500290	0.497461	0.085362	-0.863276	-0.054999	0.996248	0.066818
3693	-120.536064	6.937141	-69.594172	0.865741	0.014240	0.500290	0.497461	0.085362	-0.863276	-0.054999	0.996248	0.066818
3694	-120.319684	6.940700	-69.469131	0.865741	0.014240	0.500290	0.497461	0.085362	-0.863276	-0.054999	0.996248	0.066818
3695	-120.103304	6.944259	-69.344091	0.865741	0.014240	0.500290	0.497461	0.085362	-0.863276	-0.054999	0.996248	0.066818
3696	-119.886923	6.947818	-69.219050	0.865741	0.014240	0.500290	0.497461	0.085362	-0.863276	-0.054999	0.996248	0.066818
3697	-119.670543	6.951377	-69.094009	0.865741	0.014240	0.500290	0.497461	0.085362	-0.863276	-0.054999	0.996248	0.066818
3698	-119.454163	6.954936	-68.968969	0.865741	0.014240	0.500290	0.497461	0.085362	-0.863276	-0.054999	0.996248	0.066818
3699	-119.237783	6.958495	-68.843928	0.865741	0.014240	0.500290	0.497461	0.085362	-0.863276	-0.054999	0.996248	0.066818
3700	-119.021402	6.962054	-68.718887	0.865741	0.014240	0.500290	0.497461	0.085362	-0.863276	-0.054999	0.996248	0.066818
3701	-118.805022	6.965613	-68.593846	0.865741	0.014240	0.500290	0.497461	0.085362	-0.863276	-0.054999	0.996248	0.066818
3702	-118.588642	6.969172	-68.468806	0.865741	0.014240	0.500290	0.497461	0.085362	-0.863276	-0.054999	0.996248	0.066818
3703	-118.372262	6.972731	-68.343765	0.865741	0.014240	0.500290	0.497461	0.085362	-0.863276	-0.054999	0.996248	0.066818
3704	-118.155882	6.976290	-68.218724	0.865741	0.014240	0.500290	0.497461	0.085362	-0.863276	-0.054999	0.996248	0.066818
3705	-117.939501	6.979849	-68.093684	0.865741	0.014240	0.500290	0.497461	0.085362	-0.863276	-0.054999	0.996248	0.066818
3706	-117.723121	6.983408	-67.968643	0.865741	0.014240	0.500290	0.497461	0.085362	-0.863276	-0.054999	0.996248	0.066818
3707	-117.506741	6.986967	-67.843602	0.865741	0.014240	0.500290	0.497461	0.085362	-0.863276	-0.054999	0.996248	0.066818
3708	-117.290361	6.990526	-67.718562	0.865741	0.014240	0.500290	0.497461	0.085362	-0.863276	-0.054999	0.996248	0.066818
3709	-117.073980	6.994085	-67.593521	0.865741	0.014240	0.500290	0.497461	0.085362	-0.863276	-0.054999	0.996248	0.066818
3710	-116.857600	6.997644	-67.468480	0.865741	0.014240	0.500290	0.497461	0.085362	-0.863276	-0.054999	0.996248	0.066818
3711	-116.641220	7.001203	-67.343440	0.865741	0.014240	0.500290	0.497461	0.085362	-0.863276	-0.054999	0.996248	0.066818
3712	-116.424840	7.004762	-67.218399	0.865741	0.014240	0.500290	0.497461	0.085362	-0.863276	-0.054999	0.996248	0.066818
3713	-116.208460	7.008321	-67.093358	0.865741	0.014240	0.500290	0.497461	0.085362	-0.863276	-0.054999	0.996248	0.066818
3714	-115.992079	7.011880	-66.968318	0.865741	0.014240	0.500290	0.497461	0.085362	-0.863276	-0.054999	0.996248	0.066818
3715	-115.775699	7.015439	-66.843277	0.865741	0.014240	0.500290	0.497461	0.085362	-0.863276	-0.054999	0.996248	0.066818
3716	-115.559319	7.018998	-66.718236	0.865741	0.014240	0.500290	0.497461	0.085362	-0.863276	-0.054999	0.996248	0.066818
3717	-115.342939	7.022558	-66.593196	0.865741	0.014240	0.500290	0.497461	0.085362	-0.863276	-0.054999	0.996248	0.066818
3718	-115.126558	7.026117	-66.468155	0.865741	0.014240	0.500290	0.497461	0.085362	-0.863276	-0.054999	0.996248	0.066818
3719	-114.910178	7.029676	-66.343114	0.865741	0.014240	0.500290	0.497461	0.085362	-0.863276	-0.054999	0.996248	0.066818
3720	-114.693798	7.033235	-66.218074	0.865741	0.014240	0.500290	0.497461	0.085362	-0.863276	-0.054999	0.996248	0.066818
3721	-114.477418	7.036794	-66.093033	0.865741	0.014240	0.500290	0.497461	0.085362	-0.863276	-0.054999	0.996248	0.066818
3722	-114.261038	7.040353	-65.967992	0.865741	0.014240	0.500290	0.497461	0.085362	-0.863276	-0.054999	0.996248	0.066818
3723	-114.044657	7.043912	-65.842952	0.865741	0.014240	0.500290	0.497461	0.085362	-0.863276	-0.054999	0.996248	0.066818
3724	-113.828277	7.047471	-65.717911	0.865741	0.014240	0.500290	0.497461	0.085362	-0.863276	-0.054999	0.996248	0.066818
3725	-113.611897	7.051030	-65.592870	0.865741	0.014240	0.500290	0.497461	0.085362	-0.863276	-0.054999	0.996248	0.066818
3726	-113.395517	7.054589	-65.467830	0.865741	0.014240	0.500290	0.497461	0.085362	-0.863276	-0.054999	0.996248	0.066818
3727	-113.179136	7.058148	-65.342789	0.865741	0.014240	0.500290	0.497461	0.085362	-0.863276	-0.054999	0.996248	0.066818
3728	-112.962756	7.061707	-65.217748	0.865741	0.014240	0.500290	0.497461	0.085362	-0.863276	-0.054999	0.996248	0.066818
3729	-112.746376	7.065266	-65.092708	0.865741	0.014240	0.500290	0.497461	0.085362	-0.863276	-0.054999	0.996248	0.066818
3730	-112.529996	7.068825	-64.967667	0.865741	0.014240	0.500290	0.497461	0.085362	-0.863276	-0.054999	0.996248	0.066818
3731	-112.313616	7.072384	-64.842626	0.865741	0.014240	0.500290	0.497461	0.085362	-0.863276	-0.054999	0.996248	0.066818
3732	-112.097235	7.075943	-64.717586	0.865741	0.014240	0.500290	0.497461	0.085362	-0.863276	-0.054999	0.996248	0.066818
3733	-111.880855	7.079502	-64.592545	0.865741	0.014240	0.500290	0.497461	0.085362	-0.863276	-0.054999	0.996248	0.066818
3734	-111.664475	7.083061	-64.467504	0.865741	0.014240	0.500290	0.497461	0.085362	-0.863276	-0.054999	0.996248	0.066818
3735	-111.448095	7.086620	-64.342464	0.865741	0.014240	0.500290	0.497461	0.085362	-0.863276	-0.054999	0.996248	0.066818
3736	-111.231714	7.090179	-64.217423	0.865741	0.014240	0.500290	0.497461	0.085362	-0.863276	-0.054999	0.996248	0.066818
3737	-111.015334	7.093738	-64.092382	0.865741	0.014240	0.500290	0.497461	0.085362	-0.863276	-0.054999	0.996248	0.066818
3738	-110.798954	7.097297	-63.967342	0.865741	0.014240	0.500290	0.497461	0.085362	-0.863276	-0.054999	0.996248	0.066818
3739	-110.582574	7.100856	-63.842301	0.865741	0.014240	0.500290	0.497461	0.085362	-0.863276	-0.054999	0.996248	0.066818
3740	-110.366193	7.104415	-63.717260	0.865741	0.014240	0.500290	0.497461	0.085362	-0.863276	-0.054999	0.996248	0.066818
3741	-110.149813	7.107974	-63.592220	0.865741	0.014240	0.500290	0.497461	0.085362	-0.863276	-0.054999	0.996248	0.066818
3742	-109.933433	7.111533	-63.467179	0.865741	0.014240	0.500290	0.497461	0.085362	-0.863276	-0.054999	0.996248	0.066818
3743	-109.717053	7.115092	-63.342138	0.865741	0.014240	0.500290	0.497461	0.085362	-0.863276	-0.054999	0.996248	0.066818
3744	-109.500673	7.118651	-63.217098	0.865741	0.014240	0.500290	0.497461	0.085362	-0.863276	-0.054999	0.996248	0.066818
3745	-109.284292	7.122211	-63.092057	0.865741	0.014240	0.500290	0.497461	0.085362	-0.863276	-0.054999	0.996248	0.066818
3746	-109.067912	7.125770	-62.967016	0.865741	0.014240	0.500290	0.497461	0.085362	-0.863276	-0.054999	0.996248	0.066818
3747	-108.851532	7.129329	-62.841975	0.865741	0.014240	0.500290	0.497461	0.085362	-0.863276	-0.054999	0.996248	0.066818
3748	-108.635152	7.132888	-62.716935	0.865741	0.014240	0.500290	0.497461	0.085362	-0.863276	-0.054999	0.996248	0.066818
3749	-108.418771	7.136447	-62.591894	0.865741	0.014240	0.500290	0.497461	0.085362	-0.863276	-0.054999	0.996248	0.066818
3750	-108.202391	7.140006	-62.466853	0.865741	0.014240	0.500290	0.497461	0.085362	-0.863276	-0.054999	0.996248	0.066818
3751	-107.986011	7.143565	-62.341813	0.865741	0.014240	0.500290	0.497461	0.085362	-0.863276	-0.054999	0.996248	0.066818
3752	-107.769631	7.147124	-62.216772	0.865741	0.014240	0.500290	0.497461	0.085362	-0.863276	-0.054999	0.996248	0.066818
3753	-107.553251	7.150683	-62.091731	0.865741	0.014240	0.500290	0.497461	0.085362	-0.863276	-0.054999	0.996248	0.066818
3754	-107.336870	7.154242	-61.966691	0.865741	0.014240	0.500290	0.497461	0.085362	-0.863276	-0.054999	0.996248	0.066818
3755	-107.120490	7.157801	-61.841650	0.865741	0.014240	0.500290	0.497461	0.085362	-0.863276	-0.054999	0.996248	0.066818
3756	-106.904110	7.161360	-61.716609	0.865741	0.014240	0.500290	0.497461	0.085362	-0.863276	-0.054999	0.996248	0.066818
3757	-106.687730	7.164919	-61.591569	0.865741	0.014240	0.500290	0.497461	0.085362	-0.863276	-0.054999	0.996248	0.066818
3758	-106.471349	7.168478	-61.466528	0.865741	0.014240	0.500290	0.497461	0.085362	-0.863276	-0.054999	0.996248	0.066818
3759	-106.254969	7.172037	-61.341487	0.865741	0.014240	0.500290	0.497461	0.085362	-0.863276	-0.054999	0.996248	0.066818
3760	-106.038589	7.175596	-61.216447	0.865741	0.014240	0.500290	0.497461	0.085362	-0.863276	-0.054999	0.996248	0.066818
3761	-105.822209	7.179155	-61.091406	0.865741	0.014240	0.500290	0.497461	0.085362	-0.863276	-0.054999	0.996248	0.066818
3762	-105.605829	7.182714	-60.966365	0.865741	0.014240	0.500290	0.497461	0.085362	-0.863276	-0.054999	0.996248	0.066818
3763	-105.389448	7.186273	-60.841325	0.865741	0.014240	0.500290	0.497461	0.085362	-0.863276	-0.054999	0.996248	0.066818
3764	-105.173068	7.189832	-60.716284	0.865741	0.014240	0.500290	0.497461	0.085362	-0.863276	-0.054999	0.996248	0.066818
3765	-104.956688	7.193391	-60.591243	0.865741	0.014240	0.500290	0.497461	0.085362	-0.863276	-0.054999	0.996248	0.066818
3766	-104.740308	7.196950	-60.466203	0.865741	0.014240	0.500290	0.497461	0.085362	-0.863276	-0.054999	0.996248	0.066818
3767	-104.523927	7.200509	-60.341162	0.865741	0.014240	0.500290	0.497461	0.085362	-0.863276	-0.054999	0.996248	0.066818
3768	-104.307547	7.204068	-60.216121	0.865741	0.014240	0.500290	0.497461	0.085362	-0.863276	-0.054999	0.996248	0.066818
3769	-104.091167	7.207627	-60.091081	0.865741	0.014240	0.500290	0.497461	0.085362	-0.863276	-0.054999	0.996248	0.066818
3770	-103.874787	7.211186	-59.966040	0.865741	0.014240	0.500290	0.497461	0.085362	-0.863276	-0.054999	0.996248	0.066818
3771	-103.658407	7.214745	-59.840999	0.865741	0.014240	0.500290	0.497461	0.085362	-0.863276	-0.054999	0.996248	0.066818
3772	-103.442026	7.218304	-59.715959	0.865741	0.014240	0.500290	0.497461	0.085362	-0.863276	-0.054999	0.996248	0.066818
3773	-103.225646	7.221863	-59.590918	0.865741	0.014240	0.500290	0.497461	0.085362	-0.863276	-0.054999	0.996248	0.066818
3774	-103.009266	7.225423	-59.465877	0.865741	0.014240	0.500290	0.497461	0.085362	-0.863276	-0.054999	0.996248	0.066818
3775	-102.792886	7.228982	-59.340837	0.865741	0.014240	0.500290	0.497461	0.085362	-0.863276	-0.054999	0.996248	0.066818
3776	-102.576505	7.232541	-59.215796	0.865741	0.014240	0.500290	0.497461	0.085362	-0.863276	-0.054999	0.996248	0.066818
3777	-102.360125	7.236100	-59.090755	0.865741	0.014240	0.500290	0.497461	0.085362	-0.863276	-0.054999	0.996248	0.066818
3778	-102.143745	7.239659	-58.965715	0.865741	0.014240	0.500290	0.497461	0.085362	-0.863276	-0.054999	0.996248	0.066818
3779	-101.927365	7.243218	-58.840674	0.865741	0.014240	0.500290	0.497461	0.085362	-0.863276	-0.054999	0.996248	0.066818
3780	-101.710985	7.246777	-58.715633	0.865741	0.014240	0.500290	0.497461	0.085362	-0.863276	-0.054999	0.996248	0.066818
3781	-101.494604	7.250336	-58.590593	0.865741	0.014240	0.500290	0.497461	0.085362	-0.863276	-0.054999	0.996248	0.066818
3782	-101.278224	7.253895	-58.465552	0.865741	0.014240	0.500290	0.497461	0.085362	-0.863276	-0.054999	0.996248	0.066818
3783	-101.061844	7.257454	-58.340511	0.865741	0.014240	0.500290	0.497461	0.085362	-0.863276	-0.054999	0.996248	0.066818
3784	-100.845464	7.261013	-58.215471	0.865741	0.014240	0.500290	0.497461	0.085362	-0.863276	-0.054999	0.996248	0.066818
3785	-100.629083	7.264572	-58.090430	0.865741	0.014240	0.500290	0.497461	0.085362	-0.863276	-0.054999	0.996248	0.066818
3786	-100.412703	7.268131	-57.965389	0.865741	0.014240	0.500290	0.497461	0.085362	-0.863276	-0.054999	0.996248	0.066818
3787	-100.196323	7.271690	-57.840349	0.865741	0.014240	0.500290	0.497461	0.085362	-0.863276	-0.054999	0.996248	0.066818
3788	-99.979943	7.275249	-57.715308	0.865741	0.014240	0.500290	0.497461	0.085362	-0.863276	-0.054999	0.996248	0.066818
3789	-99.763563	7.278808	-57.590267	0.865741	0.014240	0.500290	0.497461	0.085362	-0.863276	-0.054999	0.996248	0.066818
3790	-99.547182	7.282367	-57.465227	0.865741	0.014240	0.500290	0.497461	0.085362	-0.863276	-0.054999	0.996248	0.066818
3791	-99.330802	7.285926	-57.340186	0.865741	0.014240	0.500290	0.497461	0.085362	-0.863276	-0.054999	0.996248	0.066818
3792	-99.114422	7.289485	-57.215145	0.865741	0.014240	0.500290	0.497461	0.085362	-0.863276	-0.054999	0.996248	0.066818
3793	-98.898042	7.293044	-57.090104	0.865741	0.014240	0.500290	0.497461	0.085362	-0.863276	-0.054999	0.996248	0.066818
3794	-98.681661	7.296603	-56.965064	0.865741	0.014240	0.500290	0.497461	0.085362	-0.863276	-0.054999	0.996248	0.066818
3795	-98.465281	7.300162	-56.840023	0.865741	0.014240	0.500290	0.497461	0.085362	-0.863276	-0.054999	0.996248	0.066818
3796	-98.248901	7.303721	-56.714982	0.865741	0.014240	0.500290	0.497461	0.085362	-0.863276	-0.054999	0.996248	0.066818
3797	-98.032521	7.307280	-56.589942	0.865741	0.014240	0.500290	0.497461	0.085362	-0.863276	-0.054999	0.996248	0.066818
3798	-97.816141	7.310839	-56.464901	0.865741	0.014240	0.500290	0.497461	0.085362	-0.863276	-0.054999	0.996248	0.066818
3799	-97.599760	7.314398	-56.339860	0.865741	0.014240	0.500290	0.497461	0.085362	-0.863276	-0.054999	0.996248	0.066818
3800	-97.383380	7.317957	-56.214820	0.865741	0.014240	0.500290	0.497461	0.085362	-0.863276	-0.054999	0.996248	0.066818
3801	-97.167000	7.321516	-56.089779	0.865741	0.014240	0.500290	0.497461	0.085362	-0.863276	-0.054999	0.996248	0.066818
3802	-96.950620	7.325075	-55.964738	0.865741	0.014240	0.500290	0.497461	0.085362	-0.863276	-0.054999	0.996248	0.066818
3803	-96.734239	7.328635	-55.839698	0.865741	0.014240	0.500290	0.497461	0.085362	-0.863276	-0.054999	0.996248	0.066818
3804	-96.517859	7.332194	-55.714657	0.865741	0.014240	0.500290	0.497461	0.085362	-0.863276	-0.054999	0.996248	0.066818
3805	-96.301479	7.335753	-55.589616	0.865741	0.014240	0.500290	0.497461	0.085362	-0.863276	-0.054999	0.996248	0.066818
3806	-96.085099	7.339312	-55.464576	0.865741	0.014240	0.500290	0.497461	0.085362	-0.863276	-0.054999	0.996248	0.066818
3807	-95.868719	7.342871	-55.339535	0.865741	0.014240	0.500290	0.497461	0.085362	-0.863276	-0.054999	0.996248	0.066818
3808	-95.652338	7.346430	-55.214494	0.865741	0.014240	0.500290	0.497461	0.085362	-0.863276	-0.054999	0.996248	0.066818
3809	-95.435958	7.349989	-55.089454	0.865741	0.014240	0.500290	0.497461	0.085362	-0.863276	-0.054999	0.996248	0.066818
3810	-95.219578	7.353548	-54.964413	0.865741	0.014240	0.500290	0.497461	0.085362	-0.863276	-0.054999	0.996248	0.066818
3811	-95.003198	7.357107	-54.839372	0.865741	0.014240	0.500290	0.497461	0.085362	-0.863276	-0.054999	0.996248	0.066818
3812	-94.786817	7.360666	-54.714332	0.865741	0.014240	0.500290	0.497461	0.085362	-0.863276	-0.054999	0.996248	0.066818
3813	-94.570437	7.364225	-54.589291	0.865741	0.014240	0.500290	0.497461	0.085362	-0.863276	-0.054999	0.996248	0.066818
3814	-94.354057	7.367784	-54.464250	0.865741	0.014240	0.500290	0.497461	0.085362	-0.863276	-0.054999	0.996248	0.066818
3815	-94.137677	7.371343	-54.339210	0.865741	0.014240	0.500290	0.497461	0.085362	-0.863276	-0.054999	0.996248	0.066818
3816	-93.921297	7.374902	-54.214169	0.865741	0.014240	0.500290	0.497461	0.085362	-0.863276	-0.054999	0.996248	0.066818
3817	-93.704916	7.378461	-54.089128	0.865741	0.014240	0.500290	0.497461	0.085362	-0.863276	-0.054999	0.996248	0.066818
3818	-93.488536	7.382020	-53.964088	0.865741	0.014240	0.500290	0.497461	0.085362	-0.863276	-0.054999	0.996248	0.066818
3819	-93.272156	7.385579	-53.839047	0.865741	0.014240	0.500290	0.497461	0.085362	-0.863276	-0.054999	0.996248	0.066818
3820	-93.055776	7.389138	-53.714006	0.865741	0.014240	0.500290	0.497461	0.085362	-0.863276	-0.054999	0.996248	0.066818
3821	-92.839395	7.392697	-53.588966	0.865741	0.014240	0.500290	0.497461	0.085362	-0.863276	-0.054999	0.996248	0.066818
3822	-92.623015	7.396256	-53.463925	0.865741	0.014240	0.500290	0.497461	0.085362	-0.863276	-0.054999	0.996248	0.066818
3823	-92.406635	7.399815	-53.338884	0.865741	0.014240	0.500290	0.497461	0.085362	-0.863276	-0.054999	0.996248	0.066818
3824	-92.190255	7.403374	-53.213844	0.865741	0.014240	0.500290	0.497461	0.085362	-0.863276	-0.054999	0.996248	0.066818
3825	-91.973875	7.406933	-53.088803	0.865741	0.014240	0.500290	0.497461	0.085362	-0.863276	-0.054999	0.996248	0.066818
3826	-91.757494	7.410492	-52.963762	0.865741	0.014240	0.500290	0.497461	0.085362	-0.863276	-0.054999	0.996248	0.066818
3827	-91.541114	7.414051	-52.838722	0.865741	0.014240	0.500290	0.497461	0.085362	-0.863276	-0.054999	0.996248	0.066818
3828	-91.324734	7.417610	-52.713681	0.865741	0.014240	0.500290	0.497461	0.085362	-0.863276	-0.054999	0.996248	0.066818
3829	-91.108354	7.421169	-52.588640	0.865741	0.014240	0.500290	0.497461	0.085362	-0.863276	-0.054999	0.996248	0.066818
3830	-90.891973	7.424728	-52.463600	0.865741	0.014240	0.500290	0.497461	0.085362	-0.863276	-0.054999	0.996248	0.066818
3831	-90.675593	7.428288	-52.338559	0.865741	0.014240	0.500290	0.497461	0.085362	-0.863276	-0.054999	0.996248	0.066818
3832	-90.459213	7.431847	-52.213518	0.865741	0.014240	0.500290	0.497461	0.085362	-0.863276	-0.054999	0.996248	0.066818
3833	-90.242833	7.435406	-52.088478	0.865741	0.014240	0.500290	0.497461	0.085362	-0.863276	-0.054999	0.996248	0.066818
3834	-90.026453	7.438965	-51.963437	0.865741	0.014240	0.500290	0.497461	0.085362	-0.863276	-0.054999	0.996248	0.066818
3835	-89.810072	7.442524	-51.838396	0.865741	0.014240	0.500290	0.497461	0.085362	-0.863276	-0.054999	0.996248	0.066818
3836	-89.593692	7.446083	-51.713355	0.865741	0.014240	0.500290	0.497461	0.085362	-0.863276	-0.054999	0.996248	0.066818
3837	-89.377312	7.449642	-51.588315	0.865741	0.014240	0.500290	0.497461	0.085362	-0.863276	-0.054999	0.996248	0.066818
3838	-89.160932	7.453201	-51.463274	0.865741	0.014240	0.500290	0.497461	0.085362	-0.863276	-0.054999	0.996248	0.066818
3839	-88.944551	7.456760	-51.338233	0.865741	0.014240	0.500290	0.497461	0.085362	-0.863276	-0.054999	0.996248	0.066818
3840	-88.728171	7.460319	-51.213193	0.865741	0.014240	0.500290	0.497461	0.085362	-0.863276	-0.054999	0.996248	0.066818
3841	-88.511791	7.463878	-51.088152	0.865741	0.014240	0.500290	0.497461	0.085362	-0.863276	-0.054999	0.996248	0.066818
3842	-88.295411	7.467437	-50.963111	0.865741	0.014240	0.500290	0.497461	0.085362	-0.863276	-0.054999	0.996248	0.066818
3843	-88.079031	7.470996	-50.838071	0.865741	0.014240	0.500290	0.497461	0.085362	-0.863276	-0.054999	0.996248	0.066818
3844	-87.862650	7.474555	-50.713030	0.865741	0.014240	0.500290	0.497461	0.085362	-0.863276	-0.054999	0.996248	0.066818
3845	-87.646270	7.478114	-50.587989	0.865741	0.014240	0.500290	0.497461	0.085362	-0.863276	-0.054999	0.996248	0.066818
3846	-87.429890	7.481673	-50.462949	0.865741	0.014240	0.500290	0.497461	0.085362	-0.863276	-0.054999	0.996248	0.066818
3847	-87.213510	7.485232	-50.337908	0.865741	0.014240	0.500290	0.497461	0.085362	-0.863276	-0.054999	0.996248	0.066818
3848	-86.997129	7.488791	-50.212867	0.865741	0.014240	0.500290	0.497461	0.085362	-0.863276	-0.054999	0.996248	0.066818
3849	-86.780749	7.492350	-50.087827	0.865741	0.014240	0.500290	0.497461	0.085362	-0.863276	-0.054999	0.996248	0.066818
3850	-86.564369	7.495909	-49.962786	0.865741	0.014240	0.500290	0.497461	0.085362	-0.863276	-0.054999	0.996248	0.066818
3851	-86.347989	7.499468	-49.837745	0.865741	0.014240	0.500290	0.497461	0.085362	-0.863276	-0.054999	0.996248	0.066818
3852	-86.131609	7.503027	-49.712705	0.865741	0.014240	0.500290	0.497461	0.085362	-0.863276	-0.054999	0.996248	0.066818
3853	-85.915228	7.506586	-49.587664	0.865741	0.014240	0.500290	0.497461	0.085362	-0.863276	-0.054999	0.996248	0.066818
3854	-85.698848	7.510145	-49.462623	0.865741	0.014240	0.500290	0.497461	0.085362	-0.863276	-0.054999	0.996248	0.066818
3855	-85.482468	7.513704	-49.337583	0.865741	0.014240	0.500290	0.497461	0.085362	-0.863276	-0.054999	0.996248	0.066818
3856	-85.266088	7.517263	-49.212542	0.865741	0.014240	0.500290	0.497461	0.085362	-0.863276	-0.054999	0.996248	0.066818
3857	-85.049707	7.520822	-49.087501	0.865741	0.014240	0.500290	0.497461	0.085362	-0.863276	-0.054999	0.996248	0.066818
3858	-84.833327	7.524381	-48.962461	0.865741	0.014240	0.500290	0.497461	0.085362	-0.863276	-0.054999	0.996248	0.066818
3859	-84.616947	7.527940	-48.837420	0.865741	0.014240	0.500290	0.497461	0.085362	-0.863276	-0.054999	0.996248	0.066818
3860	-84.400567	7.531500	-48.712379	0.865741	0.014240	0.500290	0.497461	0.085362	-0.863276	-0.054999	0.996248	0.066818
3861	-84.184187	7.535059	-48.587339	0.865741	0.014240	0.500290	0.497461	0.085362	-0.863276	-0.054999	0.996248	0.066818
3862	-83.967806	7.538618	-48.462298	0.865741	0.014240	0.500290	0.497461	0.085362	-0.863276	-0.054999	0.996248	0.066818
3863	-83.751426	7.542177	-48.337257	0.865741	0.014240	0.500290	0.497461	0.085362	-0.863276	-0.054999	0.996248	0.066818
3864	-83.535046	7.545736	-48.212217	0.865741	0.014240	0.500290	0.497461	0.085362	-0.863276	-0.054999	0.996248	0.066818
3865	-83.318666	7.549295	-48.087176	0.865741	0.014240	0.500290	0.497461	0.085362	-0.863276	-0.054999	0.996248	0.066818
3866	-83.102285	7.552854	-47.962135	0.865741	0.014240	0.500290	0.497461	0.085362	-0.863276	-0.054999	0.996248	0.066818
3867	-82.885905	7.556413	-47.837095	0.865741	0.014240	0.500290	0.497461	0.085362	-0.863276	-0.054999	0.996248	0.066818
3868	-82.669525	7.559972	-47.712054	0.865741	0.014240	0.500290	0.497461	0.085362	-0.863276	-0.054999	0.996248	0.066818
3869	-82.453145	7.563531	-47.587013	0.865741	0.014240	0.500290	0.497461	0.085362	-0.863276	-0.054999	0.996248	0.066818
3870	-82.236764	7.567090	-47.461973	0.865741	0.014240	0.500290	0.497461	0.085362	-0.863276	-0.054999	0.996248	0.066818
3871	-82.020384	7.570649	-47.336932	0.865741	0.014240	0.500290	0.497461	0.085362	-0.863276	-0.054999	0.996248	0.066818
3872	-81.804004	7.574208	-47.211891	0.865741	0.014240	0.500290	0.497461	0.085362	-0.863276	-0.054999	0.996248	0.066818
3873	-81.587624	7.577767	-47.086851	0.865741	0.014240	0.500290	0.497461	0.085362	-0.863276	-0.054999	0.996248	0.066818
3874	-81.371244	7.581326	-46.961810	0.865741	0.014240	0.500290	0.497461	0.085362	-0.863276	-0.054999	0.996248	0.066818
3875	-81.154863	7.584885	-46.836769	0.865741	0.014240	0.500290	0.497461	0.085362	-0.863276	-0.054999	0.996248	0.066818
3876	-80.938483	7.588444	-46.711729	0.865741	0.014240	0.500290	0.497461	0.085362	-0.863276	-0.054999	0.996248	0.066818
3877	-80.722103	7.592003	-46.586688	0.865741	0.014240	0.500290	0.497461	0.085362	-0.863276	-0.054999	0.996248	0.066818
3878	-80.505723	7.595562	-46.461647	0.865741	0.014240	0.500290	0.497461	0.085362	-0.863276	-0.054999	0.996248	0.066818
3879	-80.289342	7.599121	-46.336607	0.865741	0.014240	0.500290	0.497461	0.085362	-0.863276	-0.054999	0.996248	0.066818
3880	-80.072962	7.602680	-46.211566	0.865741	0.014240	0.500290	0.497461	0.085362	-0.863276	-0.054999	0.996248	0.066818
3881	-79.856582	7.606239	-46.086525	0.865741	0.014240	0.500290	0.497461	0.085362	-0.863276	-0.054999	0.996248	0.066818
3882	-79.640202	7.609798	-45.961484	0.865741	0.014240	0.500290	0.497461	0.085362	-0.863276	-0.054999	0.996248	0.066818
3883	-79.423822	7.613357	-45.836444	0.865741	0.014240	0.500290	0.497461	0.085362	-0.863276	-0.054999	0.996248	0.066818
3884	-79.207441	7.616916	-45.711403	0.865741	0.014240	0.500290	0.497461	0.085362	-0.863276	-0.054999	0.996248	0.066818
3885	-78.991061	7.620475	-45.586362	0.865741	0.014240	0.500290	0.497461	0.085362	-0.863276	-0.054999	0.996248	0.066818
3886	-78.774681	7.624034	-45.461322	0.865741	0.014240	0.500290	0.497461	0.085362	-0.863276	-0.054999	0.996248	0.066818
3887	-78.558301	7.627593	-45.336281	0.865741	0.014240	0.500290	0.497461	0.085362	-0.863276	-0.054999	0.996248	0.066818
3888	-78.341920	7.631152	-45.211240	0.865741	0.014240	0.500290	0.497461	0.085362	-0.863276	-0.054999	0.996248	0.066818
3889	-78.125540	7.634712	-45.086200	0.865741	0.014240	0.500290	0.497461	0.085362	-0.863276	-0.054999	0.996248	0.066818
3890	-77.909160	7.638271	-44.961159	0.865741	0.014240	0.500290	0.497461	0.085362	-0.863276	-0.054999	0.996248	0.066818
3891	-77.692780	7.641830	-44.836118	0.865741	0.014240	0.500290	0.497461	0.085362	-0.863276	-0.054999	0.996248	0.066818
3892	-77.476400	7.645389	-44.711078	0.865741	0.014240	0.500290	0.497461	0.085362	-0.863276	-0.054999	0.996248	0.066818
3893	-77.260019	7.648948	-44.586037	0.865741	0.014240	0.500290	0.497461	0.085362	-0.863276	-0.054999	0.996248	0.066818
3894	-77.043639	7.652507	-44.460996	0.865741	0.014240	0.500290	0.497461	0.085362	-0.863276	-0.054999	0.996248	0.066818
3895	-76.827259	7.656066	-44.335956	0.865741	0.014240	0.500290	0.497461	0.085362	-0.863276	-0.054999	0.996248	0.066818
3896	-76.610879	7.659625	-44.210915	0.865741	0.014240	0.500290	0.497461	0.085362	-0.863276	-0.054999	0.996248	0.066818
3897	-76.394498	7.663184	-44.085874	0.865741	0.014240	0.500290	0.497461	0.085362	-0.863276	-0.054999	0.996248	0.066818
3898	-76.178118	7.666743	-43.960834	0.865741	0.014240	0.500290	0.497461	0.085362	-0.863276	-0.054999	0.996248	0.066818
3899	-75.961738	7.670302	-43.835793	0.865741	0.014240	0.500290	0.497461	0.085362	-0.863276	-0.054999	0.996248	0.066818
3900	-75.745358	7.673861	-43.710752	0.865741	0.014240	0.500290	0.497461	0.085362	-0.863276	-0.054999	0.996248	0.066818
3901	-75.528978	7.677420	-43.585712	0.865741	0.014240	0.500290	0.497461	0.085362	-0.863276	-0.054999	0.996248	0.066818
3902	-75.312597	7.680979	-43.460671	0.865741	0.014240	0.500290	0.497461	0.085362	-0.863276	-0.054999	0.996248	0.066818
3903	-75.096217	7.684538	-43.335630	0.865741	0.014240	0.500290	0.497461	0.085362	-0.863276	-0.054999	0.996248	0.066818
3904	-74.879837	7.688097	-43.210590	0.865741	0.014240	0.500290	0.497461	0.085362	-0.863276	-0.054999	0.996248	0.066818
3905	-74.663457	7.691656	-43.085549	0.865741	0.014240	0.500290	0.497461	0.085362	-0.863276	-0.054999	0.996248	0.066818
3906	-74.447076	7.695215	-42.960508	0.865741	0.014240	0.500290	0.497461	0.085362	-0.863276	-0.054999	0.996248	0.066818
3907	-74.230696	7.698774	-42.835468	0.865741	0.014240	0.500290	0.497461	0.085362	-0.863276	-0.054999	0.996248	0.066818
3908	-74.014316	7.702333	-42.710427	0.865741	0.014240	0.500290	0.497461	0.085362	-0.863276	-0.054999	0.996248	0.066818
3909	-73.797936	7.705892	-42.585386	0.865741	0.014240	0.500290	0.497461	0.085362	-0.863276	-0.054999	0.996248	0.066818
3910	-73.581556	7.709451	-42.460346	0.865741	0.014240	0.500290	0.497461	0.085362	-0.863276	-0.054999	0.996248	0.066818
3911	-73.365175	7.713010	-42.335305	0.865741	0.014240	0.500290	0.497461	0.085362	-0.863276	-0.054999	0.996248	0.066818
3912	-73.148795	7.716569	-42.210264	0.865741	0.014240	0.500290	0.497461	0.085362	-0.863276	-0.054999	0.996248	0.066818
3913	-72.932415	7.720128	-42.085224	0.865741	0.014240	0.500290	0.497461	0.085362	-0.863276	-0.054999	0.996248	0.066818
3914	-72.716035	7.723687	-41.960183	0.865741	0.014240	0.500290	0.497461	0.085362	-0.863276	-0.054999	0.996248	0.066818
3915	-72.499654	7.727246	-41.835142	0.865741	0.014240	0.500290	0.497461	0.085362	-0.863276	-0.054999	0.996248	0.066818
3916	-72.283274	7.730805	-41.710102	0.865741	0.014240	0.500290	0.497461	0.085362	-0.863276	-0.054999	0.996248	0.066818
3917	-72.066894	7.734365	-41.585061	0.865741	0.014240	0.500290	0.497461	0.085362	-0.863276	-0.054999	0.996248	0.066818
3918	-71.850514	7.737924	-41.460020	0.865741	0.014240	0.500290	0.497461	0.085362	-0.863276	-0.054999	0.996248	0.066818
3919	-71.634134	7.741483	-41.334980	0.865741	0.014240	0.500290	0.497461	0.085362	-0.863276	-0.054999	0.996248	0.066818
3920	-71.417753	7.745042	-41.209939	0.865741	0.014240	0.500290	0.497461	0.085362	-0.863276	-0.054999	0.996248	0.066818
3921	-71.201373	7.748601	-41.084898	0.865741	0.014240	0.500290	0.497461	0.085362	-0.863276	-0.054999	0.996248	0.066818
3922	-70.984993	7.752160	-40.959858	0.865741	0.014240	0.500290	0.497461	0.085362	-0.863276	-0.054999	0.996248	0.066818
3923	-70.768613	7.755719	-40.834817	0.865741	0.014240	0.500290	0.497461	0.085362	-0.863276	-0.054999	0.996248	0.066818
3924	-70.552232	7.759278	-40.709776	0.865741	0.014240	0.500290	0.497461	0.085362	-0.863276	-0.054999	0.996248	0.066818
3925	-70.335852	7.762837	-40.584736	0.865741	0.014240	0.500290	0.497461	0.085362	-0.863276	-0.054999	0.996248	0.066818
3926	-70.119472	7.766396	-40.459695	0.865741	0.014240	0.500290	0.497461	0.085362	-0.863276	-0.054999	0.996248	0.066818
3927	-69.903092	7.769955	-40.334654	0.865741	0.014240	0.500290	0.497461	0.085362	-0.863276	-0.054999	0.996248	0.066818
3928	-69.686712	7.773514	-40.209613	0.865741	0.014240	0.500290	0.497461	0.085362	-0.863276	-0.054999	0.996248	0.066818
3929	-69.470331	7.777073	-40.084573	0.865741	0.014240	0.500290	0.497461	0.085362	-0.863276	-0.054999	0.996248	0.066818
3930	-69.253951	7.780632	-39.959532	0.865741	0.014240	0.500290	0.497461	0.085362	-0.863276	-0.054999	0.996248	0.066818
3931	-69.037571	7.784191	-39.834491	0.865741	0.014240	0.500290	0.497461	0.085362	-0.863276	-0.054999	0.996248	0.066818
3932	-68.821191	7.787750	-39.709451	0.865741	0.014240	0.500290	0.497461	0.085362	-0.863276	-0.054999	0.996248	0.066818
3933	-68.604810	7.791309	-39.584410	0.865741	0.014240	0.500290	0.497461	0.085362	-0.863276	-0.054999	0.996248	0.066818
3934	-68.388430	7.794868	-39.459369	0.865741	0.014240	0.500290	0.497461	0.085362	-0.863276	-0.054999	0.996248	0.066818
3935	-68.172050	7.798427	-39.334329	0.865741	0.014240	0.500290	0.497461	0.085362	-0.863276	-0.054999	0.996248	0.066818
3936	-67.955670	7.801986	-39.209288	0.865741	0.014240	0.500290	0.497461	0.085362	-0.863276	-0.054999	0.996248	0.066818
3937	-67.739290	7.805545	-39.084247	0.865741	0.014240	0.500290	0.497461	0.085362	-0.863276	-0.054999	0.996248	0.066818
3938	-67.522909	7.809104	-38.959207	0.865741	0.014240	0.500290	0.497461	0.085362	-0.863276	-0.054999	0.996248	0.066818
3939	-67.306529	7.812663	-38.834166	0.865741	0.014240	0.500290	0.497461	0.085362	-0.863276	-0.054999	0.996248	0.066818
3940	-67.090149	7.816222	-38.709125	0.865741	0.014240	0.500290	0.497461	0.085362	-0.863276	-0.054999	0.996248	0.066818
3941	-66.873769	7.819781	-38.584085	0.865741	0.014240	0.500290	0.497461	0.085362	-0.863276	-0.054999	0.996248	0.066818
3942	-66.657388	7.823340	-38.459044	0.865741	0.014240	0.500290	0.497461	0.085362	-0.863276	-0.054999	0.996248	0.066818
3943	-66.441008	7.826899	-38.334003	0.865741	0.014240	0.500290	0.497461	0.085362	-0.863276	-0.054999	0.996248	0.066818
3944	-66.224628	7.830458	-38.208963	0.865741	0.014240	0.500290	0.497461	0.085362	-0.863276	-0.054999	0.996248	0.066818
3945	-66.008248	7.834017	-38.083922	0.865741	0.014240	0.500290	0.497461	0.085362	-0.863276	-0.054999	0.996248	0.066818
3946	-65.791868	7.837577	-37.958881	0.865741	0.014240	0.500290	0.497461	0.085362	-0.863276	-0.054999	0.996248	0.066818
3947	-65.575487	7.841136	-37.833841	0.865741	0.014240	0.500290	0.497461	0.085362	-0.863276	-0.054999	0.996248	0.066818
3948	-65.359107	7.844695	-37.708800	0.865741	0.014240	0.500290	0.497461	0.085362	-0.863276	-0.054999	0.996248	0.066818
3949	-65.142727	7.848254	-37.583759	0.865741	0.014240	0.500290	0.497461	0.085362	-0.863276	-0.054999	0.996248	0.066818
3950	-64.926347	7.851813	-37.458719	0.865741	0.014240	0.500290	0.497461	0.085362	-0.863276	-0.054999	0.996248	0.066818
3951	-64.709966	7.855372	-37.333678	0.865741	0.014240	0.500290	0.497461	0.085362	-0.863276	-0.054999	0.996248	0.066818
3952	-64.493586	7.858931	-37.208637	0.865741	0.014240	0.500290	0.497461	0.085362	-0.863276	-0.054999	0.996248	0.066818
3953	-64.277206	7.862490	-37.083597	0.865741	0.014240	0.500290	0.497461	0.085362	-0.863276	-0.054999	0.996248	0.066818
3954	-64.060826	7.866049	-36.958556	0.865741	0.014240	0.500290	0.497461	0.085362	-0.863276	-0.054999	0.996248	0.066818
3955	-63.844446	7.869608	-36.833515	0.865741	0.014240	0.500290	0.497461	0.085362	-0.863276	-0.054999	0.996248	0.066818
3956	-63.628065	7.873167	-36.708475	0.865741	0.014240	0.500290	0.497461	0.085362	-0.863276	-0.054999	0.996248	0.066818
3957	-63.411685	7.876726	-36.583434	0.865741	0.014240	0.500290	0.497461	0.085362	-0.863276	-0.054999	0.996248	0.066818
3958	-63.195305	7.880285	-36.458393	0.865741	0.014240	0.500290	0.497461	0.085362	-0.863276	-0.054999	0.996248	0.066818
3959	-62.978925	7.883844	-36.333353	0.865741	0.014240	0.500290	0.497461	0.085362	-0.863276	-0.054999	0.996248	0.066818
3960	-62.762544	7.887403	-36.208312	0.865741	0.014240	0.500290	0.497461	0.085362	-0.863276	-0.054999	0.996248	0.066818
3961	-62.546164	7.890962	-36.083271	0.865741	0.014240	0.500290	0.497461	0.085362	-0.863276	-0.054999	0.996248	0.066818
3962	-62.329784	7.894521	-35.958231	0.865741	0.014240	0.500290	0.497461	0.085362	-0.863276	-0.054999	0.996248	0.066818
3963	-62.113404	7.898080	-35.833190	0.865741	0.014240	0.500290	0.497461	0.085362	-0.863276	-0.054999	0.996248	0.066818
3964	-61.897024	7.901639	-35.708149	0.865741	0.014240	0.500290	0.497461	0.085362	-0.863276	-0.054999	0.996248	0.066818
3965	-61.680643	7.905198	-35.583109	0.865741	0.014240	0.500290	0.497461	0.085362	-0.863276	-0.054999	0.996248	0.066818
3966	-61.464263	7.908757	-35.458068	0.865741	0.014240	0.500290	0.497461	0.085362	-0.863276	-0.054999	0.996248	0.066818
3967	-61.247883	7.912316	-35.333027	0.865741	0.014240	0.500290	0.497461	0.085362	-0.863276	-0.054999	0.996248	0.066818
3968	-61.031503	7.915875	-35.207987	0.865741	0.014240	0.500290	0.497461	0.085362	-0.863276	-0.054999	0.996248	0.066818
3969	-60.815122	7.919434	-35.082946	0.865741	0.014240	0.500290	0.497461	0.085362	-0.863276	-0.054999	0.996248	0.066818
3970	-60.598742	7.922993	-34.957905	0.865741	0.014240	0.500290	0.497461	0.085362	-0.863276	-0.054999	0.996248	0.066818
3971	-60.382362	7.926552	-34.832864	0.865741	0.014240	0.500290	0.497461	0.085362	-0.863276	-0.054999	0.996248	0.066818
3972	-60.165982	7.930111	-34.707824	0.865741	0.014240	0.500290	0.497461	0.085362	-0.863276	-0.054999	0.996248	0.066818
3973	-59.949602	7.933670	-34.582783	0.865741	0.014240	0.500290	0.497461	0.085362	-0.863276	-0.054999	0.996248	0.066818
3974	-59.733221	7.937229	-34.457742	0.865741	0.014240	0.500290	0.497461	0.085362	-0.863276	-0.054999	0.996248	0.066818
3975	-59.516841	7.940789	-34.332702	0.865741	0.014240	0.500290	0.497461	0.085362	-0.863276	-0.054999	0.996248	0.066818
3976	-59.300461	7.944348	-34.207661	0.865741	0.014240	0.500290	0.497461	0.085362	-0.863276	-0.054999	0.996248	0.066818
3977	-59.084081	7.947907	-34.082620	0.865741	0.014240	0.500290	0.497461	0.085362	-0.863276	-0.054999	0.996248	0.066818
3978	-58.867700	7.951466	-33.957580	0.865741	0.014240	0.500290	0.497461	0.085362	-0.863276	-0.054999	0.996248	0.066818
3979	-58.651320	7.955025	-33.832539	0.865741	0.014240	0.500290	0.497461	0.085362	-0.863276	-0.054999	0.996248	0.066818
3980	-58.434940	7.958584	-33.707498	0.865741	0.014240	0.500290	0.497461	0.085362	-0.863276	-0.054999	0.996248	0.066818
3981	-58.218560	7.962143	-33.582458	0.865741	0.014240	0.500290	0.497461	0.085362	-0.863276	-0.054999	0.996248	0.066818
3982	-58.002180	7.965702	-33.457417	0.865741	0.014240	0.500290	0.497461	0.085362	-0.863276	-0.054999	0.996248	0.066818
3983	-57.785799	7.969261	-33.332376	0.865741	0.014240	0.500290	0.497461	0.085362	-0.863276	-0.054999	0.996248	0.066818
3984	-57.569419	7.972820	-33.207336	0.865741	0.014240	0.500290	0.497461	0.085362	-0.863276	-0.054999	0.996248	0.066818
3985	-57.353039	7.976379	-33.082295	0.865741	0.014240	0.500290	0.497461	0.085362	-0.863276	-0.054999	0.996248	0.066818
3986	-57.136659	7.979938	-32.957254	0.865741	0.014240	0.500290	0.497461	0.085362	-0.863276	-0.054999	0.996248	0.066818
3987	-56.920278	7.983497	-32.832214	0.865741	0.014240	0.500290	0.497461	0.085362	-0.863276	-0.054999	0.996248	0.066818
3988	-56.703898	7.987056	-32.707173	0.865741	0.014240	0.500290	0.497461	0.085362	-0.863276	-0.054999	0.996248	0.066818
3989	-56.487518	7.990615	-32.582132	0.865741	0.014240	0.500290	0.497461	0.085362	-0.863276	-0.054999	0.996248	0.066818
3990	-56.271138	7.994174	-32.457092	0.865741	0.014240	0.500290	0.497461	0.085362	-0.863276	-0.054999	0.996248	0.066818
3991	-56.054758	7.997733	-32.332051	0.865741	0.014240	0.500290	0.497461	0.085362	-0.863276	-0.054999	0.996248	0.066818
3992	-55.838377	8.001292	-32.207010	0.865741	0.014240	0.500290	0.497461	0.085362	-0.863276	-0.054999	0.996248	0.066818
3993	-55.621997	8.004851	-32.081970	0.865741	0.014240	0.500290	0.497461	0.085362	-0.863276	-0.054999	0.996248	0.066818
3994	-55.405617	8.008410	-31.956929	0.865741	0.014240	0.500290	0.497461	0.085362	-0.863276	-0.054999	0.996248	0.066818
3995	-55.189237	8.011969	-31.831888	0.865741	0.014240	0.500290	0.497461	0.085362	-0.863276	-0.054999	0.996248	0.066818
3996	-54.972856	8.015528	-31.706848	0.865741	0.014240	0.500290	0.497461	0.085362	-0.863276	-0.054999	0.996248	0.066818
3997	-54.756476	8.019087	-31.581807	0.865741	0.014240	0.500290	0.497461	0.085362	-0.863276	-0.054999	0.996248	0.066818
3998	-54.540096	8.022646	-31.456766	0.865741	0.014240	0.500290	0.497461	0.085362	-0.863276	-0.054999	0.996248	0.066818
3999	-54.323716	8.026205	-31.331726	0.865741	0.014240	0.500290	0.497461	0.085362	-0.863276	-0.054999	0.996248	0.066818
4000	-54.107335	8.029764	-31.206685	0.865741	0.014240	0.500290	0.497461	0.085362	-0.863276	-0.054999	0.996248	0.066818
4001	-53.890955	8.033323	-31.081644	0.865741	0.014240	0.500290	0.497461	0.085362	-0.863276	-0.054999	0.996248	0.066818
4002	-53.674575	8.036882	-30.956604	0.865741	0.014240	0.500290	0.497461	0.085362	-0.863276	-0.054999	0.996248	0.066818
4003	-53.458195	8.040442	-30.831563	0.865741	0.014240	0.500290	0.497461	0.085362	-0.863276	-0.054999	0.996248	0.066818
4004	-53.241815	8.044001	-30.706522	0.865741	0.014240	0.500290	0.497461	0.085362	-0.863276	-0.054999	0.996248	0.066818
4005	-53.025434	8.047560	-30.581482	0.865741	0.014240	0.500290	0.497461	0.085362	-0.863276	-0.054999	0.996248	0.066818
4006	-52.809054	8.051119	-30.456441	0.865741	0.014240	0.500290	0.497461	0.085362	-0.863276	-0.054999	0.996248	0.066818
4007	-52.592674	8.054678	-30.331400	0.865741	0.014240	0.500290	0.497461	0.085362	-0.863276	-0.054999	0.996248	0.066818
4008	-52.376294	8.058237	-30.206360	0.865741	0.014240	0.500290	0.497461	0.085362	-0.863276	-0.054999	0.996248	0.066818
4009	-52.159913	8.061796	-30.081319	0.865741	0.014240	0.500290	0.497461	0.085362	-0.863276	-0.054999	0.996248	0.066818
4010	-51.943533	8.065355	-29.956278	0.865741	0.014240	0.500290	0.497461	0.085362	-0.863276	-0.054999	0.996248	0.066818
4011	-51.727153	8.068914	-29.831238	0.865741	0.014240	0.500290	0.497461	0.085362	-0.863276	-0.054999	0.996248	0.066818
4012	-51.510773	8.072473	-29.706197	0.865741	0.014240	0.500290	0.497461	0.085362	-0.863276	-0.054999	0.996248	0.066818
4013	-51.294393	8.076032	-29.581156	0.865741	0.014240	0.500290	0.497461	0.085362	-0.863276	-0.054999	0.996248	0.066818
4014	-51.078012	8.079591	-29.456116	0.865741	0.014240	0.500290	0.497461	0.085362	-0.863276	-0.054999	0.996248	0.066818
4015	-50.861632	8.083150	-29.331075	0.865741	0.014240	0.500290	0.497461	0.085362	-0.863276	-0.054999	0.996248	0.066818
4016	-50.645252	8.086709	-29.206034	0.865741	0.014240	0.500290	0.497461	0.085362	-0.863276	-0.054999	0.996248	0.066818
4017	-50.428872	8.090268	-29.080993	0.865741	0.014240	0.500290	0.497461	0.085362	-0.863276	-0.054999	0.996248	0.066818
4018	-50.212491	8.093827	-28.955953	0.865741	0.014240	0.500290	0.497461	0.085362	-0.863276	-0.054999	0.996248	0.066818
4019	-49.996111	8.097386	-28.830912	0.865741	0.014240	0.500290	0.497461	0.085362	-0.863276	-0.054999	0.996248	0.066818
4020	-49.779731	8.100945	-28.705871	0.865741	0.014240	0.500290	0.497461	0.085362	-0.863276	-0.054999	0.996248	0.066818
4021	-49.563351	8.104504	-28.580831	0.865741	0.014240	0.500290	0.497461	0.085362	-0.863276	-0.054999	0.996248	0.066818
4022	-49.346971	8.108063	-28.455790	0.865741	0.014240	0.500290	0.497461	0.085362	-0.863276	-0.054999	0.996248	0.066818
4023	-49.130590	8.111622	-28.330749	0.865741	0.014240	0.500290	0.497461	0.085362	-0.863276	-0.054999	0.996248	0.066818
4024	-48.914210	8.115181	-28.205709	0.865741	0.014240	0.500290	0.497461	0.085362	-0.863276	-0.054999	0.996248	0.066818
4025	-48.697830	8.118740	-28.080668	0.865741	0.014240	0.500290	0.497461	0.085362	-0.863276	-0.054999	0.996248	0.066818
4026	-48.481450	8.122299	-27.955627	0.865741	0.014240	0.500290	0.497461	0.085362	-0.863276	-0.054999	0.996248	0.066818
4027	-48.265069	8.125858	-27.830587	0.865741	0.014240	0.500290	0.497461	0.085362	-0.863276	-0.054999	0.996248	0.066818
4028	-48.048689	8.129417	-27.705546	0.865741	0.014240	0.500290	0.497461	0.085362	-0.863276	-0.054999	0.996248	0.066818
4029	-47.832309	8.132976	-27.580505	0.865741	0.014240	0.500290	0.497461	0.085362	-0.863276	-0.054999	0.996248	0.066818
4030	-47.615929	8.136535	-27.455465	0.865741	0.014240	0.500290	0.497461	0.085362	-0.863276	-0.054999	0.996248	0.066818
4031	-47.399549	8.140094	-27.330424	0.865741	0.014240	0.500290	0.497461	0.085362	-0.863276	-0.054999	0.996248	0.066818
4032	-47.183168	8.143654	-27.205383	0.865741	0.014240	0.500290	0.497461	0.085362	-0.863276	-0.054999	0.996248	0.066818
4033	-46.966788	8.147213	-27.080343	0.865741	0.014240	0.500290	0.497461	0.085362	-0.863276	-0.054999	0.996248	0.066818
4034	-46.750408	8.150772	-26.955302	0.865741	0.014240	0.500290	0.497461	0.085362	-0.863276	-0.054999	0.996248	0.066818
4035	-46.534028	8.154331	-26.830261	0.865741	0.014240	0.500290	0.497461	0.085362	-0.863276	-0.054999	0.996248	0.066818
4036	-46.317647	8.157890	-26.705221	0.865741	0.014240	0.500290	0.497461	0.085362	-0.863276	-0.054999	0.996248	0.066818
4037	-46.101267	8.161449	-26.580180	0.865741	0.014240	0.500290	0.497461	0.085362	-0.863276	-0.054999	0.996248	0.066818
4038	-45.884887	8.165008	-26.455139	0.865741	0.014240	0.500290	0.497461	0.085362	-0.863276	-0.054999	0.996248	0.066818
4039	-45.668507	8.168567	-26.330099	0.865741	0.014240	0.500290	0.497461	0.085362	-0.863276	-0.054999	0.996248	0.066818
4040	-45.452127	8.172126	-26.205058	0.865741	0.014240	0.500290	0.497461	0.085362	-0.863276	-0.054999	0.996248	0.066818
4041	-45.235746	8.175685	-26.080017	0.865741	0.014240	0.500290	0.497461	0.085362	-0.863276	-0.054999	0.996248	0.066818
4042	-45.019366	8.179244	-25.954977	0.865741	0.014240	0.500290	0.497461	0.085362	-0.863276	-0.054999	0.996248	0.066818
4043	-44.802986	8.182803	-25.829936	0.865741	0.014240	0.500290	0.497461	0.085362	-0.863276	-0.054999	0.996248	0.066818
4044	-44.586606	8.186362	-25.704895	0.865741	0.014240	0.500290	0.497461	0.085362	-0.863276	-0.054999	0.996248	0.066818
4045	-44.370225	8.189921	-25.579855	0.865741	0.014240	0.500290	0.497461	0.085362	-0.863276	-0.054999	0.996248	0.066818
4046	-44.153845	8.193480	-25.454814	0.865741	0.014240	0.500290	0.497461	0.085362	-0.863276	-0.054999	0.996248	0.066818
4047	-43.937465	8.197039	-25.329773	0.865741	0.014240	0.500290	0.497461	0.085362	-0.863276	-0.054999	0.996248	0.066818
4048	-43.721085	8.200598	-25.204733	0.865741	0.014240	0.500290	0.497461	0.085362	-0.863276	-0.054999	0.996248	0.066818
4049	-43.504705	8.204157	-25.079692	0.865741	0.014240	0.500290	0.497461	0.085362	-0.863276	-0.054999	0.996248	0.066818
4050	-43.288324	8.207716	-24.954651	0.865741	0.014240	0.500290	0.497461	0.085362	-0.863276	-0.054999	0.996248	0.066818
4051	-43.071944	8.211275	-24.829611	0.865741	0.014240	0.500290	0.497461	0.085362	-0.863276	-0.054999	0.996248	0.066818
4052	-42.855564	8.214834	-24.704570	0.865741	0.014240	0.500290	0.497461	0.085362	-0.863276	-0.054999	0.996248	0.066818
4053	-42.639184	8.218393	-24.579529	0.865741	0.014240	0.500290	0.497461	0.085362	-0.863276	-0.054999	0.996248	0.066818
4054	-42.422803	8.221952	-24.454489	0.865741	0.014240	0.500290	0.497461	0.085362	-0.863276	-0.054999	0.996248	0.066818
4055	-42.206423	8.225511	-24.329448	0.865741	0.014240	0.500290	0.497461	0.085362	-0.863276	-0.054999	0.996248	0.066818
4056	-41.990043	8.229070	-24.204407	0.865741	0.014240	0.500290	0.497461	0.085362	-0.863276	-0.054999	0.996248	0.066818
4057	-41.773663	8.232629	-24.079367	0.865741	0.014240	0.500290	0.497461	0.085362	-0.863276	-0.054999	0.996248	0.066818
4058	-41.557283	8.236188	-23.954326	0.865741	0.014240	0.500290	0.497461	0.085362	-0.863276	-0.054999	0.996248	0.066818
4059	-41.340902	8.239747	-23.829285	0.865741	0.014240	0.500290	0.497461	0.085362	-0.863276	-0.054999	0.996248	0.066818
4060	-41.124522	8.243306	-23.704245	0.865741	0.014240	0.500290	0.497461	0.085362	-0.863276	-0.054999	0.996248	0.066818
4061	-40.908142	8.246866	-23.579204	0.865741	0.014240	0.500290	0.497461	0.085362	-0.863276	-0.054999	0.996248	0.066818
4062	-40.691762	8.250425	-23.454163	0.865741	0.014240	0.500290	0.497461	0.085362	-0.863276	-0.054999	0.996248	0.066818
4063	-40.475381	8.253984	-23.329122	0.865741	0.014240	0.500290	0.497461	0.085362	-0.863276	-0.054999	0.996248	0.066818
4064	-40.259001	8.257543	-23.204082	0.865741	0.014240	0.500290	0.497461	0.085362	-0.863276	-0.054999	0.996248	0.066818
4065	-40.042621	8.261102	-23.079041	0.865741	0.014240	0.500290	0.497461	0.085362	-0.863276	-0.054999	0.996248	0.066818
4066	-39.826241	8.264661	-22.954000	0.865741	0.014240	0.500290	0.497461	0.085362	-0.863276	-0.054999	0.996248	0.066818
4067	-39.609861	8.268220	-22.828960	0.865741	0.014240	0.500290	0.497461	0.085362	-0.863276	-0.054999	0.996248	0.066818
4068	-39.393480	8.271779	-22.703919	0.865741	0.014240	0.500290	0.497461	0.085362	-0.863276	-0.054999	0.996248	0.066818
4069	-39.177100	8.275338	-22.578878	0.865741	0.014240	0.500290	0.497461	0.085362	-0.863276	-0.054999	0.996248	0.066818
4070	-38.960720	8.278897	-22.453838	0.865741	0.014240	0.500290	0.497461	0.085362	-0.863276	-0.054999	0.996248	0.066818
4071	-38.744340	8.282456	-22.328797	0.865741	0.014240	0.500290	0.497461	0.085362	-0.863276	-0.054999	0.996248	0.066818
4072	-38.527959	8.286015	-22.203756	0.865741	0.014240	0.500290	0.497461	0.085362	-0.863276	-0.054999	0.996248	0.066818
4073	-38.311579	8.289574	-22.078716	0.865741	0.014240	0.500290	0.497461	0.085362	-0.863276	-0.054999	0.996248	0.066818
4074	-38.095199	8.293133	-21.953675	0.865741	0.014240	0.500290	0.497461	0.085362	-0.863276	-0.054999	0.996248	0.066818
4075	-37.878819	8.296692	-21.828634	0.865741	0.014240	0.500290	0.497461	0.085362	-0.863276	-0.054999	0.996248	0.066818
4076	-37.662439	8.300251	-21.703594	0.865741	0.014240	0.500290	0.497461	0.085362	-0.863276	-0.054999	0.996248	0.066818
4077	-37.446058	8.303810	-21.578553	0.865741	0.014240	0.500290	0.497461	0.085362	-0.863276	-0.054999	0.996248	0.066818
4078	-37.229678	8.307369	-21.453512	0.865741	0.014240	0.500290	0.497461	0.085362	-0.863276	-0.054999	0.996248	0.066818
4079	-37.013298	8.310928	-21.328472	0.865741	0.014240	0.500290	0.497461	0.085362	-0.863276	-0.054999	0.996248	0.066818
4080	-36.796918	8.314487	-21.203431	0.865741	0.014240	0.500290	0.497461	0.085362	-0.863276	-0.054999	0.996248	0.066818
4081	-36.580537	8.318046	-21.078390	0.865741	0.014240	0.500290	0.497461	0.085362	-0.863276	-0.054999	0.996248	0.066818
4082	-36.364157	8.321605	-20.953350	0.865741	0.014240	0.500290	0.497461	0.085362	-0.863276	-0.054999	0.996248	0.066818
4083	-36.147777	8.325164	-20.828309	0.865741	0.014240	0.500290	0.497461	0.085362	-0.863276	-0.054999	0.996248	0.066818
4084	-35.931397	8.328723	-20.703268	0.865741	0.014240	0.500290	0.497461	0.085362	-0.863276	-0.054999	0.996248	0.066818
4085	-35.715017	8.332282	-20.578228	0.865741	0.014240	0.500290	0.497461	0.085362	-0.863276	-0.054999	0.996248	0.066818
4086	-35.498636	8.335841	-20.453187	0.865741	0.014240	0.500290	0.497461	0.085362	-0.863276	-0.054999	0.996248	0.066818
4087	-35.282256	8.339400	-20.328146	0.865741	0.014240	0.500290	0.497461	0.085362	-0.863276	-0.054999	0.996248	0.066818
4088	-35.065876	8.342959	-20.203106	0.865741	0.014240	0.500290	0.497461	0.085362	-0.863276	-0.054999	0.996248	0.066818
4089	-34.849496	8.346518	-20.078065	0.865741	0.014240	0.500290	0.497461	0.085362	-0.863276	-0.054999	0.996248	0.066818
4090	-34.633115	8.350078	-19.953024	0.865741	0.014240	0.500290	0.497461	0.085362	-0.863276	-0.054999	0.996248	0.066818
4091	-34.416735	8.353637	-19.827984	0.865741	0.014240	0.500290	0.497461	0.085362	-0.863276	-0.054999	0.996248	0.066818
4092	-34.200355	8.357196	-19.702943	0.865741	0.014240	0.500290	0.497461	0.085362	-0.863276	-0.054999	0.996248	0.066818
4093	-33.983975	8.360755	-19.577902	0.865741	0.014240	0.500290	0.497461	0.085362	-0.863276	-0.054999	0.996248	0.066818
4094	-33.767595	8.364314	-19.452862	0.865741	0.014240	0.500290	0.497461	0.085362	-0.863276	-0.054999	0.996248	0.066818
4095	-33.551214	8.367873	-19.327821	0.865741	0.014240	0.500290	0.497461	0.085362	-0.863276	-0.054999	0.996248	0.066818
4096	-33.334834	8.371432	-19.202780	0.865741	0.014240	0.500290	0.497461	0.085362	-0.863276	-0.054999	0.996248	0.066818
4097	-33.118454	8.374991	-19.077740	0.865741	0.014240	0.500290	0.497461	0.085362	-0.863276	-0.054999	0.996248	0.066818
4098	-32.902074	8.378550	-18.952699	0.865741	0.014240	0.500290	0.497461	0.085362	-0.863276	-0.054999	0.996248	0.066818
4099	-32.685693	8.382109	-18.827658	0.865741	0.014240	0.500290	0.497461	0.085362	-0.863276	-0.054999	0.996248	0.066818
4100	-32.469313	8.385668	-18.702618	0.865741	0.014240	0.500290	0.497461	0.085362	-0.863276	-0.054999	0.996248	0.066818
4101	-32.252933	8.389227	-18.577577	0.865741	0.014240	0.500290	0.497461	0.085362	-0.863276	-0.054999	0.996248	0.066818
4102	-32.036553	8.392786	-18.452536	0.865741	0.014240	0.500290	0.497461	0.085362	-0.863276	-0.054999	0.996248	0.066818
4103	-31.820173	8.396345	-18.327496	0.865741	0.014240	0.500290	0.497461	0.085362	-0.863276	-0.054999	0.996248	0.066818
4104	-31.603792	8.399904	-18.202455	0.865741	0.014240	0.500290	0.497461	0.085362	-0.863276	-0.054999	0.996248	0.066818
4105	-31.387412	8.403463	-18.077414	0.865741	0.014240	0.500290	0.497461	0.085362	-0.863276	-0.054999	0.996248	0.066818
4106	-31.171032	8.407022	-17.952374	0.865741	0.014240	0.500290	0.497461	0.085362	-0.863276	-0.054999	0.996248	0.066818
4107	-30.954652	8.410581	-17.827333	0.865741	0.014240	0.500290	0.497461	0.085362	-0.863276	-0.054999	0.996248	0.066818
4108	-30.738271	8.414140	-17.702292	0.865741	0.014240	0.500290	0.497461	0.085362	-0.863276	-0.054999	0.996248	0.066818
4109	-30.521891	8.417699	-17.577251	0.865741	0.014240	0.500290	0.497461	0.085362	-0.863276	-0.054999	0.996248	0.066818
4110	-30.305511	8.421258	-17.452211	0.865741	0.014240	0.500290	0.497461	0.085362	-0.863276	-0.054999	0.996248	0.066818
4111	-30.089131	8.424817	-17.327170	0.865741	0.014240	0.500290	0.497461	0.085362	-0.863276	-0.054999	0.996248	0.066818
4112	-29.872751	8.428376	-17.202129	0.865741	0.014240	0.500290	0.497461	0.085362	-0.863276	-0.054999	0.996248	0.066818
4113	-29.656370	8.431935	-17.077089	0.865741	0.014240	0.500290	0.497461	0.085362	-0.863276	-0.054999	0.996248	0.066818
4114	-29.439990	8.435494	-16.952048	0.865741	0.014240	0.500290	0.497461	0.085362	-0.863276	-0.054999	0.996248	0.066818
4115	-29.223610	8.439053	-16.827007	0.865741	0.014240	0.500290	0.497461	0.085362	-0.863276	-0.054999	0.996248	0.066818
4116	-29.007230	8.442612	-16.701967	0.865741	0.014240	0.500290	0.497461	0.085362	-0.863276	-0.054999	0.996248	0.066818
4117	-28.790849	8.446171	-16.576926	0.865741	0.014240	0.500290	0.497461	0.085362	-0.863276	-0.054999	0.996248	0.066818
4118	-28.574469	8.449731	-16.451885	0.865741	0.014240	0.500290	0.497461	0.085362	-0.863276	-0.054999	0.996248	0.066818
4119	-28.358089	8.453290	-16.326845	0.865741	0.014240	0.500290	0.497461	0.085362	-0.863276	-0.054999	0.996248	0.066818
4120	-28.141709	8.456849	-16.201804	0.865741	0.014240	0.500290	0.497461	0.085362	-0.863276	-0.054999	0.996248	0.066818
4121	-27.925329	8.460408	-16.076763	0.865741	0.014240	0.500290	0.497461	0.085362	-0.863276	-0.054999	0.996248	0.066818
4122	-27.708948	8.463967	-15.951723	0.865741	0.014240	0.500290	0.497461	0.085362	-0.863276	-0.054999	0.996248	0.066818
4123	-27.492568	8.467526	-15.826682	0.865741	0.014240	0.500290	0.497461	0.085362	-0.863276	-0.054999	0.996248	0.066818
4124	-27.276188	8.471085	-15.701641	0.865741	0.014240	0.500290	0.497461	0.085362	-0.863276	-0.054999	0.996248	0.066818
4125	-27.059808	8.474644	-15.576601	0.865741	0.014240	0.500290	0.497461	0.085362	-0.863276	-0.054999	0.996248	0.066818
4126	-26.843427	8.478203	-15.451560	0.865741	0.014240	0.500290	0.497461	0.085362	-0.863276	-0.054999	0.996248	0.066818
4127	-26.627047	8.481762	-15.326519	0.865741	0.014240	0.500290	0.497461	0.085362	-0.863276	-0.054999	0.996248	0.066818
4128	-26.410667	8.485321	-15.201479	0.865741	0.014240	0.500290	0.497461	0.085362	-0.863276	-0.054999	0.996248	0.066818
4129	-26.194287	8.488880	-15.076438	0.865741	0.014240	0.500290	0.497461	0.085362	-0.863276	-0.054999	0.996248	0.066818
4130	-25.977906	8.492439	-14.951397	0.865741	0.014240	0.500290	0.497461	0.085362	-0.863276	-0.054999	0.996248	0.066818
4131	-25.761526	8.495998	-14.826357	0.865741	0.014240	0.500290	0.497461	0.085362	-0.863276	-0.054999	0.996248	0.066818
4132	-25.545146	8.499557	-14.701316	0.865741	0.014240	0.500290	0.497461	0.085362	-0.863276	-0.054999	0.996248	0.066818
4133	-25.328766	8.503116	-14.576275	0.865741	0.014240	0.500290	0.497461	0.085362	-0.863276	-0.054999	0.996248	0.066818
4134	-25.112386	8.506675	-14.451235	0.865741	0.014240	0.500290	0.497461	0.085362	-0.863276	-0.054999	0.996248	0.066818
4135	-24.896005	8.510234	-14.326194	0.865741	0.014240	0.500290	0.497461	0.085362	-0.863276	-0.054999	0.996248	0.066818
4136	-24.679625	8.513793	-14.201153	0.865741	0.014240	0.500290	0.497461	0.085362	-0.863276	-0.054999	0.996248	0.066818
4137	-24.463245	8.517352	-14.076113	0.865741	0.014240	0.500290	0.497461	0.085362	-0.863276	-0.054999	0.996248	0.066818
4138	-24.246865	8.520911	-13.951072	0.865741	0.014240	0.500290	0.497461	0.085362	-0.863276	-0.054999	0.996248	0.066818
4139	-24.030484	8.524470	-13.826031	0.865741	0.014240	0.500290	0.497461	0.085362	-0.863276	-0.054999	0.996248	0.066818
4140	-23.814104	8.528029	-13.700991	0.865741	0.014240	0.500290	0.497461	0.085362	-0.863276	-0.054999	0.996248	0.066818
4141	-23.597724	8.531588	-13.575950	0.865741	0.014240	0.500290	0.497461	0.085362	-0.863276	-0.054999	0.996248	0.066818
4142	-23.381344	8.535147	-13.450909	0.865741	0.014240	0.500290	0.497461	0.085362	-0.863276	-0.054999	0.996248	0.066818
4143	-23.164964	8.538706	-13.325869	0.865741	0.014240	0.500290	0.497461	0.085362	-0.863276	-0.054999	0.996248	0.066818
4144	-22.948583	8.542265	-13.200828	0.865741	0.014240	0.500290	0.497461	0.085362	-0.863276	-0.054999	0.996248	0.066818
4145	-22.732203	8.545824	-13.075787	0.865741	0.014240	0.500290	0.497461	0.085362	-0.863276	-0.054999	0.996248	0.066818
4146	-22.515823	8.549383	-12.950747	0.865741	0.014240	0.500290	0.497461	0.085362	-0.863276	-0.054999	0.996248	0.066818
4147	-22.299443	8.552943	-12.825706	0.865741	0.014240	0.500290	0.497461	0.085362	-0.863276	-0.054999	0.996248	0.066818
4148	-22.083062	8.556502	-12.700665	0.865741	0.014240	0.500290	0.497461	0.085362	-0.863276	-0.054999	0.996248	0.066818
4149	-21.866682	8.560061	-12.575625	0.865741	0.014240	0.500290	0.497461	0.085362	-0.863276	-0.054999	0.996248	0.066818
4150	-21.650302	8.563620	-12.450584	0.865741	0.014240	0.500290	0.497461	0.085362	-0.863276	-0.054999	0.996248	0.066818
4151	-21.433922	8.567179	-12.325543	0.865741	0.014240	0.500290	0.497461	0.085362	-0.863276	-0.054999	0.996248	0.066818
4152	-21.217542	8.570738	-12.200502	0.865741	0.014240	0.500290	0.497461	0.085362	-0.863276	-0.054999	0.996248	0.066818
4153	-21.001161	8.574297	-12.075462	0.865741	0.014240	0.500290	0.497461	0.085362	-0.863276	-0.054999	0.996248	0.066818
4154	-20.784781	8.577856	-11.950421	0.865741	0.014240	0.500290	0.497461	0.085362	-0.863276	-0.054999	0.996248	0.066818
4155	-20.568401	8.581415	-11.825380	0.865741	0.014240	0.500290	0.497461	0.085362	-0.863276	-0.054999	0.996248	0.066818
4156	-20.352021	8.584974	-11.700340	0.865741	0.014240	0.500290	0.497461	0.085362	-0.863276	-0.054999	0.996248	0.066818
4157	-20.135640	8.588533	-11.575299	0.865741	0.014240	0.500290	0.497461	0.085362	-0.863276	-0.054999	0.996248	0.066818
4158	-19.919260	8.592092	-11.450258	0.865741	0.014240	0.500290	0.497461	0.085362	-0.863276	-0.054999	0.996248	0.066818
4159	-19.702880	8.595651	-11.325218	0.865741	0.014240	0.500290	0.497461	0.085362	-0.863276	-0.054999	0.996248	0.066818
4160	-19.486500	8.599210	-11.200177	0.865741	0.014240	0.500290	0.497461	0.085362	-0.863276	-0.054999	0.996248	0.066818
4161	-19.270120	8.602769	-11.075136	0.865741	0.014240	0.500290	0.497461	0.085362	-0.863276	-0.054999	0.996248	0.066818
4162	-19.053739	8.606328	-10.950096	0.865741	0.014240	0.500290	0.497461	0.085362	-0.863276	-0.054999	0.996248	0.066818
4163	-18.837359	8.609887	-10.825055	0.865741	0.014240	0.500290	0.497461	0.085362	-0.863276	-0.054999	0.996248	0.066818
4164	-18.620979	8.613446	-10.700014	0.865741	0.014240	0.500290	0.497461	0.085362	-0.863276	-0.054999	0.996248	0.066818
4165	-18.404599	8.617005	-10.574974	0.865741	0.014240	0.500290	0.497461	0.085362	-0.863276	-0.054999	0.996248	0.066818
4166	-18.188218	8.620564	-10.449933	0.865741	0.014240	0.500290	0.497461	0.085362	-0.863276	-0.054999	0.996248	0.066818
4167	-17.971838	8.624123	-10.324892	0.865741	0.014240	0.500290	0.497461	0.085362	-0.863276	-0.054999	0.996248	0.066818
4168	-17.755458	8.627682	-10.199852	0.865741	0.014240	0.500290	0.497461	0.085362	-0.863276	-0.054999	0.996248	0.066818
4169	-17.539078	8.631241	-10.074811	0.865741	0.014240	0.500290	0.497461	0.085362	-0.863276	-0.054999	0.996248	0.066818
4170	-17.322698	8.634800	-9.949770	0.865741	0.014240	0.500290	0.497461	0.085362	-0.863276	-0.054999	0.996248	0.066818
4171	-17.106328	8.638346	-9.824545	0.865541	0.014240	0.500636	0.497815	0.085217	-0.863087	-0.054953	0.996261	0.066670
4172	-16.890110	8.641865	-9.698909	0.864941	0.014240	0.501672	0.498872	0.084783	-0.862519	-0.054816	0.996298	0.066229
4173	-16.674144	8.645358	-9.572694	0.863940	0.014240	0.503393	0.500627	0.084062	-0.861572	-0.054585	0.996359	0.065496
4174	-16.458533	8.648825	-9.445733	0.862540	0.014240	0.505788	0.503071	0.083057	-0.860245	-0.054259	0.996443	0.064476
4175	-16.243380	8.652267	-9.317865	0.860741	0.014240	0.508845	0.506189	0.081771	-0.858537	-0.053834	0.996549	0.063176
4176	-16.028790	8.655688	-9.188932	0.858542	0.014240	0.512545	0.509964	0.080212	-0.856448	-0.053308	0.996676	0.061603
4177	-15.814866	8.659087	-9.058786	0.855946	0.014240	0.516868	0.514374	0.078384	-0.853976	-0.052674	0.996822	0.059768
4178	-15.601714	8.662469	-8.927283	0.852955	0.014240	0.521790	0.519395	0.076295	-0.851122	-0.051930	0.996984	0.057680
4179	-15.389437	8.665835	-8.794286	0.849570	0.014240	0.527283	0.524998	0.073956	-0.847884	-0.051069	0.997160	0.055355
4180	-15.178140	8.669187	-8.659670	0.845796	0.014240	0.533317	0.531151	0.071375	-0.844266	-0.050087	0.997348	0.052805
4181	-14.967925	8.672530	-8.523316	0.841636	0.014240	0.539858	0.537820	0.068563	-0.840267	-0.048979	0.997545	0.050046
4182	-14.758894	8.675866	-8.385116	0.837097	0.014240	0.546869	0.544968	0.065532	-0.835892	-0.047741	0.997749	0.047097
4183	-14.551146	8.679198	-8.244974	0.832186	0.014240	0.554313	0.552554	0.062296	-0.831146	-0.046367	0.997956	0.043974
4184	-14.344777	8.682528	-8.102800	0.826913	0.014240	0.562149	0.560538	0.058868	-0.826034	-0.044855	0.998164	0.040697
4185	-14.139882	8.685861	-7.958521	0.821289	0.014240	0.570335	0.568875	0.055262	-0.820565	-0.043203	0.998370	0.037286
4186	-13.936548	8.689199	-7.812070	0.815326	0.014240	0.578827	0.577519	0.051494	-0.814751	-0.041408	0.998572	0.033761
4187	-13.734861	8.692546	-7.663396	0.809041	0.014240	0.587580	0.586425	0.047581	-0.808605	-0.039472	0.998766	0.030144
4188	-13.534900	8.695902	-7.512455	0.802451	0.014240	0.596548	0.595545	0.043538	-0.802141	-0.037395	0.998950	0.026457
4189	-13.336738	8.699272	-7.359218	0.795576	0.014240	0.605686	0.604832	0.039383	-0.795379	-0.035180	0.999123	0.022720
4190	-13.140442	8.702658	-7.203666	0.788439	0.014240	0.614948	0.614236	0.035134	-0.788340	-0.032832	0.999281	0.018955
4191	-12.946069	8.706061	-7.045791	0.781065	0.014240	0.624287	0.623711	0.030810	-0.781047	-0.030356	0.999424	0.015183
4192	-12.753671	8.709482	-6.885596	0.773482	0.014240	0.633659	0.633210	0.026428	-0.773529	-0.027761	0.999549	0.011425
4193	-12.563290	8.712924	-6.723095	0.765719	0.014240	0.643018	0.642687	0.022007	-0.765813	-0.025056	0.999656	0.007700
4194	-12.374958	8.716387	-6.558312	0.757809	0.014240	0.652321	0.652097	0.017567	-0.757932	-0.022252	0.999744	0.004027
4195	-12.188700	8.719872	-6.391279	0.749781	0.014240	0.661533	0.661403	0.013125	-0.749916	-0.019361	0.999812	0.000422
4196	-12.004542	8.723378	-6.222021	0.741641	0.014240	0.670645	0.670596	0.008682	-0.741772	-0.016385	0.999861	-0.003110
4197	-11.822510	8.726906	-6.050567	0.733391	0.014240	0.679658	0.679676	0.004239	-0.733500	-0.013326	0.999890	-0.006570
4198	-11.642631	8.730456	-5.876942	0.725031	0.014240	0.688569	0.688641	-0.000204	-0.725103	-0.010185	0.999899	-0.009954
4199	-11.464930	8.734028	-5.701173	0.716563	0.014240	0.697377	0.697488	-0.004647	-0.716582	-0.006963	0.999888	-0.013262
4200	-11.289433	8.737621	-5.523288	0.707988	0.014240	0.706081	0.706215	-0.009090	-0.707939	-0.003662	0.999857	-0.016492
4201	-11.116164	8.741236	-5.343315	0.699307	0.014240	0.714679	0.714821	-0.013533	-0.699176	-0.000284	0.999807	-0.019643
4202	-10.945150	8.744873	-5.161281	0.690522	0.014240	0.723171	0.723305	-0.017976	-0.690295	0.003170	0.999737	-0.022712
4203	-10.776413	8.748531	-4.977216	0.681634	0.014240	0.731555	0.731663	-0.022418	-0.681298	0.006698	0.999647	-0.025700
4204	-10.609978	8.752211	-4.791146	0.672643	0.014240	0.739830	0.739895	-0.026860	-0.672186	0.010300	0.999538	-0.028603
4205	-10.445869	8.755913	-4.603102	0.663553	0.014240	0.747994	0.747999	-0.031301	-0.662961	0.013973	0.999409	-0.031421
4206	-10.284110	8.759636	-4.413112	0.654363	0.014240	0.756046	0.755973	-0.035742	-0.653626	0.017715	0.999260	-0.034153
4207	-10.124722	8.763382	-4.221206	0.645076	0.014240	0.763986	0.763815	-0.040182	-0.644183	0.021525	0.999091	-0.036797
4208	-9.967729	8.767149	-4.027413	0.635692	0.014240	0.771811	0.771525	-0.044621	-0.634633	0.025402	0.998903	-0.039351
4209	-9.813152	8.770937	-3.831764	0.626213	0.014240	0.779522	0.779099	-0.049059	-0.624978	0.029343	0.998694	-0.041816
4210	-9.661015	8.774748	-3.634287	0.616641	0.014240	0.787115	0.786538	-0.053496	-0.615221	0.033347	0.998467	-0.044188
4211	-9.511337	8.778580	-3.435015	0.606977	0.014240	0.794592	0.793838	-0.057932	-0.605363	0.037412	0.998219	-0.046468
4212	-9.364141	8.782433	-3.233977	0.597222	0.014240	0.801949	0.801000	-0.062367	-0.595407	0.041537	0.997952	-0.048653
4213	-9.219447	8.786309	-3.031205	0.587378	0.014240	0.809187	0.808020	-0.066801	-0.585356	0.045719	0.997665	-0.050744
4214	-9.077275	8.790206	-2.826729	0.577447	0.014240	0.816304	0.814899	-0.071234	-0.575210	0.049958	0.997358	-0.052738
4215	-8.937645	8.794124	-2.620581	0.567429	0.014240	0.823299	0.821634	-0.075665	-0.564972	0.054250	0.997032	-0.054634
4216	-8.800577	8.798065	-2.412793	0.557326	0.014240	0.830172	0.828224	-0.080095	-0.554644	0.058594	0.996686	-0.056432
4217	-8.666090	8.802027	-2.203397	0.547140	0.014240	0.836920	0.834668	-0.084523	-0.544229	0.062989	0.996320	-0.058131
4218	-8.534202	8.806010	-1.992424	0.536872	0.014240	0.843543	0.840964	-0.088949	-0.533729	0.067432	0.995934	-0.059729
4219	-8.404932	8.810016	-1.779907	0.526525	0.014240	0.850041	0.847112	-0.093374	-0.523146	0.071922	0.995529	-0.061226
4220	-8.278298	8.814043	-1.565878	0.516098	0.014240	0.856411	0.853110	-0.097796	-0.512483	0.076456	0.995105	-0.062621
4221	-8.154318	8.818091	-1.350370	0.505595	0.014240	0.862654	0.858957	-0.102217	-0.501741	0.081033	0.994660	-0.063912
4222	-8.033008	8.822161	-1.133416	0.495016	0.014240	0.868767	0.864652	-0.106636	-0.490923	0.085651	0.994196	-0.065099
4223	-7.914385	8.826253	-0.915050	0.484363	0.014240	0.874751	0.870194	-0.111053	-0.480031	0.090308	0.993712	-0.066181
4224	-7.798466	8.830366	-0.695303	0.473638	0.014240	0.880605	0.875581	-0.115467	-0.469069	0.095002	0.993209	-0.067158
4225	-7.685267	8.834501	-0.474211	0.462842	0.014240	0.886327	0.880813	-0.119879	-0.458037	0.099730	0.992686	-0.068028
4226	-7.574802	8.838657	-0.251806	0.451977	0.014240	0.891916	0.885889	-0.124289	-0.446938	0.104491	0.992144	-0.068791
4227	-7.467087	8.842835	-0.028122	0.441044	0.014240	0.897372	0.890807	-0.128697	-0.435775	0.109284	0.991582	-0.069446
4228	-7.362137	8.847035	0.196806	0.430046	0.014240	0.902695	0.895567	-0.133102	-0.424551	0.114105	0.991000	-0.069992
4229	-7.259966	8.851256	0.422945	0.418983	0.014240	0.907882	0.900169	-0.137504	-0.413267	0.118953	0.990399	-0.070430
4230	-7.160588	8.855499	0.650260	0.407858	0.014240	0.912934	0.904610	-0.141903	-0.401926	0.123825	0.989778	-0.070758
4231	-7.064016	8.859763	0.878716	0.396672	0.014240	0.917850	0.908891	-0.146300	-0.390530	0.128721	0.989138	-0.070976
4232	-6.970263	8.864048	1.108280	0.385427	0.014240	0.922629	0.913010	-0.150694	-0.379083	0.133637	0.988478	-0.071083
4233	-6.879341	8.868355	1.338916	0.374124	0.014240	0.927269	0.916968	-0.155085	-0.367586	0.138571	0.987799	-0.071078
4234	-6.791263	8.872684	1.570590	0.362765	0.014240	0.931772	0.920762	-0.159473	-0.356042	0.143522	0.987100	-0.070963
4235	-6.706040	8.877033	1.803265	0.351352	0.014240	0.936135	0.924393	-0.163857	-0.344453	0.148488	0.986381	-0.070735
4236	-6.623684	8.881405	2.036908	0.339887	0.014240	0.940359	0.927861	-0.168239	-0.332822	0.153465	0.985643	-0.070395
4237	-6.544205	8.885797	2.271483	0.328371	0.014240	0.944442	0.931163	-0.172617	-0.321151	0.158453	0.984886	-0.069942
4238	-6.467614	8.890212	2.506954	0.316806	0.014240	0.948384	0.934301	-0.176992	-0.309444	0.163450	0.984109	-0.069376
4239	-6.393920	8.894647	2.743286	0.305193	0.014240	0.952184	0.937273	-0.181363	-0.297702	0.168452	0.983313	-0.068697
4240	-6.323134	8.899104	2.980443	0.293535	0.014240	0.955842	0.940080	-0.185730	-0.285928	0.173457	0.982498	-0.067905
4241	-6.255264	8.903582	3.218390	0.281833	0.014240	0.959358	0.942720	-0.190094	-0.274124	0.178465	0.981663	-0.066999
4242	-6.190319	8.908082	3.457091	0.270089	0.014240	0.962730	0.945193	-0.194455	-0.262293	0.183472	0.980808	-0.065979
4243	-6.128303	8.912602	3.696510	0.258311	0.014240	0.965957	0.947498	-0.198809	-0.250445	0.188474	0.979935	-0.064847
4244	-6.069204	8.917139	3.936617	0.246546	0.014240	0.969027	0.949627	-0.203140	-0.238625	0.193450	0.979046	-0.063606
4245	-6.012991	8.921689	4.177380	0.234845	0.014240	0.971929	0.951575	-0.207430	-0.226888	0.198377	0.978146	-0.062264
4246	-5.959624	8.926246	4.418769	0.223262	0.014240	0.974654	0.953337	-0.211661	-0.215286	0.203231	0.977239	-0.060831
4247	-5.909048	8.930806	4.660751	0.211850	0.014240	0.977199	0.954913	-0.215815	-0.203874	0.207991	0.976330	-0.059318
4248	-5.861197	8.935362	4.903294	0.200660	0.014240	0.979557	0.956306	-0.219873	-0.192701	0.212635	0.975424	-0.057737
4249	-5.815993	8.939909	5.146368	0.189745	0.014240	0.981730	0.957521	-0.223820	-0.181819	0.217141	0.974527	-0.056104
4250	-5.773346	8.944442	5.389944	0.179154	0.014240	0.983718	0.958564	-0.227637	-0.171278	0.221492	0.973642	-0.054432
4251	-5.733153	8.948954	5.633994	0.168936	0.014240	0.985524	0.959445	-0.231309	-0.161124	0.225667	0.972776	-0.052739
4252	-5.695302	8.953440	5.878491	0.159139	0.014240	0.987153	0.960175	-0.234821	-0.151403	0.229649	0.971934	-0.051042
4253	-5.659671	8.957893	6.123410	0.149808	0.014240	0.988613	0.960766	-0.238159	-0.142158	0.233422	0.971122	-0.049359
4254	-5.626127	8.962308	6.368730	0.140985	0.014240	0.989909	0.961232	-0.241307	-0.133429	0.236972	0.970344	-0.047708
4255	-5.594527	8.966679	6.614429	0.132711	0.014240	0.991053	0.961588	-0.244253	-0.125256	0.240284	0.969607	-0.046108
4256	-5.564720	8.971000	6.860489	0.125024	0.014240	0.992052	0.961848	-0.246986	-0.117672	0.243347	0.968915	-0.044576
4257	-5.536548	8.975267	7.106893	0.117960	0.014240	0.992916	0.962027	-0.249493	-0.110712	0.246149	0.968272	-0.043129
4258	-5.509845	8.979473	7.353625	0.111550	0.014240	0.993657	0.962141	-0.251764	-0.104404	0.248680	0.967684	-0.041785
4259	-5.484438	8.983615	7.600673	0.105824	0.014240	0.994283	0.962203	-0.253790	-0.098775	0.250933	0.967154	-0.040559
4260	-5.460147	8.987689	7.848023	0.100809	0.014240	0.994804	0.962226	-0.255564	-0.093849	0.252899	0.966687	-0.039465
4261	-5.436788	8.991690	8.095662	0.096526	0.014240	0.995229	0.962224	-0.257076	-0.089646	0.254573	0.966286	-0.038516
4262	-5.414172	8.995615	8.343580	0.092995	0.014240	0.995565	0.962207	-0.258323	-0.086184	0.255950	0.965954	-0.037724
4263	-5.392107	8.999462	8.591765	0.090232	0.014240	0.995819	0.962183	-0.259297	-0.083476	0.257024	0.965693	-0.037098
4264	-5.370398	9.003229	8.840204	0.088249	0.014240	0.995997	0.962161	-0.259996	-0.081534	0.257794	0.965505	-0.036645
4265	-5.348846	9.006913	9.088884	0.087056	0.014240	0.996102	0.962146	-0.260417	-0.080366	0.258257	0.965391	-0.036372
4266	-5.327253	9.010514	9.337791	0.086658	0.014240	0.996136	0.962140	-0.260557	-0.079976	0.258411	0.965353	-0.036280
4267	-5.305589	9.014074	9.586825	0.086658	0.014240	0.996136	0.962140	-0.260557	-0.079976	0.258411	0.965353	-0.036280
4268	-5.283924	9.017634	9.835859	0.086658	0.014240	0.996136	0.962140	-0.260557	-0.079976	0.258411	0.965353	-0.036280
4269	-5.262260	9.021194	10.084893	0.086658	0.014240	0.996136	0.962140	-0.260557	-0.079976	0.258411	0.965353	-0.036280
4270	-5.240595	9.024754	10.333927	0.086658	0.014240	0.996136	0.962140	-0.260557	-0.079976	0.258411	0.965353	-0.036280
4271	-5.218931	9.028314	10.582961	0.086658	0.014240	0.996136	0.962140	-0.260557	-0.079976	0.258411	0.965353	-0.036280
4272	-5.197266	9.031874	10.831995	0.086658	0.014240	0.996136	0.962140	-0.260557	-0.079976	0.258411	0.965353	-0.036280
4273	-5.175602	9.035434	11.081029	0.086658	0.014240	0.996136	0.962140	-0.260557	-0.079976	0.258411	0.965353	-0.036280
4274	-5.153937	9.038994	11.330063	0.086658	0.014240	0.996136	0.962140	-0.260557	-0.079976	0.258411	0.965353	-0.036280
4275	-5.132272	9.042554	11.579097	0.086658	0.014240	0.996136	0.962140	-0.260557	-0.079976	0.258411	0.965353	-0.036280
4276	-5.110608	9.046114	11.828131	0.086658	0.014240	0.996136	0.962140	-0.260557	-0.079976	0.258411	0.965353	-0.036280
4277	-5.088943	9.049674	12.077166	0.086658	0.014240	0.996136	0.962140	-0.260557	-0.079976	0.258411	0.965353	-0.036280
4278	-5.067279	9.053233	12.326200	0.086658	0.014240	0.996136	0.962140	-0.260557	-0.079976	0.258411	0.965353	-0.036280
4279	-5.045614	9.056793	12.575234	0.086658	0.014240	0.996136	0.962140	-0.260557	-0.079976	0.258411	0.965353	-0.036280
4280	-5.023950	9.060353	12.824268	0.086658	0.014240	0.996136	0.962140	-0.260557	-0.079976	0.258411	0.965353	-0.036280
4281	-5.002285	9.063913	13.073302	0.086658	0.014240	0.996136	0.962140	-0.260557	-0.079976	0.258411	0.965353	-0.036280
4282	-4.980621	9.067473	13.322336	0.086658	0.014240	0.996136	0.962140	-0.260557	-0.079976	0.258411	0.965353	-0.036280
4283	-4.958956	9.071033	13.571370	0.086658	0.014240	0.996136	0.962140	-0.260557	-0.079976	0.258411	0.965353	-0.036280
4284	-4.937292	9.074593	13.820404	0.086658	0.014240	0.996136	0.962140	-0.260557	-0.079976	0.258411	0.965353	-0.036280
4285	-4.915627	9.078153	14.069438	0.086658	0.014240	0.996136	0.962140	-0.260557	-0.079976	0.258411	0.965353	-0.036280
4286	-4.893963	9.081713	14.318472	0.086658	0.014240	0.996136	0.962140	-0.260557	-0.079976	0.258411	0.965353	-0.036280
4287	-4.872298	9.085273	14.567506	0.086658	0.014240	0.996136	0.962140	-0.260557	-0.079976	0.258411	0.965353	-0.036280
4288	-4.850633	9.088833	14.816540	0.086658	0.014240	0.996136	0.962140	-0.260557	-0.079976	0.258411	0.965353	-0.036280
4289	-4.828969	9.092393	15.065575	0.086658	0.014240	0.996136	0.962140	-0.260557	-0.079976	0.258411	0.965353	-0.036280
4290	-4.807304	9.095953	15.314609	0.086658	0.014240	0.996136	0.962140	-0.260557	-0.079976	0.258411	0.965353	-0.036280
4291	-4.785640	9.099513	15.563643	0.086658	0.014240	0.996136	0.962140	-0.260557	-0.079976	0.258411	0.965353	-0.036280
4292	-4.763975	9.103073	15.812677	0.086658	0.014240	0.996136	0.962140	-0.260557	-0.079976	0.258411	0.965353	-0.036280
4293	-4.742311	9.106633	16.061711	0.086658	0.014240	0.996136	0.962140	-0.260557	-0.079976	0.258411	0.965353	-0.036280
4294	-4.720646	9.110193	16.310745	0.086658	0.014240	0.996136	0.962140	-0.260557	-0.079976	0.258411	0.965353	-0.036280
4295	-4.698982	9.113752	16.559779	0.086658	0.014240	0.996136	0.962140	-0.260557	-0.079976	0.258411	0.965353	-0.036280
4296	-4.677317	9.117312	16.808813	0.086658	0.014240	0.996136	0.962140	-0.260557	-0.079976	0.258411	0.965353	-0.036280
4297	-4.655653	9.120872	17.057847	0.086658	0.014240	0.996136	0.962140	-0.260557	-0.079976	0.258411	0.965353	-0.036280
4298	-4.633988	9.124432	17.306881	0.086658	0.014240	0.996136	0.962140	-0.260557	-0.079976	0.258411	0.965353	-0.036280
4299	-4.612324	9.127992	17.555915	0.086658	0.014240	0.996136	0.962140	-0.260557	-0.079976	0.258411	0.965353	-0.036280
4300	-4.590659	9.131552	17.804949	0.086658	0.014240	0.996136	0.962140	-0.260557	-0.079976	0.258411	0.965353	-0.036280
4301	-4.568994	9.135112	18.053984	0.086658	0.014240	0.996136	0.962140	-0.260557	-0.079976	0.258411	0.965353	-0.036280
4302	-4.547330	9.138672	18.303018	0.086658	0.014240	0.996136	0.962140	-0.260557	-0.079976	0.258411	0.965353	-0.036280
4303	-4.525665	9.142232	18.552052	0.086658	0.014240	0.996136	0.962140	-0.260557	-0.079976	0.258411	0.965353	-0.036280
4304	-4.504001	9.145792	18.801086	0.086658	0.014240	0.996136	0.962140	-0.260557	-0.079976	0.258411	0.965353	-0.036280
4305	-4.482336	9.149352	19.050120	0.086658	0.014240	0.996136	0.962140	-0.260557	-0.079976	0.258411	0.965353	-0.036280
4306	-4.460672	9.152912	19.299154	0.086658	0.014240	0.996136	0.962140	-0.260557	-0.079976	0.258411	0.965353	-0.036280
4307	-4.439007	9.156472	19.548188	0.086658	0.014240	0.996136	0.962140	-0.260557	-0.079976	0.258411	0.965353	-0.036280
4308	-4.417343	9.160032	19.797222	0.086658	0.014240	0.996136	0.962140	-0.260557	-0.079976	0.258411	0.965353	-0.036280
4309	-4.395678	9.163592	20.046256	0.086658	0.014240	0.996136	0.962140	-0.260557	-0.079976	0.258411	0.965353	-0.036280
4310	-4.374014	9.167152	20.295290	0.086658	0.014240	0.996136	0.962140	-0.260557	-0.079976	0.258411	0.965353	-0.036280
4311	-4.352349	9.170711	20.544324	0.086658	0.014240	0.996136	0.962140	-0.260557	-0.079976	0.258411	0.965353	-0.036280
4312	-4.330685	9.174271	20.793358	0.086658	0.014240	0.996136	0.962140	-0.260557	-0.079976	0.258411	0.965353	-0.036280
4313	-4.309020	9.177831	21.042393	0.086658	0.014240	0.996136	0.962140	-0.260557	-0.079976	0.258411	0.965353	-0.036280
4314	-4.287355	9.181391	21.291427	0.086658	0.014240	0.996136	0.962140	-0.260557	-0.079976	0.258411	0.965353	-0.036280
4315	-4.265691	9.184951	21.540461	0.086658	0.014240	0.996136	0.962140	-0.260557	-0.079976	0.258411	0.965353	-0.036280
4316	-4.244026	9.188511	21.789495	0.086658	0.014240	0.996136	0.962140	-0.260557	-0.079976	0.258411	0.965353	-0.036280
4317	-4.222362	9.192071	22.038529	0.086658	0.014240	0.996136	0.962140	-0.260557	-0.079976	0.258411	0.965353	-0.036280
4318	-4.200697	9.195631	22.287563	0.086658	0.014240	0.996136	0.962140	-0.260557	-0.079976	0.258411	0.965353	-0.036280
4319	-4.179033	9.199191	22.536597	0.086658	0.014240	0.996136	0.962140	-0.260557	-0.079976	0.258411	0.965353	-0.036280
4320	-4.157368	9.202751	22.785631	0.086658	0.014240	0.996136	0.962140	-0.260557	-0.079976	0.258411	0.965353	-0.036280
4321	-4.135704	9.206311	23.034665	0.086658	0.014240	0.996136	0.962140	-0.260557	-0.079976	0.258411	0.965353	-0.036280
4322	-4.114039	9.209871	23.283699	0.086658	0.014240	0.996136	0.962140	-0.260557	-0.079976	0.258411	0.965353	-0.036280
4323	-4.092375	9.213431	23.532733	0.086658	0.014240	0.996136	0.962140	-0.260557	-0.079976	0.258411	0.965353	-0.036280
4324	-4.070710	9.216991	23.781767	0.086658	0.014240	0.996136	0.962140	-0.260557	-0.079976	0.258411	0.965353	-0.036280
4325	-4.049046	9.220551	24.030802	0.086658	0.014240	0.996136	0.962140	-0.260557	-0.079976	0.258411	0.965353	-0.036280
4326	-4.027381	9.224111	24.279836	0.086658	0.014240	0.996136	0.962140	-0.260557	-0.079976	0.258411	0.965353	-0.036280
4327	-4.005717	9.227671	24.528870	0.086658	0.014240	0.996136	0.962140	-0.260557	-0.079976	0.258411	0.965353	-0.036280
4328	-3.984052	9.231230	24.777904	0.086658	0.014240	0.996136	0.962140	-0.260557	-0.079976	0.258411	0.965353	-0.036280
4329	-3.962387	9.234790	25.026938	0.086658	0.014240	0.996136	0.962140	-0.260557	-0.079976	0.258411	0.965353	-0.036280
4330	-3.940723	9.238350	25.275972	0.086658	0.014240	0.996136	0.962140	-0.260557	-0.079976	0.258411	0.965353	-0.036280
4331	-3.919058	9.241910	25.525006	0.086658	0.014240	0.996136	0.962140	-0.260557	-0.079976	0.258411	0.965353	-0.036280
4332	-3.897394	9.245470	25.774040	0.086658	0.014240	0.996136	0.962140	-0.260557	-0.079976	0.258411	0.965353	-0.036280
4333	-3.875729	9.249030	26.023074	0.086658	0.014240	0.996136	0.962140	-0.260557	-0.079976	0.258411	0.965353	-0.036280
4334	-3.854065	9.252590	26.272108	0.086658	0.014240	0.996136	0.962140	-0.260557	-0.079976	0.258411	0.965353	-0.036280
4335	-3.832400	9.256150	26.521142	0.086658	0.014240	0.996136	0.962140	-0.260557	-0.079976	0.258411	0.965353	-0.036280
4336	-3.810736	9.259710	26.770176	0.086658	0.014240	0.996136	0.962140	-0.260557	-0.079976	0.258411	0.965353	-0.036280
4337	-3.789071	9.263270	27.019211	0.086658	0.014240	0.996136	0.962140	-0.260557	-0.079976	0.258411	0.965353	-0.036280
4338	-3.767407	9.266830	27.268245	0.086658	0.014240	0.996136	0.962140	-0.260557	-0.079976	0.258411	0.965353	-0.036280
4339	-3.745742	9.270390	27.517279	0.086658	0.014240	0.996136	0.962140	-0.260557	-0.079976	0.258411	0.965353	-0.036280
4340	-3.724078	9.273950	27.766313	0.086658	0.014240	0.996136	0.962140	-0.260557	-0.079976	0.258411	0.965353	-0.036280
4341	-3.702413	9.277510	28.015347	0.086658	0.014240	0.996136	0.962140	-0.260557	-0.079976	0.258411	0.965353	-0.036280
4342	-3.680748	9.281070	28.264381	0.086658	0.014240	0.996136	0.962140	-0.260557	-0.079976	0.258411	0.965353	-0.036280
4343	-3.659084	9.284630	28.513415	0.086658	0.014240	0.996136	0.962140	-0.260557	-0.079976	0.258411	0.965353	-0.036280
4344	-3.637419	9.288189	28.762449	0.086658	0.014240	0.996136	0.962140	-0.260557	-0.079976	0.258411	0.965353	-0.036280
4345	-3.615755	9.291749	29.011483	0.086658	0.014240	0.996136	0.962140	-0.260557	-0.079976	0.258411	0.965353	-0.036280
4346	-3.594090	9.295309	29.260517	0.086658	0.014240	0.996136	0.962140	-0.260557	-0.079976	0.258411	0.965353	-0.036280
